COMPOUND_NAME	COMPOUND	BROAD	NAMED_GROUP	REACTION	DEFINITION	ENZYME	ORTHOLOGY	PATHWAY	STEP
Glycerol	C00116	BREAKDOWN	Glycerol breakdown to sn-Glycerol 3-phosphate	R00847	ATP + Glycerol <=> ADP + sn-Glycerol 3-phosphate	2.7.1.30	K00864	1	1
Glycerol	C00116	BREAKDOWN	Glycerol breakdown Glycerone phosphate	R01011	ATP + Glycerone <=> ADP + Glycerone phosphate	2.7.1.29	K00863	1	2
Glycerol	C00116	BREAKDOWN	Glycerol breakdown Glycerone phosphate	R01012	Phosphoenolpyruvate + Glycerone <=> Pyruvate + Glycerone phosphate	2.7.1.121	K05878;K05879;K05881	1	2
Glycerol	C00116	BREAKDOWN	Glycerol breakdown Glycerone phosphate	R01034	Glycerol + NAD+ <=> Glycerone + NADH + H+	1.1.1.6	K00005;K22251	1	1
Glycerol	C00116	BREAKDOWN	Glycerol breakdown to 2-Phospho-D-glycerate	R01036	Glycerol + NAD+ <=> D-Glyceraldehyde + NADH + H+	1.1.1.72		1	1
Glycerol	C00116	BREAKDOWN	Glycerol breakdown to 2-Phospho-D-glycerate	R01036	Glycerol + NAD+ <=> D-Glyceraldehyde + NADH + H+	1.1.1.21	K00011	1	1
Glycerol	C00116	BREAKDOWN	Glycerol breakdown to 3-Phospho-D-glycerate	R01036	Glycerol + NAD+ <=> D-Glyceraldehyde + NADH + H+	1.1.1.72		1	1
Glycerol	C00116	BREAKDOWN	Glycerol breakdown to 3-Phospho-D-glycerate	R01036	Glycerol + NAD+ <=> D-Glyceraldehyde + NADH + H+	1.1.1.21	K00011	1	1
Glycerol	C00116	BREAKDOWN	Glycerol breakdown Glycerone phosphate	R01039	Glycerol + NADP+ <=> Glycerone + NADPH + H+	1.1.1.156	K18097	1	1
Glycerol	C00116	BREAKDOWN	Glycerol breakdown to 2-Phospho-D-glycerate	R01041	Glycerol + NADP+ <=> D-Glyceraldehyde + NADPH + H+	1.1.1.2	K00002;K13979	1	1
Glycerol	C00116	BREAKDOWN	Glycerol breakdown to 3-Phospho-D-glycerate	R01041	Glycerol + NADP+ <=> D-Glyceraldehyde + NADPH + H+	1.1.1.2	K00002;K13979	1	1
Glycerol	C00116	BREAKDOWN	Glycerol breakdown to Propane-1,3-diol	R01047	Glycerol <=> 3-Hydroxypropanal + H2O	4.2.1.30	K06120;K06121;K06122	1	1
Glycerol	C00116	BREAKDOWN	Glycerol incorporation into Galactoglycerol	R01104	3-beta-D-Galactosyl-sn-glycerol + H2O <=> D-Galactose + Glycerol	3.2.1.22	K01189;K07406;K07407	1	1
Glycerol	C00116	BREAKDOWN	Glycerol breakdown to Triacylglycerol	R01350	Glycerol + Fatty acid <=> Triacylglycerol	3.1.1.34	K01059	1	1
Glycerol	C00116	BREAKDOWN	Glycerol breakdown to 3-Phospho-D-glycerate	R01514	ATP + D-Glycerate <=> ADP + 3-Phospho-D-glycerate	2.7.1.31	K15918	1	3
Glycerol	C00116	BREAKDOWN	Glycerol breakdown to 2-Phospho-D-glycerate	R01752	D-Glyceraldehyde + NAD+ + H2O <=> D-Glycerate + NADH + H+	1.2.1.3	K00128;K14085;K00149	1	2
Glycerol	C00116	BREAKDOWN	Glycerol breakdown to 3-Phospho-D-glycerate	R01752	D-Glyceraldehyde + NAD+ + H2O <=> D-Glycerate + NADH + H+	1.2.1.3	K00128;K14085;K00149	1	2
Glycerol	C00116	BREAKDOWN	Glycerol breakdown to Propane-1,3-diol	R03119	Propane-1,3-diol + NAD+ <=> 3-Hydroxypropanal + NADH + H+	1.1.1.202	K00086	1	2
Glycerol	C00116	BREAKDOWN	Glycerol breakdown to 2-Phospho-D-glycerate	R08572	D-Glycerate + ATP <=> 2-Phospho-D-glycerate + ADP	2.7.1.165	K00865;K11529	1	3
Glycerol	C00116	SYNTHESIS	Synthesis from sn-Glycerol 3-phosphate	R00841	sn-Glycerol 3-phosphate + H2O <=> Glycerol + Orthophosphate	3.1.3.21	K24189;K06116;K06117	1	1
Glycerol	C00116	SYNTHESIS	Synthesis from Glycerone	R01034	Glycerol + NAD+ <=> Glycerone + NADH + H+	1.1.1.6	K00005;K22251	2	1
Glycerol	C00116	SYNTHESIS	Synthesis from D-Glycerate	R01036	Glycerol + NAD+ <=> D-Glyceraldehyde + NADH + H+	1.1.1.72		1	2
Glycerol	C00116	SYNTHESIS	Synthesis from D-Glycerate	R01036	Glycerol + NAD+ <=> D-Glyceraldehyde + NADH + H+	1.1.1.21	K00011	1	2
Glycerol	C00116	SYNTHESIS	Synthesis from Glycerone	R01039	Glycerol + NADP+ <=> Glycerone + NADPH + H+	1.1.1.156	K18097	2	1
Glycerol	C00116	SYNTHESIS	Synthesis from D-Glycerate	R01041	Glycerol + NADP+ <=> D-Glyceraldehyde + NADPH + H+	1.1.1.2	K00002;K13979	1	2
Glycerol	C00116	SYNTHESIS	Synthesis from Galactosylglycerol	R01104	3-beta-D-Galactosyl-sn-glycerol + H2O <=> D-Galactose + Glycerol	3.2.1.22	K01189;K07406;K07407	1	1
Glycerol	C00116	SYNTHESIS	Synthesis from Triacylglycerol	R01350	Glycerol + Fatty acid <=> Triacylglycerol	3.1.1.34	K01059	1	1
Glycerol	C00116	SYNTHESIS	Synthesis from 1,2-Diacyl-sn-glycerol	R01351	1-Acylglycerol + H2O <=> Glycerol + Fatty acid	3.1.1.23	K01054	1	2
Glycerol	C00116	SYNTHESIS	Synthesis from 2-Acylglycerol	R01352	2-Acylglycerol + H2O <=> Glycerol + Fatty acid	3.1.1.23	K13704	1	1
Glycerol	C00116	SYNTHESIS	Synthesis from D-Glycerate	R01752	D-Glyceraldehyde + NAD+ + H2O <=> D-Glycerate + NADH + H+	1.2.1.3	K00128;K14085;K00149	1	1
Glycerol	C00116	SYNTHESIS	Synthesis from 1,2-Diacyl-sn-glycerol	R02687	1,2-Diacyl-sn-glycerol + H2O <=> 1-Acylglycerol + Fatty acid	3.1.1.3	K01046;K12298;K16816;K13534;K14073;K14074;K14075;K14076;K22283;K14452;K22284;K14674;K14675;K17900	1	1
Glycerol	C00116	SYNTHESIS	Synthesis from Phosphatidylglycerol	R07390	2 Phosphatidylglycerol <=> Cardiolipin + Glycerol	2.7.8.-	K06131	1	1
Glycerol	C00116	SYNTHESIS	Synthesis from D-Galacturonate	R07676	L-Galactonate + NADP+ <=> D-Galacturonate + NADPH + H+	1.1.1.-	K18106	1	1
Glycerol	C00116	SYNTHESIS	Synthesis from D-Galacturonate	R07676	L-Galactonate + NADP+ <=> D-Galacturonate + NADPH + H+	1.1.1.365	K19634	1	1
Glycerol	C00116	SYNTHESIS	Synthesis from D-Galacturonate	R10532	L-Galactonate <=> 2-Dehydro-3-deoxy-L-galactonate + H2O	4.2.1.146	K18102	1	2
Glycerol	C00116	SYNTHESIS	Synthesis from D-Galacturonate	R10550	2-Dehydro-3-deoxy-L-galactonate <=> Pyruvate + L-Glyceraldehyde	4.1.2.54	K18103	1	3
Glycerol	C00116	SYNTHESIS	Synthesis from D-Galacturonate	R10563	L-Glyceraldehyde + NADPH + H+ <=> Glycerol + NADP+	1.1.1.372	K18107	1	4
Glycerol	C00116	TRANSPORT	glycerol transport system substrate-binding protein	glpV	glycerol transport system substrate-binding protein	-	K17321	1	1
Glycerol	C00116	TRANSPORT	glycerol transport system permease protein	glpP	glycerol transport system permease protein	-	K17322	1	2
Glycerol	C00116	TRANSPORT	glycerol transport system permease protein	glpQ	glycerol transport system permease protein	-	K17323	1	3
Glycerol	C00116	TRANSPORT	glycerol transport system ATP-binding protein	glpS	glycerol transport system ATP-binding protein	-	K17324	1	4
Glycerol	C00116	TRANSPORT	glycerol transport system ATP-binding protein	glpT	glycerol transport system ATP-binding protein	-	K17325	1	5
Glycine betaine	C00720	SYNTHESIS	Glycine betaine synthesis (from choline)	R07409	Choline + Oxygen + 2 Reduced ferredoxin + 2 H+ <=> Betaine aldehyde + 2 H2O + 2 Oxidized ferredoxin	[EC:1.14.15.7]	K00499	1	1
Glycine betaine	C00720	SYNTHESIS	Glycine betaine synthesis (from choline)	R01025	choline + acceptor = betaine aldehyde + reduced acceptor	[EC:1.1.99.1]	K00108	1	1
Glycine betaine	C00720	SYNTHESIS	Glycine betaine synthesis (from choline)	R08557	Choline + NAD+ <=> Betaine aldehyde + NADH + H+	[EC:1.1.1.1]	K11440	1	1
Glycine betaine	C00720	SYNTHESIS	Glycine betaine synthesis (from choline)	R08558	Choline + NADP+ <=> Betaine aldehyde + NADPH + H+	[EC:1.1.1.1]	K11440	1	1
Glycine betaine	C00720	SYNTHESIS	Glycine betaine synthesis (from choline)	R02566	Betaine aldehyde + NADP+ + H2O <=> Betaine + NADPH + 2 H+	['1.2.1.8']	K00130;K14085	1	2
Glycine betaine	C00720	SYNTHESIS	Glycine betaine synthesis (from choline)	R02565	Betaine aldehyde + NAD+ + H2O <=> Betaine + NADH + 2 H+	['1.2.1.8']	K00130;K14085	1	2
Glycine betaine	C00720	SYNTHESIS	Glycine betaine synthesis (from choline)	R01022;R08211;R08212	choline + 2 O2 + H2O = betaine + 2 H2O2	[EC:1.1.3.17]	K17755	2	1
Glycine betaine	C00720	BREAKDOWN	Glycine betaine breakdown to glycine	R02821	Betaine + L-Homocysteine <=> N,N-Dimethylglycine + L-Methionine	['2.1.1.5']	K00544	1	1
Glycine betaine	C00720	BREAKDOWN	Glycine betaine breakdown to glycine	R01564	N,N-dimethylglycine + H2O + O2 = sarcosine + formaldehyde + H2O2	1.5.3.10	K00309	1	2
Glycine betaine	C00720	BREAKDOWN	Glycine betaine breakdown to glycine	R01565	N,N-dimethylglycine + 5,6,7,8-tetrahydrofolate + electron-transfer flavoprotein = sarcosine + 5,10-methylenetetrahydrofolate + reduced electron-transfer flavoprotein	1.5.8.4	K00315	1	2
Glycine betaine	C00720	BREAKDOWN	Glycine betaine breakdown to glycine	R00610	sarcosine + H2O + O2 = glycine + formaldehyde + H2O2	1.5.3.1	K00301;K00302;K00303;K00304;K00305;K00306	1	3
Glycine betaine	C00720	BREAKDOWN	Glycine betaine breakdown to glycine	R00611	sarcosine + H2O + electron-transfer flavoprotein = glycine + formaldehyde + reduced electron-transfer flavoprotein	1.5.8.3	K00314	1	3
Glycine betaine	C00720	SYNTHESIS	Glycine betaine synthesis (from glycine)	R10060	2 S-adenosyl-L-methionine + glycine = 2 S-adenosyl-L-homocysteine + N,N-dimethylglycine	2.1.1.156	K18896;K24071	1	1
Glycine betaine	C00720	SYNTHESIS	Glycine betaine synthesis (from glycine)	R07244	S-Adenosyl-L-methionine + N,N-Dimethylglycine <=> S-Adenosyl-L-homocysteine + Betaine	2.1.1.161	K13042	1	2
Glycine betaine	C00720	SYNTHESIS	Glycine betaine synthesis (from sarcosine)	R10061	2 S-Adenosyl-L-methionine + Sarcosine <=> 2 S-Adenosyl-L-homocysteine + Betaine	['2.1.1.157']	K18897	1	1
Glycine betaine	C00720	SYNTHESIS	Glycine betaine synthesis (from sarcosine)	R10062	3 S-Adenosyl-L-methionine + Glycine <=> 3 S-Adenosyl-L-homocysteine + Betaine	['2.1.1.162']	K18897	1	1
Glycine betaine	C00720	TRANSPORT	Glycine betaine / Proline ABC Transporter	ProX	glycine betaine/proline transport system substrate-binding protein	-	K02002	1	1
Glycine betaine	C00720	TRANSPORT	Glycine betaine / Proline ABC Transporter	ProW	glycine betaine/proline transport system permease protein	-	K02001	1	2
Glycine betaine	C00720	TRANSPORT	Glycine betaine / Proline ABC Transporter	ProV	glycine betaine/proline transport system ATP-binding protein	7.6.2.9]	K02000	1	3
Glycine betaine	C00720	TRANSPORT	Osmoprotectant ABC Transporter	OcuC	osmoprotectant transport system substrate-binding protein	-	K05845	1	1
Glycine betaine	C00720	TRANSPORT	Osmoprotectant ABC Transporter	OpuBD	osmoprotectant transport system permease protein	-	K05846	1	2
Glycine betaine	C00720	TRANSPORT	Osmoprotectant ABC Transporter	OpuA	osmoprotectant transport system ATP-binding protein	7.6.2.9]	K05847	1	3
Sorbitol	C00794	SYNTHESIS	Synthesis from L-Sorbose	R02925	D-Sorbitol + FAD <=> FADH2 + L-Sorbose	1.1.99.21	K08261	1	1
Sorbitol	C00794	SYNTHESIS	Synthesis from L-Sorbose	R07346	D-Sorbitol + NADP+ <=> L-Sorbose + NADPH + H+	1.1.1.289	K17742;K19633	1	1
Sorbitol	C00794	SYNTHESIS	Synthesis from D-Fructose	R00875	D-Sorbitol + NAD+ <=> D-Fructose + NADH + H+	1.1.1.14	K00008	1	1
Sorbitol	C00794	SYNTHESIS	Synthesis from alpha-D-Glucose	R01787	D-Sorbitol + NADP+ <=> alpha-D-Glucose + NADPH + H+	1.1.1.21	K00011	1	1
Sorbitol	C00794	SYNTHESIS	Production from Melibiitol	R02926	Melibiitol + H2O <=> D-Sorbitol + D-Galactose	3.2.1.22	K01189;K07406;K07407	1	1
Sorbitol	C00794	BREAKDOWN	D-Sorbitol breakdown to D-Fructose	R00875	D-Sorbitol + NAD+ <=> D-Fructose + NADH + H+	1.1.1.14	K00008	1	1
Sorbitol	C00794	BREAKDOWN	D-Sorbitol breakdown to D-Fructose	R00875	D-Sorbitol + NAD+ <=> D-Fructose + NADH + H+	1.1.1.15		1	1
Sorbitol	C00794	BREAKDOWN	D-Sorbitol breakdown to alpha-D-Glucose	R01787	D-Sorbitol + NADP+ <=> alpha-D-Glucose + NADPH + H+	1.1.1.21	K00011	1	1
Sorbitol	C00794	BREAKDOWN	D-Sorbitol breakdown to alpha-D-Glucose	R11620	D-Sorbitol + Oxygen <=> alpha-D-Glucose + Hydrogen peroxide	1.1.3.41	K00594	1	1
Sorbitol	C00794	BREAKDOWN	D-Sorbitol breakdown to beta-D-Fructose-6P	R05820	Protein N(pi)-phospho-L-histidine + D-Sorbitol <=> Protein histidine + Sorbitol 6-phosphate	2.7.1.198	K02781;K02782;K02783	1	1
Sorbitol	C00794	BREAKDOWN	Incorporation into Melibiitol	R02926	Melibiitol + H2O <=> D-Sorbitol + D-Galactose	3.2.1.22	K01189;K07406;K07407	1	1
Sorbitol	C00794	TRANSPORT	Sorbitol transporter	SmoE	sorbitol/mannitol transport system substrate-binding protein	-	K10227	1	1
Sorbitol	C00794	TRANSPORT	Sorbitol transporter	SmoF	sorbitol/mannitol transport system permease protein	-	K10228	1	2
Sorbitol	C00794	TRANSPORT	Sorbitol transporter	SmoG	sorbitol/mannitol transport system permease protein	-	K10229	1	3
Sorbitol	C00794	TRANSPORT	Sorbitol transporter	SmoK	multiple sugar transport system ATP-binding protein	-	K10111;K10112	1	4
Sarcosine	C00213	SYNTHESIS	Synthesis from Glycine	R00565	L-Arginine + Glycine <=> L-Ornithine + Guanidinoacetate	2.1.4.1	K00613	1	1
Sarcosine	C00213	SYNTHESIS	Synthesis from Glycine	R01883	S-Adenosyl-L-methionine + Guanidinoacetate <=> S-Adenosyl-L-homocysteine + Creatine	2.1.1.2	K00542	1	2
Sarcosine	C00213	SYNTHESIS	Synthesis from Glycine	R01566	Creatine + H2O <=> Sarcosine + Urea	3.5.3.3	K08688	1	3
Sarcosine	C00213	SYNTHESIS	Synthesis from Glycine	R00367	S-Adenosyl-L-methionine + Glycine <=> S-Adenosyl-L-homocysteine + Sarcosine	2.1.1.20	K00552	2	1
Sarcosine	C00213	SYNTHESIS	Synthesis from Choline	R07409	Choline + Oxygen + 2 Reduced ferredoxin + 2 H+ <=> Betaine aldehyde + 2 H2O + 2 Oxidized ferredoxin	[EC:1.14.15.7]	K00499	1	1
Sarcosine	C00213	SYNTHESIS	Synthesis from Choline	R01025	choline + acceptor = betaine aldehyde + reduced acceptor	[EC:1.1.99.1]	K00108	1	1
Sarcosine	C00213	SYNTHESIS	Synthesis from Choline	R08557	Choline + NAD+ <=> Betaine aldehyde + NADH + H+	[EC:1.1.1.1]	K11440	1	1
Sarcosine	C00213	SYNTHESIS	Synthesis from Choline	R08558	Choline + NADP+ <=> Betaine aldehyde + NADPH + H+	[EC:1.1.1.1]	K11440	1	1
Sarcosine	C00213	SYNTHESIS	Synthesis from Choline	R02566	Betaine aldehyde + NADP+ + H2O <=> Betaine + NADPH + 2 H+	['1.2.1.8']	K00130;K14085	1	2
Sarcosine	C00213	SYNTHESIS	Synthesis from Choline	R02565	Betaine aldehyde + NAD+ + H2O <=> Betaine + NADH + 2 H+	['1.2.1.8']	K00130;K14085	1	2
Sarcosine	C00213	SYNTHESIS	Synthesis from Choline	R02821	Betaine + L-Homocysteine <=> N,N-Dimethylglycine + L-Methionine	2.1.1.5	K00544	1	3
Sarcosine	C00213	SYNTHESIS	Synthesis from Choline	R01564	N,N-Dimethylglycine + H2O + Oxygen <=> Sarcosine + Formaldehyde + Hydrogen peroxide	1.5.3.10	K00309	1	4
Sarcosine	C00213	SYNTHESIS	Synthesis from Choline	R01565	N,N-Dimethylglycine + Tetrahydrofolate + Electron-transferring flavoprotein <=> Sarcosine + 5,10-Methylenetetrahydrofolate + Reduced electron-transferring flavoprotein	1.5.8.4	K00315	1	4
Sarcosine	C00213	SYNTHESIS	Synthesis from Choline	R01022;R08211;R08212	choline + 2 O2 + H2O = betaine + 2 H2O2	[EC:1.1.3.17]	K17755	2	1
Sarcosine	C00213	SYNTHESIS	Synthesis from Choline	R01564	N,N-Dimethylglycine + H2O + Oxygen <=> Sarcosine + Formaldehyde + Hydrogen peroxide	1.5.3.10	K00309	2	2
Sarcosine	C00213	SYNTHESIS	Synthesis from Choline	R01565	N,N-Dimethylglycine + Tetrahydrofolate + Electron-transferring flavoprotein <=> Sarcosine + 5,10-Methylenetetrahydrofolate + Reduced electron-transferring flavoprotein	1.5.8.4	K00315	2	3
Sarcosine	C00213	SYNTHESIS	Synthesis from Creatinine	R02922	Creatinine + H2O <=> N-Methylhydantoin + Ammonia	3.5.4.21	K01485;K03365	1	1
Sarcosine	C00213	SYNTHESIS	Synthesis from Creatinine	R03187	ATP + N-Methylhydantoin + 2 H2O <=> ADP + Orthophosphate + N-Carbamoylsarcosine	3.5.2.14	K01473;K01474	1	2
Sarcosine	C00213	SYNTHESIS	Synthesis from Creatinine	R01563	N-Carbamoylsarcosine + H2O <=> Sarcosine + CO2 + Ammonia	3.5.1.59	K08687	1	3
Sarcosine	C00213	BREAKDOWN	Sarcosine breakdown to Glycine	R00610	Sarcosine + H2O + Oxygen <=> Glycine + Formaldehyde + Hydrogen peroxide	1.5.3.1	K00306;K00301;K00302;K00303;K00304;K00305	1	1
Sarcosine	C00213	BREAKDOWN	Sarcosine breakdown to Glycine	R00611	Sarcosine + Electron-transferring flavoprotein + H2O <=> Glycine + Formaldehyde + Reduced electron-transferring flavoprotein	1.5.8.3	K00314	1	1
Sarcosine	C00213	BREAKDOWN	Sarcosine breakdown to Glycine	R00367	S-Adenosyl-L-methionine + Glycine <=> S-Adenosyl-L-homocysteine + Sarcosine	2.1.1.20	K00552	1	1
Sarcosine	C00213	BREAKDOWN	Sarcosine breakdown to Glycine betaine	R10061	2 S-Adenosyl-L-methionine + Sarcosine <=> 2 S-Adenosyl-L-homocysteine + Betaine	2.1.1.157	K18897;K24071	1	1
Mannitol	C00392	SYNTHESIS	Synthesis from D-Fructose	R00868	Mannitol + NAD+ <=> D-Fructose + NADH + H+	1.1.1.67	K00045	1	1
Mannitol	C00392	SYNTHESIS	Synthesis from D-Fructose	R00870	Mannitol + NADP+ <=> D-Fructose + NADPH + H+	1.1.1.138		1	1
Mannitol	C00392	SYNTHESIS	Synthesis from D-Fructose	R00868	Mannitol + NAD+ <=> D-Fructose + NADH + H+	1.1.1.11	K00007	1	1
Mannitol	C00392	SYNTHESIS	Synthesis from Beta-D-Fructose-6P	R02703	D-Mannitol 1-phosphate + NAD+ <=> beta-D-Fructose 6-phosphate + NADH + H+	1.1.1.17	K00009	1	1
Mannitol	C00392	SYNTHESIS	Synthesis from Beta-D-Fructose-6P	R02167	D-Mannitol 1-phosphate + H2O <=> Mannitol + Orthophosphate	3.1.3.22	K19270;K24204	1	2
Mannitol	C00392	BREAKDOWN	D-Mannitol breakdown to D-Fructose	R00865	Mannitol + 2 Ferricytochrome c <=> D-Fructose + 2 Ferrocytochrome c + 2 H+	1.1.2.2		1	1
Mannitol	C00392	BREAKDOWN	D-Mannitol breakdown to D-Fructose	R00868	Mannitol + NAD+ <=> D-Fructose + NADH + H+	1.1.1.67	K00045	1	1
Mannitol	C00392	BREAKDOWN	D-Mannitol breakdown to D-Fructose	R00870	Mannitol + NADP+ <=> D-Fructose + NADPH + H+	1.1.1.138		1	1
Mannitol	C00392	BREAKDOWN	D-Mannitol breakdown to D-Fructose	R00868	Mannitol + NAD+ <=> D-Fructose + NADH + H+	1.1.1.11	K00007	1	1
Mannitol	C00392	BREAKDOWN	D-Mannitol breakdown to Beta-D-Fructose-6P	R02167	D-Mannitol 1-phosphate + H2O <=> Mannitol + Orthophosphate	3.1.3.22	K19270;K24204	1	1
Mannitol	C00392	BREAKDOWN	D-Mannitol breakdown to Beta-D-Fructose-6P	R02704	Protein N(pi)-phospho-L-histidine + Mannitol <=> Protein histidine + D-Mannitol 1-phosphate	2.7.1.197	K02798;K02800	1	1
Mannitol	C00392	BREAKDOWN	D-Mannitol breakdown to Beta-D-Fructose-6P	R02703	D-Mannitol 1-phosphate + NAD+ <=> beta-D-Fructose 6-phosphate + NADH + H+	1.1.1.17	K00009	1	2
Mannitol	C00392	TRANSPORT	Mannitol transport	SmoE	sorbitol/mannitol transport system substrate-binding protein	-	K10227	1	1
Mannitol	C00392	TRANSPORT	Mannitol transport	SmoF	sorbitol/mannitol transport system permease protein	-	K10228	1	2
Mannitol	C00392	TRANSPORT	Mannitol transport	SmoG	sorbitol/mannitol transport system permease protein	-	K10229	1	3
Mannitol	C00392	TRANSPORT	Mannitol transport	SmoK	multiple sugar transport system ATP-binding protein	-	K10111;K10112	1	4
GABA	C00334	SYNTHESIS	Synthesis from glutamate	R00261	L-Glutamate <=> 4-Aminobutanoate + CO2	['4.1.1.15']	K01580	1	1
GABA	C00334	SYNTHESIS	Synthesis from succinate	R10343	Succinyl-CoA + Acetate <=> Acetyl-CoA + Succinate	2.8.3.18	K18118	1	1
GABA	C00334	SYNTHESIS	Synthesis from succinate	R09280	Succinyl-CoA + NADPH + H+ <=> Succinate semialdehyde + NADP+ + CoA	1.2.1.76	K18119	1	2
GABA	C00334	SYNTHESIS	Synthesis from succinate	R01648	4-Aminobutanoate + 2-Oxoglutarate <=> Succinate semialdehyde + L-Glutamate	['2.6.1.19']	K00823;K07250;K13524;K14268	1	3
GABA	C00334	SYNTHESIS	Synthesis from succinate	R10343	Succinyl-CoA + Acetate <=> Acetyl-CoA + Succinate	2.8.3.18	K18118	2	1
GABA	C00334	SYNTHESIS	Synthesis from succinate	R09280	Succinyl-CoA + NADPH + H+ <=> Succinate semialdehyde + NADP+ + CoA	1.2.1.76	K18119	2	2
GABA	C00334	SYNTHESIS	Synthesis from succinate	R10178	4-Aminobutanoate + Pyruvate <=> Succinate semialdehyde + L-Alanine	['2.6.1.96']	K16871	2	3
GABA	C00334	SYNTHESIS	Synthesis from Arginine	R00559	L-Arginine + Oxygen <=> 4-Guanidinobutanamide + CO2 + H2O	1.13.12.1		1	1
GABA	C00334	SYNTHESIS	Synthesis from Arginine	R03180	4-Guanidinobutanamide + H2O <=> 4-Guanidinobutanoate + Ammonia	3.5.1.4	K01426	1	2
GABA	C00334	SYNTHESIS	Synthesis from Arginine	R01990	4-Guanidinobutanoate + H2O <=> 4-Aminobutanoate + Urea	['3.5.3.7']	K12255	1	3
GABA	C00334	SYNTHESIS	Synthesis from Arginine	R08197	L-Arginine + Pyruvate <=> 5-Guanidino-2-oxopentanoate + L-Alanine	2.6.1.84	K12252	2	1
GABA	C00334	SYNTHESIS	Synthesis from Arginine	R11604	L-Arginine + H2O + Oxygen <=> 5-Guanidino-2-oxopentanoate + Ammonia + Hydrogen peroxide	1.4.3.25	K21639	2	1
GABA	C00334	SYNTHESIS	Synthesis from Arginine	R03178	5-Guanidino-2-oxopentanoate <=> 4-Guanidinobutanal + CO2	4.1.1.75	K12253	2	2
GABA	C00334	SYNTHESIS	Synthesis from Arginine	R03177	4-Guanidinobutanal + NAD+ + H2O <=> 4-Guanidinobutanoate + NADH + H+	1.2.1.54	K12254	2	3
GABA	C00334	SYNTHESIS	Synthesis from Arginine	R01990	4-Guanidinobutanoate + H2O <=> 4-Aminobutanoate + Urea	['3.5.3.7']	K12255	2	4
GABA	C00334	SYNTHESIS	Synthesis from Putrescine	R07414	ATP + L-Glutamate + Putrescine <=> ADP + Orthophosphate + gamma-L-Glutamylputrescine	6.3.1.11	K09470	1	1
GABA	C00334	SYNTHESIS	Synthesis from Putrescine	R07415	gamma-L-Glutamylputrescine + H2O + Oxygen <=> gamma-Glutamyl-gamma-aminobutyraldehyde + Ammonia + Hydrogen peroxide	1.4.3.-	K09471	1	2
GABA	C00334	SYNTHESIS	Synthesis from Putrescine	R07417	gamma-Glutamyl-gamma-aminobutyraldehyde + NAD+ + H2O <=> 4-(L-gamma-Glutamylamino)butanoate + NADH + H+	1.2.1.99	K09472	1	3
GABA	C00334	SYNTHESIS	Synthesis from Putrescine	R07419	4-(L-gamma-Glutamylamino)butanoate + H2O <=> 4-Aminobutanoate + L-Glutamate	['3.5.1.94']	K09473	1	4
GABA	C00334	SYNTHESIS	Synthesis from Putrescine	R01154	Acetyl-CoA + Putrescine <=> CoA + N-Acetylputrescine	2.3.1.57	K00657	2	1
GABA	C00334	SYNTHESIS	Synthesis from Putrescine	R01156	N-Acetylputrescine + H2O <=> Acetate + Putrescine	3.5.1.62		2	1
GABA	C00334	SYNTHESIS	Synthesis from Putrescine	R04025	N-Acetylputrescine + H2O + Oxygen <=> N4-Acetylaminobutanal + Ammonia + Hydrogen peroxide	1.4.3.4	K00274	2	2
GABA	C00334	SYNTHESIS	Synthesis from Putrescine	R05050	N4-Acetylaminobutanal + NAD+ + H2O <=> 4-Acetamidobutanoate + NADH + H+	1.2.1.3	K00128;K00149;K14085	2	3
GABA	C00334	SYNTHESIS	Synthesis from Putrescine	R01987	4-Aminobutanoate + Acetate <=> 4-Acetamidobutanoate + H2O	['3.5.1.63']	K00128;K00149;K14085	2	4
GABA	C00334	SYNTHESIS	Synthesis from Putrescine	R01151	Putrescine + Oxygen + H2O <=> 4-Aminobutyraldehyde + Ammonia + Hydrogen peroxide	1.4.3.22	K11182	3	1
GABA	C00334	SYNTHESIS	Synthesis from Putrescine	R01155	Putrescine + 2-Oxoglutarate <=> 4-Aminobutyraldehyde + L-Glutamate	2.6.1.82	K09251	3	1
GABA	C00334	SYNTHESIS	Synthesis from Putrescine	R08714	Putrescine + Pyruvate <=> 4-Aminobutyraldehyde + L-Alanine	2.6.1.113	K12256	3	1
GABA	C00334	SYNTHESIS	Synthesis from Putrescine	R01986	4-Aminobutyraldehyde + NADP+ + H2O <=> 4-Aminobutanoate + NADPH + H+	['1.2.1.3']	K00128;K00149;K14085	3	2
GABA	C00334	SYNTHESIS	Synthesis from Putrescine	R02549	4-Aminobutyraldehyde + NAD+ + H2O <=> 4-Aminobutanoate + NADH + H+	1.2.1.19	K00137	3	2
GABA	C00334	SYNTHESIS	Synthesis from Putrescine	R02549	4-Aminobutyraldehyde + NAD+ + H2O <=> 4-Aminobutanoate + NADH + H+	1.2.1.-	K12254	3	2
GABA	C00334	SYNTHESIS	Synthesis from Putrescine	R01151	Putrescine + Oxygen + H2O <=> 4-Aminobutyraldehyde + Ammonia + Hydrogen peroxide	1.4.3.10	K03343	4	1
GABA	C00334	SYNTHESIS	Synthesis from Putrescine	R01155	Putrescine + 2-Oxoglutarate <=> 4-Aminobutyraldehyde + L-Glutamate	2.6.1.29		4	1
GABA	C00334	SYNTHESIS	Synthesis from Putrescine	R01986	4-Aminobutyraldehyde + NADP+ + H2O <=> 4-Aminobutanoate + NADPH + H+	['1.2.1.3']	K00128;K00149;K14085	4	2
GABA	C00334	SYNTHESIS	Synthesis from Putrescine	R02549	4-Aminobutyraldehyde + NAD+ + H2O <=> 4-Aminobutanoate + NADH + H+	1.2.1.19	K00137	4	2
GABA	C00334	SYNTHESIS	Synthesis from Putrescine	R02549	4-Aminobutyraldehyde + NAD+ + H2O <=> 4-Aminobutanoate + NADH + H+	1.2.1.-	K12254	4	2
GABA	C00334	SYNTHESIS	Synthesis from homocarnosine	R01991	ATP + L-Histidine + 4-Aminobutanoate <=> ADP + Orthophosphate + Homocarnosine	['6.3.2.11']	K14755	1	1
GABA	C00334	SYNTHESIS	Synthesis from Spermidine	R01914	Spermidine + Oxygen + H2O <=> 1,3-Diaminopropane + 4-Aminobutyraldehyde + Hydrogen peroxide	1.5.3.14	K13366	1	1
GABA	C00334	SYNTHESIS	Synthesis from Spermidine	R01915	Spermidine + Acceptor + H2O <=> 1,3-Diaminopropane + 4-Aminobutyraldehyde + Reduced acceptor	1.5.99.6	K00316	1	1
GABA	C00334	SYNTHESIS	Synthesis from Spermidine	R01986	4-Aminobutyraldehyde + NADP+ + H2O <=> 4-Aminobutanoate + NADPH + H+	['1.2.1.3']	K00128;K00149;K14085	1	2
GABA	C00334	SYNTHESIS	Synthesis from Spermidine	R02549	4-Aminobutyraldehyde + NAD+ + H2O <=> 4-Aminobutanoate + NADH + H+	1.2.1.19	K00137	1	2
GABA	C00334	SYNTHESIS	Synthesis from Spermidine	R02549	4-Aminobutyraldehyde + NAD+ + H2O <=> 4-Aminobutanoate + NADH + H+	1.2.1.-	K12254	1	2
GABA	C00334	BREAKDOWN	GABA breakdown to Homocarnosine	R01992	Homocarnosine + H2O <=> 4-Aminobutanoate + L-Histidine	['3.4.13.18', '3.4.13.20']	K05604;K08660	1	1
GABA	C00334	BREAKDOWN	GABA breakdown to Homocarnosine	R01991	ATP + L-Histidine + 4-Aminobutanoate <=> ADP + Orthophosphate + Homocarnosine	['6.3.2.11']	K14755	2	1
GABA	C00334	BREAKDOWN	GABA breakdown to 4-Guanidinobutanoate	R01989	L-Arginine + 4-Aminobutanoate <=> L-Ornithine + 4-Guanidinobutanoate	['2.1.4.1']	K00613	1	1
GABA	C00334	BREAKDOWN	GABA breakdown to Succinate	R01648	4-Aminobutanoate + 2-Oxoglutarate <=> Succinate semialdehyde + L-Glutamate	['2.6.1.19']	K00823;K07250;K13524;K14268	1	1
GABA	C00334	BREAKDOWN	GABA breakdown to Succinate	R10178	4-Aminobutanoate + Pyruvate <=> Succinate semialdehyde + L-Alanine	['2.6.1.96']	K16871	1	1
GABA	C00334	BREAKDOWN	GABA breakdown to Succinate	R00713	Succinate semialdehyde + NAD+ + H2O <=> Succinate + NADH + H+	1.2.1.16	K00135;K08324	1	2
GABA	C00334	BREAKDOWN	GABA breakdown to Succinate	R00714	Succinate semialdehyde + NADP+ + H2O <=> Succinate + NADPH + H+	1.2.1.79	K00135	1	2
GABA	C00334	BREAKDOWN	GABA breakdown to Succinate	R00713	Succinate semialdehyde + NAD+ + H2O <=> Succinate + NADH + H+	1.2.1.24	K00139;K17761;K08324	1	2
Sucrose	C00089	SYNTHESIS	sucrose synthesis from gluocse and fructose	R00289	UTP + D-Glucose 1-phosphate <=> Diphosphate + UDP-glucose	2.7.7.9; 2.7.7.64	K00963;K12447;K22920	1	1
Sucrose	C00089	SYNTHESIS	sucrose synthesis from gluocse and fructose	R00806	UDP-glucose + D-Fructose <=> UDP + Sucrose	2.4.1.13	K00695	1	2
Sucrose	C00089	SYNTHESIS	sucrose synthesis from gluocse and fructose	R07256	NDP-glucose + D-Fructose <=> NDP + Sucrose	2.4.1.13	K00695	1	2
Sucrose	C00089	SYNTHESIS	sucrose synthesis from gluocse and fructose	R08676	ADP + Sucrose <=> ADP-glucose + D-Fructose	2.4.1.13	K00695	1	2
Sucrose	C00089	SYNTHESIS	Sucrose synthesis from sucrose 6-p	R00289	UTP + D-Glucose 1-phosphate <=> Diphosphate + UDP-glucose	2.7.7.9; 2.7.7.64	K00963;K12447;K22920	2	1
Sucrose	C00089	SYNTHESIS	Sucrose synthesis from sucrose 6-p	R00766	UDP-glucose + D-Fructose 6-phosphate <=> UDP + Sucrose 6'-phosphate	2.4.1.14	K00696	2	2
Sucrose	C00089	SYNTHESIS	Sucrose synthesis from sucrose 6-p	R00805	Sucrose 6'-phosphate + H2O <=> Sucrose + Orthophosphate	3.1.3.24	K07024	2	3
Sucrose	C00089	SYNTHESIS	Sucrose synthesis from raffinose	R01103	Raffinose + H2O <=> D-Galactose + Sucrose	3.2.1.22	K01189;K07406;K07407	3	1
Sucrose	C00089	BREAKDOWN	Sucrose synthesis from glucose	R05140	D-Glucose + Levan <=> Sucrose + Levan	2.4.1.10	K00692	4	1
Sucrose	C00089	BREAKDOWN	Sucrose breakdown to fructose and glucose	R00801	Sucrose + H2O <=> D-Fructose + D-Glucose	3.2.1.10; 3.2.1.20; 3.2.1.26; 3.2.1.48	K01182;K01187;K01193;K01203;K12047;K12316;K12317;K15922	5	1
Sucrose	C00089	BREAKDOWN	Sucrose breakdown to fructose and glucose	R00802	Sucrose + H2O <=> beta-D-Fructose + alpha-D-Glucose	3.2.1.20;3.2.1.26;3.2.1.48	K01187;K01193;K01203;K12047;K12316;K12317;K15923	5	1
Sucrose	C00089	BREAKDOWN	Sucrose breakdown to fructose and glucose-1-p	R00803	Sucrose + Orthophosphate <=> D-Fructose + D-Glucose 1-phosphate	2.4.1.7	K00690	6	1
Sucrose	C00089	BREAKDOWN	Sucrose breakdown to fructose and amylose	R01823	Sucrose + Amylose <=> D-Fructose + Amylose	2.4.1.4	K05341	7	1
Sucrose	C00089	BREAKDOWN	Sucrose breakdown to fructose	R02120	Sucrose + Dextran <=> D-Fructose + Dextran	2.4.1.5; 2.4.1.125	K00689	8	1
Sucrose	C00089	BREAKDOWN	Sucrose breakdown to fructose	R12349	Sucrose + Dextran <=> D-Fructose + (1->6)-alpha-D-Glucan containing a (1->3)-alpha-D-glucose branch	2.4.1.362	K23396	9	1
Sucrose	C00089	BREAKDOWN	Sucrose breakdown to fructose	R12528	Sucrose + Dextran <=> D-Fructose + (1->6)-alpha-D-Glucan containing a (1->2)-alpha-D-glucose branch	2.4.1.373	K23981	10	1
Sucrose	C00089	BREAKDOWN	Sucrose breakdown to fructose	R12527	Sucrose + 1,3-alpha-D-Glucan(n) <=> D-Fructose + 1,3-alpha-D-Glucan(n+1)	2.4.1.372	K23974	11	1
Sucrose	C00089	BREAKDOWN	Sucrose transform to sucrose-6-p	R00811	Sucrose + Protein N(pi)-phospho-L-histidine <=> Sucrose 6-phosphate + Protein histidine	2.7.1.211	K02810	12	1
Sucrose	C00089	BREAKDOWN	Sucrose transform to raffinose	R02411	alpha-D-Galactosyl-(1->3)-1D-myo-inositol + Sucrose <=> myo-Inositol + Raffinose	2.4.1.82	K06617	13	1
Sucrose	C00089	BREAKDOWN	Sucrose breakdown to glucose	R04194	Sucrose + (2,1-beta-D-Fructosyl)n <=> D-Glucose + (2,1-beta-D-Fructosyl)n	2.4.1.9	K20811	14	1
Sucrose	C00089	BREAKDOWN	Sucrose breakdown to glucose and fructosylsucrose	R00015	2 Sucrose <=> D-Glucose + 1F-beta-D-Fructosylsucrose	2.4.1.99	K21351	15	1
Taurine	C00245	SYNTHESIS	Taurine synthesis from cysteate	R01682	L-Cysteate <=> Taurine + CO2	4.1.1.15;4.1.1.29	K01580;K01594;K18966	1	1
Taurine	C00245	SYNTHESIS	Taurine synthesis from taurocholate	R02797	Taurocholate + H2O <=> Cholic acid + Taurine	3.5.1.24	K01442	2	1
Taurine	C00245	SYNTHESIS	Taurine synthesis from taurodeoxycholate	R04487	Taurodeoxycholate + H2O <=> Deoxycholic acid + Taurine	3.5.1.24	K01442	3	1
Taurine	C00245	SYNTHESIS	Taurine synthesis from tauropine	R01683	Tauropine + NAD+ + H2O <=> Taurine + Pyruvate + NADH + H+	1.5.1.23	K23235	4	1
Taurine	C00245	SYNTHESIS	Taurine breakdown to Sulfoacetaldehyde	R05652	Taurine + Pyruvate <=> Sulfoacetaldehyde + L-Alanine	2.6.1.77	K03851	5	1
Taurine	C00245	TRANSPORT	Taurine transporters	TauA	-	-	K15551	6	1
Taurine	C00245	TRANSPORT	Taurine transporters	TauC	-	-	K15552	6	2
Taurine	C00245	TRANSPORT	Taurine transporters	TauB	-	7.6.2.7	K10831	6	3
Taurine	C00245	BREAKDOWN	Taurine breakdown to Sulfoacetaldehyde	R01684	Taurine + 2-Oxoglutarate <=> Sulfoacetaldehyde + L-Glutamate	2.6.1.55	K15372	7	1
Taurine	C00245	BREAKDOWN	Taurine breakdown to Sulfoacetaldehyde	R05652	Taurine + Pyruvate <=> Sulfoacetaldehyde + L-Alanine	2.6.1.77	K03851	8	1
Taurine	C00245	BREAKDOWN	Taurine breakdown to Sulfoacetaldehyde	R01685	Taurine + H2O + 2 Ferricytochrome c <=> Sulfoacetaldehyde + Ammonia + 2 Ferrocytochrome c + 2 H+	1.4.2.-	K07255;K07256	9	1
Taurine	C00245	BREAKDOWN	Taurine breakdown to Aminoacetaldehyde	R05320	Taurine + 2-Oxoglutarate + Oxygen <=> Sulfite + Aminoacetaldehyde + Succinate + CO2	1.14.11.17	K03119	10	1
Taurine	C00245	BREAKDOWN	Taurine transform to Taurocyamine	R01686	Taurine + L-Arginine <=> Taurocyamine + L-Ornithine	2.1.4.1	K00613	11	1
Taurine	C00245	BREAKDOWN	Taurine transform to Glutamyl-taurine	R01687	(5-L-Glutamyl)-peptide + Taurine <=> Peptide + 5-L-Glutamyl-taurine	2.3.2.2	K00681;K18592	12	1
Trehalose	C01083	SYNTHESIS	Trehalose synthesis from g-6-p	R00836	UDP-glucose + D-Glucose 6-phosphate <=> UDP + alpha,alpha'-Trehalose 6-phosphate	2.4.1.15	K00697;K16055	1	1
Trehalose	C01083	SYNTHESIS	Trehalose synthesis from g-6-p	R02778	alpha,alpha'-Trehalose 6-phosphate + H2O <=> alpha,alpha-Trehalose + Orthophosphate	3.1.3.12	K01087;K16055 	1	2
Trehalose	C01083	SYNTHESIS	Trehalose synthesis from glucose	R08946	ADP-glucose + D-Glucose <=> alpha,alpha-Trehalose + ADP	2.4.1.245	K13057	2	1
Trehalose	C01083	SYNTHESIS	Trehalose synthesis from glucose	R10525	NDP-glucose + D-Glucose <=> alpha,alpha-Trehalose + NDP	2.4.1.245	K13057	2	1
Trehalose	C01083	SYNTHESIS	Trehalose synthesis from glucose	R11306	UDP-glucose + D-Glucose <=> alpha,alpha-Trehalose + UDP	2.4.1.245	K13057	2	1
Trehalose	C01083	SYNTHESIS	Trehalose synthesis from maltose	R01557	Maltose <=> alpha,alpha-Trehalose	5.4.99.16	K05343	3	1
Trehalose	C01083	SYNTHESIS	Trehalose synthesis from starch	R11261	Starch + n H2O <=> (n+1) Maltodextrin	3.2.1.68	K01214	4	1
Trehalose	C01083	SYNTHESIS	Trehalose synthesis from starch	R01824	Maltodextrin <=> 1-alpha-D-[(1->4)-alpha-D-Glucosyl](n-1)-alpha-D-glucopyranoside	5.4.99.15	K06044	4	2
Trehalose	C01083	SYNTHESIS	Trehalose synthesis from starch	R11256	1-alpha-D-[(1->4)-alpha-D-Glucosyl](n-1)-alpha-D-glucopyranoside + H2O <=> alpha,alpha-Trehalose + Maltodextrin	3.2.1.141	K01236	4	3
Trehalose	C01083	SYNTHESIS	Trehalose synthesis from trehalose 6-mycolate	R07248	2 alpha,alpha'-Trehalose 6-mycolate <=> alpha,alpha-Trehalose + alpha,alpha'-Trehalose 6,6'-bismycolate	2.3.1.122	K18851	5	1
Trehalose	C01083	BREAKDOWN	Trehalose breakdown to glucose	R00010	alpha,alpha-Trehalose + H2O <=> 2 D-Glucose	3.2.1.28	K01194;K22934 	6	1
Trehalose	C01083	BREAKDOWN	Trehalose breakdown to glucose and g-6-p	R02727	alpha,alpha-Trehalose + Orthophosphate <=> D-Glucose + beta-D-Glucose 1-phosphate	2.4.1.64	K05342	7	1
Trehalose	C01083	BREAKDOWN	Trehalose breakdown to glucose and g-6-p	R07265	alpha,alpha-Trehalose + Orthophosphate <=> alpha-D-Glucose + D-Glucose 1-phosphate	2.4.1.231	K22248	8	1
Trehalose	C01083	BREAKDOWN	Trehalose transform to trehalose-6-p	R02780	alpha,alpha-Trehalose + Protein N(pi)-phospho-L-histidine <=> alpha,alpha'-Trehalose 6-phosphate + Protein histidine	2.7.1.201	K02777;K02819 	9	1
Trehalose	C01083	BREAKDOWN	Trehalose transform to sulfotrehalose	R10971	3'-Phosphoadenylyl sulfate + alpha,alpha-Trehalose <=> Adenosine 3',5'-bisphosphate + 2-Sulfotrehalose	2.8.2.37	K21014	10	1
Trehalose	C01083	BREAKDOWN	Trehalose transform to Long-chain-fatty acyl-trehalose	R12287	Long-chain acyl-CoA + alpha,alpha-Trehalose <=> 2-(Long-chain-fatty acyl)-trehalose + CoA	2.3.1.279	K23156	11	1
TMAO	C01104	SYNTHESIS	TMAO synthesis from trimethylamine	R05623	Trimethylamine + NADPH + H+ + Oxygen <=> Trimethylamine N-oxide + NADP+ + H2O	1.14.13.148	K18277	1	1
TMAO	C01104	Breakdown	TMAO breakdown to dimethylamine	R02512	Trimethylamine N-oxide <=> Dimethylamine + Formaldehyde	4.1.2.32		1	1
TMAO	C01104	Breakdown	TMAO breakdown to trimethylamine	R02560	Trimethylamine + 2 Ferricytochrome c + H2O <=> Trimethylamine N-oxide + 2 Ferrocytochrome c + 2 H+	1.7.2.3	K07811;K03532;K03533;K07812;K07821	1	1
DMSP	C04022	BREAKDOWN	DMSP breakdown (cleavage) to DMS and acrylate	R02574	S,S-Dimethyl-beta-propiothetin <=> Dimethyl sulfide + Acrylic acid	4.4.1.3	K16953	1	1
DMSP	C04022	BREAKDOWN	DMSP breakdown (demethylation) to methylthiopropanate	R10333	S,S-Dimethyl-beta-propiothetin + Tetrahydrofolate <=> 3-(Methylthio)propanoate + 5-Methyltetrahydrofolate	2.1.1.269	K17486	2	1
Proline	C00148	SYNTHESIS	proline synthesis from peptide	R00135	Peptide + H2O <=> L-Proline + Peptide	3.4.11.5	K01259;K11142	1	1
Proline	C00148	SYNTHESIS	proline synthesis from ornithine	R00551	L-Arginine + H2O <=> L-Ornithine + Urea	3.5.3.1	K01476	2	1
Proline	C00148	SYNTHESIS	proline synthesis from ornithine	R00671	L-Ornithine <=> L-Proline + Ammonia	4.3.1.12	K01750	2	2
Proline	C00148	SYNTHESIS	proline synthesis from prolinamide	R09650	L-Prolinamide + H2O <=> L-Proline + Ammonia	3.5.1.101	K18457	3	1
Proline	C00148	SYNTHESIS	proline synthesis from pyrroline-2carboxylate	R01246	L-Proline + NAD+ <=> 1-Pyrroline-2-carboxylate + NADH + H+	1.5.1.1; 1.5.1.21; 1.5.1.49	K19742;K19743	4	1
Proline	C00148	SYNTHESIS	proline synthesis from pyrroline-2carboxylate	R01249	L-Proline + NADP+ <=> 1-Pyrroline-2-carboxylate + NADPH + H+	1.5.1.1; 1.5.1.21; 1.5.1.49	K19742;K19743	5	1
Proline	C00148	SYNTHESIS	proline breakdown to pyrroline-5carboxylate	R01248	L-Proline + NAD+ <=> (S)-1-Pyrroline-5-carboxylate + NADH + H+	1.5.1.2	K00286	6	1
Proline	C00148	BREAKDOWN	proline breakdown to pyrroline-5carboxylate	R01248	L-Proline + NAD+ <=> (S)-1-Pyrroline-5-carboxylate + NADH + H+	1.5.1.2	K00286	7	1
Proline	C00148	BREAKDOWN	proline breakdown to pyrroline-5carboxylate	R01251	L-Proline + NADP+ <=> (S)-1-Pyrroline-5-carboxylate + NADPH + H+	1.5.1.2	K00286	8	1
Proline	C00148	BREAKDOWN	proline breakdown to pyrroline-5carboxylate	R01253	L-Proline + Quinone <=> (S)-1-Pyrroline-5-carboxylate + Hydroquinone	1.5.5.2	K13821	9	1
Proline	C00148	BREAKDOWN	proline breakdown to pyrroline-5carboxylate	R10507	L-Proline + FAD <=> (S)-1-Pyrroline-5-carboxylate + FADH2	1.5.-.-	K00318;K18318;K18319	10	1
Proline	C00148	BREAKDOWN	proline breakdown to hydroxyproline	R01252	L-Proline + 2-Oxoglutarate + Oxygen <=> Hydroxyproline + Succinate + CO2	1.14.11.2; 1.14.11.57	K00472	11	1
Proline	C00148	BREAKDOWN	proline transform to 4-hydroxy-proline	R11594	L-Proline + 2-Oxoglutarate + Oxygen <=> cis-4-Hydroxy-L-proline + Succinate + CO2	1.14.11.56	K21614	12	1
Proline	C00148	BREAKDOWN	proline transform to 3-hydroxy-proline	R09572	L-Proline + 2-Oxoglutarate + Oxygen <=> cis-3-Hydroxy-L-proline + Succinate + CO2	1.14.11.28	K20149	13	1
Proline	C00148	BREAKDOWN	proline transform to d-proline	R01255	L-Proline <=> D-Proline	5.1.1.4	K01777	14	1
Proline	C00148	BREAKDOWN	proline transform to brevianamide	R10661	L-Tryptophan + L-Proline + 2 ATP <=> Brevianamide F + 2 AMP + 2 Diphosphate		K18281	15	1
Proline	C00148	BREAKDOWN	proline breakdown to prolyl carrier protein	R12575	ATP + L-Proline + Aryl-carrier protein <=> AMP + Diphosphate + 3,4-Dihydroxybenzoyl-[aryl-carrier protein]	6.2.1.62	K24110	16	1
Proline	C00148	BREAKDOWN	proline breakdown to prolyl-pcp	R06746	L-Proline + Peptidyl-carrier protein + ATP <=> L-Prolyl-[pcp] + AMP + Diphosphate	6.2.1.53	K12719;K12720;K21780;K21781	17	1
Proline	C00148	BREAKDOWN	proline breakdown to prolyl-tRNA	R03661	ATP + L-Proline + tRNA(Pro) <=> AMP + Diphosphate + L-Prolyl-tRNA(Pro)	6.1.1.15	K01881;K14163	18	1
Glutamate	C00025	SYNTHESIS	glutamate synthesis from succinyl-glutamate	R00411	N-Succinyl-L-glutamate + H2O <=> L-Glutamate + Succinate	3.5.1.96	K05526	1	1
Glutamate	C00025	SYNTHESIS	glutamate synthesis from pyrroline-5-carboyxylate	R01248	L-Proline + NAD+ <=> (S)-1-Pyrroline-5-carboxylate + NADH + H+	1.5.1.2	K00286	2	1
Glutamate	C00025	SYNTHESIS	glutamate synthesis from pyrroline-5-carboyxylate	R00707	(S)-1-Pyrroline-5-carboxylate + NAD+ + 2 H2O <=> L-Glutamate + NADH + H+	1.2.1.88	K00294;K13821	2	2
Glutamate	C00025	SYNTHESIS	glutamate synthesis from pyrroline-5-carboyxylate	R00708	(S)-1-Pyrroline-5-carboxylate + NADP+ + 2 H2O <=> L-Glutamate + NADPH + H+	1.2.1.88	K00294;K13821	2	2
Glutamate	C00025	SYNTHESIS	glutamate synthesis from R-S-glutathione	R03522	RX + Glutathione <=> Halide + R-S-Glutathione	2.5.1.18	K00799;K04097;K13299;K21888;K23790	3	1
Glutamate	C00025	SYNTHESIS	glutamate synthesis from R-S-glutathione	R03916	R-S-Glutathione + H2O <=> R-S-Cysteinylglycine + L-Glutamate	2.3.2.2	K00681;K18592	3	2
Glutamate	C00025	SYNTHESIS	glutamate synthesis from 5-oxoproline	R11861	Glutathione <=> Cys-Gly + 5-Oxoproline	4.3.2.7	K07232	4	1
Glutamate	C00025	SYNTHESIS	glutamate synthesis from 5-oxoproline	R01262	Glutathione + L-Amino acid <=> Cys-Gly + (5-L-Glutamyl)-L-amino acid	2.3.2.2	K00681;K18592	4	1
Glutamate	C00025	SYNTHESIS	glutamate synthesis from 5-oxoproline	R03749	(5-L-Glutamyl)-L-amino acid <=> 5-Oxoproline + L-Amino acid	4.3.2.9	K00682;K22596	4	2
Glutamate	C00025	SYNTHESIS	glutamate synthesis from 5-oxoproline	R00251	ATP + 5-Oxoproline + 2 H2O <=> ADP + Orthophosphate + L-Glutamate	3.5.2.9	K01469;K07160;K23123;K23124	4	3
Glutamate	C00025	SYNTHESIS	glutamate synthesis from glutathione	R00494	Glutathione + H2O <=> Cys-Gly + L-Glutamate	3.4.19.13	K00681;K18592	5	1
Glutamate	C00025	SYNTHESIS	glutamate synthesis from dicarboxypropyl-lysine	R00715	N6-(L-1,3-Dicarboxypropyl)-L-lysine + NAD+ + H2O <=> L-Lysine + 2-Oxoglutarate + NADH + H+	1.5.1.7	K00290	6	1
Glutamate	C00025	SYNTHESIS	glutamate synthesis from dicarboxypropyl-lysine	R02313	N6-(L-1,3-Dicarboxypropyl)-L-lysine + NAD+ + H2O <=> L-Glutamate + L-2-Aminoadipate 6-semialdehyde + NADH + H+	1.5.1.9	K14157	6	2
Glutamate	C00025	SYNTHESIS	glutamate synthesis from dicarboxypropyl-lysine	R02315	N6-(L-1,3-Dicarboxypropyl)-L-lysine + NADP+ + H2O <=> L-Glutamate + L-2-Aminoadipate 6-semialdehyde + NADPH + H+	1.5.1.10; 1.5.1.9; 1.5.3.18	K00293;K24034;K14157;K17833	6	2
Glutamate	C00025	SYNTHESIS	glutamate synthesis from dicarboxypropyl-lysine	R09495	N6-(L-1,3-Dicarboxypropyl)-L-lysine + H2O + Oxygen <=> L-2-Aminoadipate 6-semialdehyde + L-Glutamate + Hydrogen peroxide	1.5.3.18	K17833	6	2
Glutamate	C00025	SYNTHESIS	glutamate synthesis from formyl-glutamate	R00525	N-Formyl-L-glutamate + H2O <=> Formate + L-Glutamate	3.5.1.68	K01458	7	1
Glutamate	C00025	SYNTHESIS	glutamate synthesis from formimino-glutamate	R02285	N-Formimino-L-glutamate + H2O <=> L-Glutamate + Formamide	3.5.3.8	K01479	8	1
Glutamate	C00025	SYNTHESIS	glutamate synthesis from threo-3-methylaspartate	R00262	L-threo-3-Methylaspartate <=> L-Glutamate	5.4.99.1	K01846;K19268	9	1
Glutamate	C00025	SYNTHESIS	glutamate synthesis from glutamyl-cysteine-S-oxide	R11021	gamma-L-Glutamyl-S-(hercyn-2-yl)-L-cysteine S-oxide + H2O <=> S-(Hercyn-2-yl)-L-cysteine S-oxide + L-Glutamate	3.5.1.118	K07008	10	1
Glutamate	C00025	SYNTHESIS	glutamate synthesis from Glutamylaminobutanoate	R07419	4-(L-gamma-Glutamylamino)butanoate + H2O <=> 4-Aminobutanoate + L-Glutamate	3.5.1.94	K09473	11	1
Glutamate	C00025	SYNTHESIS	glutamate synthesis from phenyl-glutamine	R11561	N5-Phenyl-L-glutamine + H2O <=> L-Glutamate + Aniline	3.5.1.123	K21287	12	1
Glutamate	C00025	SYNTHESIS	glutamate synthesis from cytidine-diphosphoramidyl-glutamine	R12251	N5-(Cytidine 5'-diphosphoramidyl)-L-glutamine + H2O <=> Cytidine 5'-diphosphoramidate + L-Glutamate	3.5.1.129	K23150	13	1
Glutamate	C00025	SYNTHESIS	glutamate synthesis from glutamate 5-semialdehyde	R00245	L-Glutamate 5-semialdehyde + NAD+ + H2O <=> L-Glutamate + NADH + H+	1.2.1.88	K00294;K13821	14	1
Glutamate	C00025	SYNTHESIS	Glutathione-methylthio-alkylhydroximate breakdown to glutamate	R11792	(E)-1-(Glutathione-S-yl)-omega-(methylthio)alkylhydroximate + H2O <=> (E)-1-(L-Cysteinylglycine-S-yl)-N-hydroxy-omega-(methylsulfanyl)alkane-1-imine + L-Glutamate	3.4.19.16	K22314	15	1
Glutamate	C00025	SYNTHESIS	hydroxy-acetimidoyl-glutathione breakdown to glutamate	R11793	S-[(E)-N-Hydroxy(indol-3-yl)acetimidoyl]-L-glutathione + H2O <=> (E)-1-(L-Cysteinylglycine-S-yl)-N-hydroxy-2-(1H-indol-3-yl)ethane-1-imine + L-Glutamate	3.4.19.16	K22314	15	1
Glutamate	C00025	SYNTHESIS	Glutathione-indol-acetonitrile breakdown to glutamate	R11794	(Glutathione-S-yl)(1H-indol-3-yl)acetonitrile + H2O <=> (L-Cysteinylglycine-S-yl)(1H-indol-3-yl)acetonitrile + L-Glutamate	3.4.19.16	K22314	15	1
Glutamate	C00025	SYNTHESIS	hydroxy-acetimidoyl-glutathione breakdown to glutamate	R11795	S-[(Z)-N-Hydroxy(phenyl)acetimidoyl]-L-glutathione + H2O <=> (Z)-1-(L-Cysteinylglycine-S-yl)-N-hydroxy-2-phenylethane-1-imine + L-Glutamate	3.4.19.16	K22314	15	1
Glutamate	C00025	SYNTHESIS	glutamate synthesis from leukotriene	R09875	Leukotriene C4 + H2O <=> Leukotriene D4 + L-Glutamate	3.4.19.14	K18592	16	1
Glutamate	C00025	SYNTHESIS	glutamate synthesis from methyl-glutamate	R01586	Methylamine + L-Glutamate <=> Ammonia + N-Methyl-L-glutamate	2.1.1.21	K22081;K22082;K22083	17	1
Glutamate	C00025	SYNTHESIS	glutamate synthesis from methyl-glutamate	R00609	N-Methyl-L-glutamate + Acceptor + H2O <=> L-Glutamate + Formaldehyde + Reduced acceptor	1.5.99.5	K22084;K22085;K22086;K22087	17	2
Glutamate	C00025	SYNTHESIS	glutamate synthesis from acetylaspartylgutamate	R10688	N-Acetylaspartylglutamylglutamate + H2O <=> N-Acetylaspartylglutamate + L-Glutamate	3.4.17.21	K14592	18	1
Glutamate	C00025	SYNTHESIS	glutamate synthesis from THF-polyglutamate	R04242	THF-polyglutamate + (n-1) H2O <=> Tetrahydrofolate + (n-1) L-Glutamate	3.4.19.9	K01307	19	1
Glutamate	C00025	SYNTHESIS	glutamate synthesis from acetylaspartylgutamate	R10687	N-Acetylaspartylglutamate + H2O <=> N-Acetyl-L-aspartate + L-Glutamate	3.4.17.21	K14592	20	1
Glutamate	C00025	SYNTHESIS	2-oxoglutarate transform to glutamate	R00694	L-Phenylalanine + 2-Oxoglutarate <=> Phenylpyruvate + L-Glutamate	2.6.1.1; 2.6.1.3; 2.6.1.5; 2.6.1.9; 2.6.1.23; 2.6.1.57	K00811;K00812;K00813;K00815;K00817;K00832;K00838;K05821;K11358;K14454;K14455;K15849	21	1
Glutamate	C00025	SYNTHESIS	2-oxoglutarate transform to glutamate	R00734	L-Tyrosine + 2-Oxoglutarate <=> 3-(4-Hydroxyphenyl)pyruvate + L-Glutamate	2.6.1.1;2.6.1.5;2.6.1.9;2.6.1.57	K00811;K00812;K00813;K00815;K00817;K00832;K00838;K05821;K11358;K14454;K14455;K15849	21	1
Glutamate	C00025	SYNTHESIS	2-oxoglutarate transform to glutamate	R05052	L-erythro-4-Hydroxyglutamate + 2-Oxoglutarate <=> (4R)-4-Hydroxy-2-oxoglutarate + L-Glutamate	2.6.1.1;2.6.1.23	K00811;K00812;K00813;K11358;K14454;K14455	21	1
Glutamate	C00025	SYNTHESIS	2-oxoglutarate transform to glutamate	R02433	L-Cysteate + 2-Oxoglutarate <=> 3-Sulfopyruvate + L-Glutamate	2.6.1.1	K00811;K00812;K00813;K11358;K14454;K14455	21	1
Glutamate	C00025	SYNTHESIS	2-oxoglutarate transform to glutamate	R02619	3-Sulfino-L-alanine + 2-Oxoglutarate <=> 3-Sulfinylpyruvate + L-Glutamate	2.6.1.1	K00811;K00812;K00813;K11358;K14454;K14455	21	1
Glutamate	C00025	SYNTHESIS	2-oxoglutarate transform to glutamate	R00355	L-Aspartate + 2-Oxoglutarate <=> Oxaloacetate + L-Glutamate	2.6.1.1	K00811;K00812;K00813;K11358;K14454;K14455	21	1
Glutamate	C00025	SYNTHESIS	2-oxoglutarate transform to glutamate	R00895	L-Cysteine + 2-Oxoglutarate <=> Mercaptopyruvate + L-Glutamate	2.6.1.1; 2.6.1.3	K00811;K00812;K00813;K11358;K14454;K14455;K15849	21	1
Glutamate	C00025	SYNTHESIS	2-oxoglutarate transform to glutamate	R00258	L-Alanine + 2-Oxoglutarate <=> Pyruvate + L-Glutamate	2.6.1.2	K00814;K14260;K14272	22	1
Glutamate	C00025	SYNTHESIS	2-oxoglutarate transform to glutamate	R04171	3-Hydroxy-L-kynurenine + 2-Oxoglutarate <=> 4-(2-Amino-3-hydroxyphenyl)-2,4-dioxobutanoate + L-Glutamate	2.6.1.7	K00816;K00825;K14264	23	1
Glutamate	C00025	SYNTHESIS	2-oxoglutarate transform to glutamate	R01956	L-Kynurenine + 2-Oxoglutarate <=> 4-(2-Aminophenyl)-2,4-dioxobutanoate + L-Glutamate	2.6.1.7	K00816;K00825;K14264	23	1
Glutamate	C00025	SYNTHESIS	2-oxoglutarate transform to glutamate	R03243	L-Histidinol phosphate + 2-Oxoglutarate <=> 3-(Imidazol-4-yl)-2-oxopropyl phosphate + L-Glutamate	2.6.1.9	K00817	24	1
Glutamate	C00025	SYNTHESIS	2-oxoglutarate transform to glutamate	R02283	N-Acetylornithine + 2-Oxoglutarate <=> N-Acetyl-L-glutamate 5-semialdehyde + L-Glutamate	2.6.1.11; 2.6.1.17	K00818;K00821;K14267	25	1
Glutamate	C00025	SYNTHESIS	2-oxoglutarate transform to glutamate	R04475	N-Succinyl-LL-2,6-diaminoheptanedioate + 2-Oxoglutarate <=> N-Succinyl-2-L-amino-6-oxoheptanedioate + L-Glutamate	2.6.1.17	K00821;K14267	25	1
Glutamate	C00025	SYNTHESIS	2-oxoglutarate transform to glutamate	R00667	L-Ornithine + 2-Oxoglutarate <=> L-Glutamate 5-semialdehyde + L-Glutamate	2.6.1.13	K00819	26	1
Glutamate	C00025	SYNTHESIS	2-oxoglutarate transform to glutamate	R00668	L-Ornithine + 2-Oxoglutarate <=> Delta1-Pyrroline-5-carboxylate + L-Glutamate + H2O	2.6.1.13	K00819	26	1
Glutamate	C00025	SYNTHESIS	2-oxoglutarate transform to glutamate	R01648	4-Aminobutanoate + 2-Oxoglutarate <=> Succinate semialdehyde + L-Glutamate	2.6.1.19; 2.6.1.55	K00823;K07250;K13524;K14268;K15372	27	1
Glutamate	C00025	SYNTHESIS	2-oxoglutarate transform to glutamate	R00908	beta-Alanine + 2-Oxoglutarate <=> 3-Oxopropanoate + L-Glutamate	2.6.1.19; 2.6.1.55	K00823;K07250;K13524;K14268;K15372	27	1
Glutamate	C00025	SYNTHESIS	2-oxoglutarate transform to glutamate	R01939	L-2-Aminoadipate + 2-Oxoglutarate <=> 2-Oxoadipate + L-Glutamate	2.6.1.39	K00825;K00838;K05825	28	1
Glutamate	C00025	SYNTHESIS	2-oxoglutarate transform to glutamate	R01090	L-Leucine + 2-Oxoglutarate <=> 4-Methyl-2-oxopentanoate + L-Glutamate	2.6.1.6; 2.6.1.42; 2.6.1.67	K00826	29	1
Glutamate	C00025	SYNTHESIS	2-oxoglutarate transform to glutamate	R01214	L-Valine + 2-Oxoglutarate <=> 3-Methyl-2-oxobutanoic acid + L-Glutamate	2.6.1.6; 2.6.1.42	K00826	29	1
Glutamate	C00025	SYNTHESIS	2-oxoglutarate transform to glutamate	R02199	L-Isoleucine + 2-Oxoglutarate <=> (S)-3-Methyl-2-oxopentanoic acid + L-Glutamate	2.6.1.42	K00826	29	1
Glutamate	C00025	SYNTHESIS	2-oxoglutarate transform to glutamate	R10991	(S)-2-Aminobutanoate + 2-Oxoglutarate <=> 2-Oxobutanoate + L-Glutamate	2.6.1.42	K00826	29	1
Glutamate	C00025	SYNTHESIS	2-oxoglutarate transform to glutamate	R00372	Glycine + 2-Oxoglutarate <=> Glyoxylate + L-Glutamate	2.6.1.4; 2.6.1.44	K00827;K00830;K14272	30	1
Glutamate	C00025	SYNTHESIS	2-oxoglutarate transform to glutamate	R04173	O-Phospho-L-serine + 2-Oxoglutarate <=> 3-Phosphonooxypyruvate + L-Glutamate	2.6.1.52	K00831	31	1
Glutamate	C00025	SYNTHESIS	2-oxoglutarate transform to glutamate	R05085	O-Phospho-4-hydroxy-L-threonine + 2-Oxoglutarate <=> 2-Oxo-3-hydroxy-4-phosphobutanoate + L-Glutamate	2.6.1.52	K00831	31	1
Glutamate	C00025	SYNTHESIS	2-oxoglutarate transform to glutamate	R10845	(2S,3S)-3-Methylphenylalanine + 2-Oxoglutarate <=> (3S)-2-Oxo-3-phenylbutanoate + L-Glutamate	2.6.1.57; 2.6.1.107	K00832	32	1
Glutamate	C00025	SYNTHESIS	2-oxoglutarate transform to glutamate	R03120	Aromatic amino acid + 2-Oxoglutarate <=> Aromatic oxo acid + L-Glutamate	2.6.1.57	K00832;K00838	32	1
Glutamate	C00025	SYNTHESIS	2-oxoglutarate transform to glutamate	R04217	N2-Succinyl-L-ornithine + 2-Oxoglutarate <=> N-Succinyl-L-glutamate 5-semialdehyde + L-Glutamate	2.6.1.81	K00840	33	1
Glutamate	C00025	SYNTHESIS	2-oxoglutarate transform to glutamate	R04217	N2-Succinyl-L-ornithine + 2-Oxoglutarate <=> N-Succinyl-L-glutamate 5-semialdehyde + L-Glutamate	2.6.1.81	K00840	33	1
Glutamate	C00025	SYNTHESIS	2-oxoglutarate transform to glutamate	R04467	N6-Acetyl-LL-2,6-diaminoheptanedioate + 2-Oxoglutarate <=> N-Acetyl-L-2-amino-6-oxopimelate + L-Glutamate	2.6.1.-	K00841	34	1
Glutamate	C00025	SYNTHESIS	2-oxoglutarate transform to glutamate	R04438	dTDP-4-amino-4,6-dideoxy-D-galactose + 2-Oxoglutarate <=> dTDP-4-oxo-6-deoxy-D-glucose + L-Glutamate	2.6.1.59	K02805	35	1
Glutamate	C00025	SYNTHESIS	2-oxoglutarate transform to glutamate	R00457	L-Lysine + 2-Oxoglutarate <=> L-2-Aminoadipate 6-semialdehyde + L-Glutamate	2.6.1.36	K03918	36	1
Glutamate	C00025	SYNTHESIS	2-oxoglutarate transform to glutamate	R04188	L-3-Aminoisobutanoate + 2-Oxoglutarate <=> (S)-Methylmalonate semialdehyde + L-Glutamate	2.6.1.22; 2.6.1.48	K07250;K13524;K14268	37	1
Glutamate	C00025	SYNTHESIS	2-oxoglutarate transform to glutamate	R02274	5-Aminopentanoate + 2-Oxoglutarate <=> 5-Oxopentanoate + L-Glutamate	2.6.1.48	K07250;K14268	37	1
Glutamate	C00025	SYNTHESIS	2-oxoglutarate transform to glutamate	R12214	Cadaverine + 2-Oxoglutarate <=> 5-Aminopentanal + L-Glutamate	2.6.1.82	K09251	38	1
Glutamate	C00025	SYNTHESIS	2-oxoglutarate transform to glutamate	R01155	Putrescine + 2-Oxoglutarate <=> 4-Aminobutyraldehyde + L-Glutamate	2.6.1.29; 2.6.1.82	K09251	38	1
Glutamate	C00025	SYNTHESIS	2-oxoglutarate transform to glutamate	R10064	Putrescine + 2-Oxoglutarate <=> 1-Pyrroline + L-Glutamate + H2O	2.6.1.82	K09251	38	1
Glutamate	C00025	SYNTHESIS	2-oxoglutarate transform to glutamate	R07613	LL-2,6-Diaminoheptanedioate + 2-Oxoglutarate <=> 2,3,4,5-Tetrahydrodipicolinate + L-Glutamate + H2O	2.6.1.83	K10206	39	1
Glutamate	C00025	SYNTHESIS	2-oxoglutarate transform to glutamate	R10460	GDP-4-amino-4,6-dideoxy-alpha-D-mannose + 2-Oxoglutarate <=> GDP-4-dehydro-6-deoxy-D-mannose + L-Glutamate	2.6.1.102	K13010	40	1
Glutamate	C00025	SYNTHESIS	2-oxoglutarate transform to glutamate	R02772	dTDP-4-acetamido-4,6-dideoxy-D-glucose + 2-Oxoglutarate + CoA <=> dTDP-4-oxo-6-deoxy-D-glucose + L-Glutamate + Acetyl-CoA	2.6.1.33	K13308;K20428;K20429;K21328	41	1
Glutamate	C00025	SYNTHESIS	2-oxoglutarate transform to glutamate	R02773	dTDP-4-amino-4,6-dideoxy-D-glucose + 2-Oxoglutarate <=> dTDP-4-oxo-6-deoxy-D-glucose + L-Glutamate	2.6.1.33	K13308;K20428;K20429;K21328	41	1
Glutamate	C00025	SYNTHESIS	2-oxoglutarate transform to glutamate	R08897	Neamine + 2-Oxoglutarate <=> 6'-Dehydro-6'-oxoparomamine + L-Glutamate	2.6.1.93	K13553;K20567;K20568	42	1
Glutamate	C00025	SYNTHESIS	2-oxoglutarate transform to glutamate	R00684	L-Tryptophan + 2-Oxoglutarate <=> Indolepyruvate + L-Glutamate	2.6.1.27	K14265	43	1
Glutamate	C00025	SYNTHESIS	2-oxoglutarate transform to glutamate	R02700	5-Hydroxy-L-tryptophan + 2-Oxoglutarate <=> 5-Hydroxyindolepyruvate + L-Glutamate	2.6.1.27	K14265	43	1
Glutamate	C00025	SYNTHESIS	2-oxoglutarate transform to glutamate	R07277	Nicotianamine + 2-Oxoglutarate <=> 3''-Deamino-3''-oxonicotianamine + L-Glutamate	2.6.1.80	K14271	44	1
Glutamate	C00025	SYNTHESIS	2-oxoglutarate transform to glutamate	R01684	Taurine + 2-Oxoglutarate <=> Sulfoacetaldehyde + L-Glutamate	2.6.1.55	K15372	45	1
Glutamate	C00025	SYNTHESIS	2-oxoglutarate transform to glutamate	R07276	L-Arogenate + 2-Oxoglutarate <=> Prephenate + L-Glutamate	2.6.1.79	K15849	46	1
Glutamate	C00025	SYNTHESIS	2-oxoglutarate transform to glutamate	R09825	UDP-4-amino-4,6-dideoxy-N-acetyl-beta-L-altrosamine + 2-Oxoglutarate <=> UDP-2-acetamido-2,6-dideoxy-beta-L-arabino-hexos-4-ulose + L-Glutamate	2.6.1.92	K15895	47	1
Glutamate	C00025	SYNTHESIS	2-oxoglutarate transform to glutamate	R04529	UDP-2-acetamido-4-amino-2,4,6-trideoxy-alpha-D-glucose + 2-Oxoglutarate <=> UDP-2-acetamido-4-dehydro-2,6-dideoxyglucose + L-Glutamate	2.6.1.34	K15910;K24302	48	1
Glutamate	C00025	SYNTHESIS	2-oxoglutarate transform to glutamate	R06634	3,5-Dihydroxy-phenylglycine + 2-Oxoglutarate <=> 3,5-Dihydroxyphenylglyoxylate + L-Glutamate	2.6.1.103	K16423	49	1
Glutamate	C00025	SYNTHESIS	2-oxoglutarate transform to glutamate	R10698	Kanosamine 6-phosphate + 2-Oxoglutarate <=> 3-Dehydro-D-glucose 6-phosphate + L-Glutamate	2.6.1.104	K18653	50	1
Glutamate	C00025	SYNTHESIS	2-oxoglutarate transform to glutamate	R11395	8-Amino-3,8-dideoxy-D-manno-octulosonate + 2-Oxoglutarate <=> 8-Dehydro-3-deoxy-D-manno-octulosonate + L-Glutamate	2.6.1.109	K19715	51	1
Glutamate	C00025	SYNTHESIS	2-oxoglutarate transform to glutamate	R08903	Neomycin C + 2-Oxoglutarate <=> 6'''-Deamino-6'''-oxoneomycin C + L-Glutamate	2.6.1.95	K20567	52	1
Glutamate	C00025	SYNTHESIS	2-oxoglutarate transform to glutamate	R10094	2'-Deamino-2'-hydroxyneamine + 2-Oxoglutarate <=> 2'-Deamino-2'-hydroxy-6'-dehydroparomamine + L-Glutamate	2.6.1.94	K20568	53	1
Glutamate	C00025	SYNTHESIS	2-oxoglutarate transform to glutamate	R11269	Kanamycin A + 2-Oxoglutarate <=> 6'-Oxokanamycin X + L-Glutamate	2.6.1.94	K20568	53	1
Glutamate	C00025	SYNTHESIS	2-oxoglutarate transform to glutamate	R11270	Kanamycin B + 2-Oxoglutarate <=> 6'-Oxokanamycin C + L-Glutamate	2.6.1.94	K20568	53	1
Glutamate	C00025	SYNTHESIS	2-oxoglutarate transform to glutamate	R11285	Paromomycin II + 2-Oxoglutarate <=> 6'''-Deamino-6'''-oxoparomomycin II + L-Glutamate	2.6.1.-	K20585	54	1
Glutamate	C00025	SYNTHESIS	2-oxoglutarate transform to glutamate	R09824	dTDP-3-amino-3,6-dideoxy-alpha-D-galactopyranose + 2-Oxoglutarate <=> dTDP-3-dehydro-6-deoxy-alpha-D-galactopyranose + L-Glutamate	2.6.1.90	K20680	55	1
Glutamate	C00025	SYNTHESIS	2-oxoglutarate transform to glutamate	R11475	dTDP-4-amino-2,4-dideoxy-beta-L-xylose + 2-Oxoglutarate <=> dTDP-4-oxo-2-deoxy-beta-L-xylose + L-Glutamate	2.6.1.-	K21328	56	1
Glutamate	C00025	SYNTHESIS	2-oxoglutarate transform to glutamate	R11607	3-Aminobutanoyl-CoA + 2-Oxoglutarate <=> Acetoacetyl-CoA + L-Glutamate	2.6.1.111	K21585	57	1
Glutamate	C00025	SYNTHESIS	glutamine transform to glutamate	R00768	L-Glutamine + D-Fructose 6-phosphate <=> L-Glutamate + D-Glucosamine 6-phosphate	2.6.1.16	K00820	58	1
Glutamate	C00025	SYNTHESIS	glutamine transform to glutamate	R00256	L-Glutamine + H2O <=> L-Glutamate + Ammonia	1.4.1.13;1.4.1.14;1.4.7.1;3.5.1.2;3.5.1.38;4.3.2.10;4.3.3.6;6.3.4.2;6.3.5.2;6.3.5.4;6.3.5.5;6.3.5.13	K01425;K01954;K01955;K01956;K05597;K11540;K11541;K23265	59	1
Glutamate	C00025	SYNTHESIS	glutamine transform to glutamate	R00986	Chorismate + L-Glutamine <=> Anthranilate + Pyruvate + L-Glutamate	4.1.3.27	K01656;K01657;K01658;K13497;K13501;K13503	60	1
Glutamate	C00025	SYNTHESIS	glutamine transform to glutamate	R04558	N-(5'-Phospho-D-1'-ribulosylformimino)-5-amino-1-(5''-phospho-D-ribosyl)-4-imidazolecarboxamide + L-Glutamine <=> D-erythro-1-(Imidazol-4-yl)glycerol 3-phosphate + 1-(5'-Phosphoribosyl)-5-amino-4-imidazolecarboxamide + L-Glutamate	4.3.2.10	K01663;K02500;K02501	61	1
Glutamate	C00025	SYNTHESIS	glutamine transform to glutamate	R00573	ATP + UTP + L-Glutamine + H2O <=> ADP + Orthophosphate + CTP + L-Glutamate	6.3.4.2	K01937	62	1
Glutamate	C00025	SYNTHESIS	glutamine transform to glutamate	R00257	ATP + Deamino-NAD+ + L-Glutamine + H2O <=> AMP + Diphosphate + NAD+ + L-Glutamate	6.3.5.1	K01950	63	1
Glutamate	C00025	SYNTHESIS	glutamine transform to glutamate	R08244	6-Thioxanthine 5'-monophosphate + ATP + L-Glutamine + H2O <=> 6-Thioguanosine monophosphate + AMP + Diphosphate + L-Glutamate	6.3.5.2	K01951	64	1
Glutamate	C00025	SYNTHESIS	glutamine transform to glutamate	R01231	ATP + Xanthosine 5'-phosphate + L-Glutamine + H2O <=> AMP + Diphosphate + GMP + L-Glutamate	6.3.5.2	K01951	64	1
Glutamate	C00025	SYNTHESIS	glutamine transform to glutamate	R04463	ATP + 5'-Phosphoribosyl-N-formylglycinamide + L-Glutamine + H2O <=> ADP + Orthophosphate + 2-(Formamido)-N1-(5'-phosphoribosyl)acetamidine + L-Glutamate	6.3.5.3	K01952;K23264;K23265;K23269;K23270	65	1
Glutamate	C00025	SYNTHESIS	glutamine transform to glutamate	R00578	ATP + L-Aspartate + L-Glutamine + H2O <=> AMP + Diphosphate + L-Asparagine + L-Glutamate	6.3.5.4	K01953	66	1
Glutamate	C00025	SYNTHESIS	glutamine transform to glutamate	R00575	2 ATP + L-Glutamine + HCO3- + H2O <=> 2 ADP + Orthophosphate + L-Glutamate + Carbamoyl phosphate	6.3.5.5	K01954;K01955;K01956;K11540;K11541	67	1
Glutamate	C00025	SYNTHESIS	glutamine transform to glutamate	R12352	N3-Fumaroyl-L-2,3-diaminopropanoate + L-Glutamine + ATP + H2O <=> 3-{[(2E)-4-Amino-4-oxobut-2-enoyl]amino}-L-alanine + L-Glutamate + ADP + Orthophosphate	6.3.5.-	K01957	68	1
Glutamate	C00025	SYNTHESIS	glutamine transform to glutamate	R09598	Cobyrinate + L-Glutamine + ATP + H2O <=> Cobyrinate c-monamide + L-Glutamate + ADP + Orthophosphate	6.3.5.11	K02224	69	1
Glutamate	C00025	SYNTHESIS	glutamine transform to glutamate	R09599	Cobyrinate c-monamide + L-Glutamine + ATP + H2O <=> Cob(II)yrinate a,c diamide + L-Glutamate + ADP + Orthophosphate	6.3.5.11	K02224	69	1
Glutamate	C00025	SYNTHESIS	glutamine transform to glutamate	R05224	Hydrogenobyrinate + 2 L-Glutamine + 2 ATP + 2 H2O <=> Hydrogenobyrinate a,c diamide + 2 Orthophosphate + 2 L-Glutamate + 2 ADP	6.3.5.9	K02224	69	1
Glutamate	C00025	SYNTHESIS	glutamine transform to glutamate	R05815	Cobyrinate + 2 L-Glutamine + 2 ATP + 2 H2O <=> Cob(II)yrinate a,c diamide + 2 L-Glutamate + 2 ADP + 2 Orthophosphate	6.3.5.11	K02224	69	1
Glutamate	C00025	SYNTHESIS	glutamine transform to glutamate	R05225	Adenosyl cobyrinate a,c diamide + 4 L-Glutamine + 4 ATP + 4 H2O <=> Adenosyl cobyrinate hexaamide + 4 L-Glutamate + 4 Orthophosphate + 4 ADP	6.3.5.10	K02232	70	1
Glutamate	C00025	SYNTHESIS	glutamine transform to glutamate	R07456	D-Glyceraldehyde 3-phosphate + D-Ribulose 5-phosphate + L-Glutamine <=> Pyridoxal phosphate + L-Glutamate + Orthophosphate + 3 H2O	4.3.3.6	K06215;K08681	71	1
Glutamate	C00025	SYNTHESIS	glutamine transform to glutamate	R10089	D-Ribose 5-phosphate + D-Glyceraldehyde 3-phosphate + L-Glutamine <=> Pyridoxal phosphate + L-Glutamate + 3 H2O + Orthophosphate	4.3.3.6	K06215;K08681	71	1
Glutamate	C00025	SYNTHESIS	glutamine transform to glutamate	R09195	ATP + Malonyl-CoA + L-Glutamine + H2O <=> AMP + Diphosphate + Malonamoyl-CoA + L-Glutamate	6.3.5.-	K14244	72	1
Glutamate	C00025	SYNTHESIS	glutamine transform to glutamate	R11515	ATP + Malonyl-[acyl-carrier protein] + L-Glutamine + H2O <=> AMP + Diphosphate + Malonamoyl-[acyl-carrier protein] + L-Glutamate	6.3.5.-	K14244	72	1
Glutamate	C00025	SYNTHESIS	glutamine transform to glutamate	R01716	Chorismate + L-Glutamine <=> 4-Amino-4-deoxychorismate + L-Glutamate	2.6.1.85	K01664;K01665;K03342;K13950	73	1
Glutamate	C00025	SYNTHESIS	glutamine transform to glutamate	R11627	Nickel-sirohydrochlorin + 2 ATP + 2 L-Glutamine + 2 H2O <=> Nickel-sirohydrochlorin a,c-diamide + 2 ADP + 2 L-Glutamate + 2 Orthophosphate	6.3.5.12	K22012	74	1
Glutamate	C00025	SYNTHESIS	glutamine transform to glutamate	R12590	UDP-N-acetyl-D-galactosaminuronic acid + ATP + L-Glutamine + H2O <=> UDP-2-acetamido-2-deoxy-alpha-D-galacturonamide + AMP + L-Glutamate + Diphosphate	6.3.5.-	K24327	75	1
Glutamate	C00025	SYNTHESIS	glutamine transform to glutamate	R04212	L-Asparaginyl-tRNA(Asn) + L-Glutamate + Orthophosphate + ADP <=> L-Aspartyl-tRNA(Asn) + L-Glutamine + ATP + H2O	6.3.5.6	K02433;K02434;K02435	76	1
Glutamate	C00025	SYNTHESIS	glutamine transform to glutamate	R03905	Glutaminyl-tRNA + L-Glutamate + Orthophosphate + ADP <=> L-Glutamyl-tRNA(Gln) + L-Glutamine + ATP + H2O	6.3.5.7	K02433;K02434;K02435;K03330;K03865;K09482	76	1
Glutamate	C00025	BREAKDOWN	glutamate transform to formimino-glutamate	R02287	5-Formiminotetrahydrofolate + L-Glutamate <=> Tetrahydrofolate + N-Formimino-L-glutamate	2.1.2.5	K00603;K13990	77	1
Glutamate	C00025	BREAKDOWN	glutamate transform to formyl-glutamate	R03189	Folinic acid + L-Glutamate <=> Tetrahydrofolate + N-Formyl-L-glutamate	2.1.2.5	K00603;K13990	77	1
Glutamate	C00025	BREAKDOWN	glutamate transform to acetyl-glutamate	R00259	Acetyl-CoA + L-Glutamate <=> CoA + N-Acetyl-L-glutamate	2.3.1.1	K00618;K00619;K00620;K11067;K14681;K14682;K22476;K22477;K22478	78	1
Glutamate	C00025	BREAKDOWN	glutamate transform to acetyl-glutamate	R02282	N-Acetylornithine + L-Glutamate <=> L-Ornithine + N-Acetyl-L-glutamate	2.3.1.35	K00620	78	1
Glutamate	C00025	BREAKDOWN	glutamate transform to glutamyl-cyanoalanine	R03970	3-Cyano-L-alanine + L-Glutamate <=> gamma-Glutamyl-beta-cyanoalanine + H2O	2.3.2.2	K00681;K18592	79	1
Glutamate	C00025	BREAKDOWN	glutamate transform to glutamyl-aminopropionitrile	R03971	3-Aminopropiononitrile + L-Glutamate <=> gamma-Glutamyl-beta-aminopropiononitrile + H2O	2.3.2.2	K00681;K18592	79	1
Glutamate	C00025	BREAKDOWN	glutamate transform to glutamyl-5-p	R00239	ATP + L-Glutamate <=> ADP + L-Glutamyl 5-phosphate	2.7.2.11	K00931;K12657	80	1
Glutamate	C00025	BREAKDOWN	glutamate breakdown to 4-aminobutanoate	R00261	L-Glutamate <=> 4-Aminobutanoate + CO2	4.1.1.15	K01580	81	1
Glutamate	C00025	BREAKDOWN	glutamate transform to d-glutamate	R00260	L-Glutamate <=> D-Glutamate	5.1.1.3	K01776	82	1
Glutamate	C00025	BREAKDOWN	glutamate transform to glutamyl-tRNA	R05578	tRNA(Glu) + L-Glutamate + ATP <=> L-Glutamyl-tRNA(Glu) + Diphosphate + AMP	6.1.1.17; 6.1.1.24	K01885;K09698;K14163	83	1
Glutamate	C00025	BREAKDOWN	glutamate transform to glutamine	R00253	ATP + L-Glutamate + Ammonia <=> ADP + Orthophosphate + L-Glutamine	6.3.1.2	K01915;K06016;K00618;K00619;K00620;K11067;K14681;K14682;K22476;K22477;K22478	84	1
Glutamate	C00025	BREAKDOWN	glutamate transform to glutamyl-cysteine	R00894	ATP + L-Glutamate + L-Cysteine <=> ADP + Orthophosphate + gamma-L-Glutamyl-L-cysteine	6.3.2.2	K01919;K06048;K11204;K11205	85	1
Glutamate	C00025	BREAKDOWN	glutamate transform to glutamyl-aminobutyrate	R10993	ATP + L-Glutamate + (S)-2-Aminobutanoate <=> ADP + Orthophosphate + gamma-L-Glutamyl-L-2-aminobutyrate	6.3.2.2	K01919;K11204;K11205	85	1
Glutamate	C00025	BREAKDOWN	glutamate transform to DHF	R02237	ATP + Dihydropteroate + L-Glutamate <=> ADP + Orthophosphate + Dihydrofolate	6.3.2.12; 6.3.2.17	K01930;K11754;K20457;K22099;K24102	86	1
Glutamate	C00025	BREAKDOWN	glutamate transform to THF-glutamate	R00942	ATP + Tetrahydrofolate + L-Glutamate <=> ADP + Orthophosphate + THF-L-glutamate	6.3.2.17	K01930;K11754;K22099	86	1
Glutamate	C00025	BREAKDOWN	glutamate transform to THF-polyglutamate	R04241	ATP + THF-polyglutamate(n) + L-Glutamate <=> ADP + Orthophosphate + THF-polyglutamate(n+1)	6.3.2.17	K01930;K11754;K22099	86	1
Glutamate	C00025	BREAKDOWN	glutamate transform to Formy-THF-polyglutamate	R05197	n-1 ATP + (6R)-10-Formyltetrahydropteroyldiglutamate + n-1 L-Glutamate <=> n-1 ADP + n-1 Orthophosphate + 10-Formyltetrahydrofolylpolyglutamate	6.3.2.17	K01930;K11754;K22099	86	1
Glutamate	C00025	BREAKDOWN	glutamate transform to methyl-glutamine	R01585	ATP + L-Glutamate + Methylamine <=> ADP + Orthophosphate + N5-Methyl-L-glutamine	6.3.4.12	K01949	87	1
Glutamate	C00025	BREAKDOWN	glutamate transform to carbamyl-glutamate	R00254	L-Glutamate + Ammonia + CO2 <=> N-Carbamyl-L-glutamate + H2O	3.5.1.87	K06016	88	1
Glutamate	C00025	BREAKDOWN	glutamate transform to glutamyltramine	R10902	ATP + Tyramine + L-Glutamate <=> ADP + Orthophosphate + gamma-Glutamyltyramine	6.3.4.24	K06914	89	1
Glutamate	C00025	BREAKDOWN	glutamate transform to glutamylputrescine	R07414	ATP + L-Glutamate + Putrescine <=> ADP + Orthophosphate + gamma-L-Glutamylputrescine	6.3.1.11	K09470	90	1
Glutamate	C00025	BREAKDOWN	glutamate transform to glutamyl-tRNA	R03651	ATP + L-Glutamate + tRNA(Gln) <=> AMP + Diphosphate + L-Glutamyl-tRNA(Gln)	6.1.1.24	K09698	91	1
Glutamate	C00025	BREAKDOWN	glutamate transform to Formyltetrahydropteroyldiglutamate	R01654	ATP + 10-Formyltetrahydrofolate + L-Glutamate <=> ADP + Orthophosphate + (6R)-10-Formyltetrahydropteroyldiglutamate	6.3.2.12; 6.3.2.17	K11754;K20457;K22099;K24102;K01930;K11754;K22099	92	1
Glutamate	C00025	BREAKDOWN	glutamate transform to coenzyme F420-1	R09399	Coenzyme F420-0 + GTP + L-Glutamate <=> Coenzyme F420-1 + GDP + Orthophosphate	6.3.2.31	K12234	93	1
Glutamate	C00025	BREAKDOWN	glutamate transform to coenzyme F420	R09400	Coenzyme F420-1 + GTP + L-Glutamate <=> Coenzyme F420 + GDP + Orthophosphate	6.3.2.34	K12234	93	1
Glutamate	C00025	BREAKDOWN	glutamate transform to glutamyl-acp	R08905	ATP + L-Glutamate + Acyl-carrier protein <=> ADP + Orthophosphate + gamma-L-Glutamyl-[acp]	6.2.1.39	K13559	94	1
Glutamate	C00025	BREAKDOWN	glutamate transform to Glutamylaminobutanoyl-[acp]	R08906	ATP + L-Glutamate + 4-Aminobutyryl-[acp] <=> ADP + Orthophosphate + 4-(gamma-L-Glutamylamino)butanoyl-[acp]	6.2.1.39	K13559	94	1
Glutamate	C00025	BREAKDOWN	glutamate transform to coenzyme F420-3	R09401	ATP + Coenzyme F420 + L-Glutamate <=> ADP + Coenzyme F420-3 + Orthophosphate	6.3.2.32	K14940	95	1
Glutamate	C00025	BREAKDOWN	glutamate transform to Tetrahydrosarcinapterin	R09594	ATP + 5,6,7,8-Tetrahydromethanopterin + L-Glutamate <=> ADP + Orthophosphate + Tetrahydrosarcinapterin	6.3.2.33	K15740	96	1
Glutamate	C00025	BREAKDOWN	glutamate transform to citryl-glutamate	R10677	ATP + Citrate + L-Glutamate <=> ADP + Orthophosphate + beta-Citryl-L-glutamate	6.3.1.17	K18310	97	1
Glutamate	C00025	BREAKDOWN	glutamate transform acetylaspartylglutamate	R10678	ATP + N-Acetyl-L-aspartate + L-Glutamate <=> ADP + Orthophosphate + N-Acetylaspartylglutamate	6.3.1.17; 6.3.2.41; 6.3.2.42	K18310;K18311	97	1
Glutamate	C00025	BREAKDOWN	glutamate transform to acetylaspartylglutamate	R10679	2 ATP + N-Acetyl-L-aspartate + 2 L-Glutamate <=> 2 ADP + 2 Orthophosphate + N-Acetylaspartylglutamylglutamate	6.3.2.42	K18311	97	1
Glutamate	C00025	BREAKDOWN	glutamate transform to Acetylaspartylglutamylglutamate	R10693	ATP + N-Acetylaspartylglutamate + L-Glutamate <=> ADP + Orthophosphate + N-Acetylaspartylglutamylglutamate	6.3.2.42	K18311	97	1
Glutamate	C00025	BREAKDOWN	glutamate transform to 3-aminopentanedioate	R10153	L-Glutamate <=> 3-Aminopentanedioate	5.4.3.9	K19814	98	1
Glutamate	C00025	BREAKDOWN	glutamate transform to phenyl-glutamine	R10772	ATP + L-Glutamate + Aniline <=> ADP + Orthophosphate + N5-Phenyl-L-glutamine	6.3.1.18	K20419	99	1
Glutamate	C00025	BREAKDOWN	glutamate transform to amino-carboxyethyl-glutamate	R11705	O-Phospho-L-serine + L-Glutamate <=> N-[(2S)-2-Amino-2-carboxyethyl]-L-glutamate + Orthophosphate	2.5.1.140	K21949	100	1
Glutamate	C00025	BREAKDOWN	glutamate transform to methyl-glutamate	R01586	Methylamine + L-Glutamate <=> Ammonia + N-Methyl-L-glutamate	2.1.1.21	K22081;K22082;K22083	101	1
Glutamate	C00025	BREAKDOWN	glutamate transform to glutamyl-proparglyglcine	R12410	L-Propargylglycine + L-Glutamate <=> gamma-L-Glutamyl-L-propargylglycine	6.3.2.-	K23672	102	1
Glutamate	C00025	BREAKDOWN	glutamate transform to ornithine	R10929	L-Glutamate + alpha-Aminoadipate carrier protein LysW + ATP <=> LysW-L-glutamate + ADP + Orthophosphate	6.3.2.-	K19412	103	1
Glutamate	C00025	BREAKDOWN	glutamate transform to ornithine	R10930	LysW-L-glutamate + ATP <=> LysW-L-glutamyl 5-phosphate + ADP	2.7.2.-	K05828	103	2
Glutamate	C00025	BREAKDOWN	glutamate transform to ornithine	R10931	LysW-L-glutamyl 5-phosphate + NADPH + H+ <=> LysW-L-glutamate 5-semialdehyde + NADP+ + Orthophosphate	1.2.1.-	K05829	103	3
Glutamate	C00025	BREAKDOWN	glutamate transform to ornithine	R10932	LysW-L-glutamate 5-semialdehyde + L-Glutamate <=> LysW-L-ornithine + 2-Oxoglutarate	2.6.1.-	K05830	103	4
Glutamate	C00025	BREAKDOWN	glutamate transform to ornithine	R10933	LysW-L-ornithine + H2O <=> L-Ornithine + alpha-Aminoadipate carrier protein LysW	3.5.1.132	K05831	103	5
Glutamate	C00025	BREAKDOWN	glutamate breakdown to 2-oxoglutarate	R00243	L-Glutamate + NAD+ + H2O <=> 2-Oxoglutarate + Ammonia + NADH + H+	1.4.1.2; 1.4.1.3; 1.4.1.4; 1.4.1.13; 1.4.1.14	K00260;K00261;K00262;K00265;K00266;K15371	104	1
Glutamate	C00025	BREAKDOWN	glutamate breakdown to 2-oxoglutarate	R00248	L-Glutamate + NADP+ + H2O <=> 2-Oxoglutarate + Ammonia + NADPH + H+	1.4.1.3;1.4.1.4;1.4.1.13	K00261;K00262;K00265;K00266	104	1
Glutamate	C00025	BREAKDOWN	glutamate breakdown to 2-oxoglutarate	R10086	L-Glutamate + 2 Oxidized ferredoxin + H2O <=> Ammonia + 2-Oxoglutarate + 2 Reduced ferredoxin + 2 H+	1.4.7.1	K00284	105	1
Glutamate	C00025	BREAKDOWN	glutamate breakdown to 2-oxoglutarate	R07396	4-Methylthio-2-oxobutanoic acid + L-Glutamate <=> L-Methionine + 2-Oxoglutarate	2.6.1.5; 2.6.1.57	K00815;K00832	106	1
Glutamate	C00025	BREAKDOWN	glutamate breakdown to 2-oxoglutarate	R06977	L-Glutamate + L-Aspartate 4-semialdehyde <=> 2-Oxoglutarate + L-2,4-Diaminobutanoate	2.6.1.76	K00836;K15785	107	1
Glutamate	C00025	BREAKDOWN	glutamate breakdown to 2-oxoglutarate	R09778	LysW-gamma-L-alpha-aminoadipate 6-semialdehyde + L-Glutamate <=> LysW-gamma-L-lysine + 2-Oxoglutarate	2.6.1.118	K05830	108	1
Glutamate	C00025	BREAKDOWN	glutamate breakdown to 2-oxoglutarate	R07659	UDP-L-Ara4O + L-Glutamate <=> UDP-L-Ara4N + 2-Oxoglutarate	2.6.1.87	K07806	109	1
Glutamate	C00025	BREAKDOWN	glutamate breakdown to 2-oxoglutarate	R10141	UDP-2-acetamido-2-deoxy-alpha-D-ribo-hex-3-uluronate + L-Glutamate <=> UDP-2-acetamido-3-amino-2,3-dideoxy-alpha-D-glucuronate + 2-Oxoglutarate	2.6.1.98	K13017	110	1
Glutamate	C00025	BREAKDOWN	glutamate breakdown to 2-oxoglutarate	R06426	dTDP-3-oxo-4,6-dideoxy-D-glucose + L-Glutamate <=> dTDP-3-amino-3,4,6-trideoxy-D-glucose + 2-Oxoglutarate	2.6.1.106	K13310;K16436	111	1
Glutamate	C00025	BREAKDOWN	glutamate breakdown to 2-oxoglutarate	R08931	dTDP-4-oxo-2,3,6-trideoxy-D-glucose + L-Glutamate <=> dTDP-4-amino-2,3,4,6-tetradeoxy-D-glucose + 2-Oxoglutarate	2.6.1.110	K13329	112	1
Glutamate	C00025	BREAKDOWN	glutamate breakdown to 2-oxoglutarate	R06586	UDP-3-ketoglucose + L-Glutamate <=> UDP-kanosamine + 2-Oxoglutarate	2.6.1.-	K16016;K20572	113	1
Glutamate	C00025	BREAKDOWN	glutamate breakdown to 2-oxoglutarate	R06631	dTDP-3,4-dioxo-2,6-dideoxy-D-glucose + L-Glutamate <=> dTDP-3-amino-2,3,6-trideoxy-4-keto-D-glucose + 2-Oxoglutarate	2.6.1.-	K16436	114	1
Glutamate	C00025	BREAKDOWN	glutamate breakdown to 2-oxoglutarate	R06423	3,6-Dideoxy-3-oxo-dTDP-D-glucose + L-Glutamate <=> dTDP-3-amino-3,6-dideoxy-D-glucose + 2-Oxoglutarate	2.6.1.89	K19854;K24250	115	1
Glutamate	C00025	BREAKDOWN	glutamate transform to 2-oxoglutarate	R11291	3''-Oxogentamicin A2 + L-Glutamate <=> 3''-Amino-3''-deoxygentamicin A2 + 2-Oxoglutarate	2.6.1.-	K20591	116	1
Glutamate	C00025	BREAKDOWN	glutamate transform to 2-oxoglutarate	R11298	6'-Oxo-G418 + L-Glutamate <=> Antibiotic JI-20Ba + 2-Oxoglutarate	2.6.1.-	K20596	117	1
Glutamate	C00025	BREAKDOWN	glutamate transform to 2-oxoglutarate	R11297	6'-Oxogentamicin X2 + L-Glutamate <=> Antibiotic JI-20A + 2-Oxoglutarate	2.6.1.-	K20596;K20597	117	1
Glutamate	C00025	BREAKDOWN	glutamate transform to 2-oxoglutarate	R11299	6'-Oxo-G418 + L-Glutamate <=> Antibiotic JI-20B + 2-Oxoglutarate		K20597	117	1
Glutamate	C00025	BREAKDOWN	glutamate transform to 2-oxoglutarate	R11960	L-Glutamate + FMN + Oxygen + H2O + 3 Acceptor <=> 2-Oxoglutarate + 8-Amino-8-demethylriboflavin 5'-phosphate + CO2 + 3 Reduced acceptor	2.6.1.114	K22598	118	1
Glutamate	C00025	BREAKDOWN	glutamate transform to 2-oxoglutarate	R11963	L-Glutamate + 8-Carboxy-8-demethylriboflavin 5'-phosphate + H2O + 2 Acceptor <=> 2-Oxoglutarate + 8-Amino-8-demethylriboflavin 5'-phosphate + CO2 + 2 Reduced acceptor	2.6.1.114	K22598	118	1
Glutamate	C00025	BREAKDOWN	glutamate transform to acetyl-muramoyl-alanyl-glutamate	R12272	ATP + UDP-N-acetylmuramoyl-L-alanine + L-Glutamate <=> ADP + Orthophosphate + UDP-N-acetyl-alpha-D-muramoyl-L-alanyl-L-glutamate	6.3.2.53	K23169	119	1
Glutamate	C00025	BREAKDOWN	glutamate transform to 2-oxoglutarate	R12606	UDP-2-acetamido-2,6-dideoxy-beta-L-arabino-hexos-4-ulose + L-Glutamate <=> UDP-4-amino-4,6-dideoxy-N-acetyl-beta-L-idosamine + 2-Oxoglutarate	2.6.1.-	K24280	120	1
Glutamate	C00025	BREAKDOWN	glutamate breakdown to glutamine	R00093	2 L-Glutamate + NAD+ <=> L-Glutamine + 2-Oxoglutarate + NADH + H+	1.4.1.14	K00264	121	1
Glutamate	C00025	BREAKDOWN	glutamate breakdown to glutamine	R00114	2 L-Glutamate + NADP+ <=> L-Glutamine + 2-Oxoglutarate + NADPH + H+	1.4.1.13	K00265;K00266	122	1
Glutamate	C00025	BREAKDOWN	glutamate breakdown to glutamine	R00021	2 L-Glutamate + 2 Oxidized ferredoxin <=> L-Glutamine + 2-Oxoglutarate + 2 Reduced ferredoxin + 2 H+	1.4.3.11	K00284	123	1
Glutamate	C00025	BREAKDOWN	glutamate breakdown to glutamine	R01072	5-Phosphoribosylamine + Diphosphate + L-Glutamate <=> L-Glutamine + 5-Phospho-alpha-D-ribose 1-diphosphate + H2O	2.4.2.14	K00764	124	1
Glutamate	C00025	BREAKDOWN	glutamate breakdown to 2-oxoglutarate	R11409	GDP-4-dehydro-6-deoxy-D-mannose + L-Glutamate <=> GDP-4-dehydro-3,6-dideoxy-alpha-D-mannose + 2-Oxoglutarate + Ammonia	4.2.1.168	K21131	125	1
Glutamate	C00025	BREAKDOWN	glutamate breakdown to glutamine	R08956	2-Amino-2-deoxyisochorismate + L-Glutamate <=> Chorismate + L-Glutamine	2.6.1.86	K13063;K20159;K21175	126	1
Glutamine	C00064	SYNTHESIS	glutamine synthesis from acyl-glutamine	R12478	N-Acyl-L-glutamine + H2O <=> L-Glutamine + Carboxylate	3.5.1.133	K23726	1	1
Glutamine	C00064	SYNTHESIS	glutamine synthesis from glutamate	R00253	ATP + L-Glutamate + Ammonia <=> ADP + Orthophosphate + L-Glutamine	6.3.1.2	K01915	2	1
Glutamine	C00064	BREAKDOWN	glutamine transform to glutamate	R00093	2 L-Glutamate + NAD+ <=> L-Glutamine + 2-Oxoglutarate + NADH + H+	1.4.1.14	K00264	3	1
Glutamine	C00064	BREAKDOWN	glutamine transform to glutamate	R00114	2 L-Glutamate + NADP+ <=> L-Glutamine + 2-Oxoglutarate + NADPH + H+	1.4.1.13; 1.4.1.14	K00264;K00265;K00266	3	1
Glutamine	C00064	BREAKDOWN	glutamine transform to glutamate	R00021	2 L-Glutamate + 2 Oxidized ferredoxin <=> L-Glutamine + 2-Oxoglutarate + 2 Reduced ferredoxin + 2 H+	1.4.7.1	K00284	4	1
Glutamine	C00064	BREAKDOWN	glutamine transform to glutamate	R01072	5-Phosphoribosylamine + Diphosphate + L-Glutamate <=> L-Glutamine + 5-Phospho-alpha-D-ribose 1-diphosphate + H2O	2.4.2.14	K00764	5	1
Glutamine	C00064	BREAKDOWN	glutamine transform to glutamate	R03905	Glutaminyl-tRNA + L-Glutamate + Orthophosphate + ADP <=> L-Glutamyl-tRNA(Gln) + L-Glutamine + ATP + H2O	6.3.5.6; 6.3.5.7	K02433;K02434;K02435;K03330;K03865;K09482	6	1
Glutamine	C00064	BREAKDOWN	glutamine transform to glutamate	R04212	L-Asparaginyl-tRNA(Asn) + L-Glutamate + Orthophosphate + ADP <=> L-Aspartyl-tRNA(Asn) + L-Glutamine + ATP + H2O	6.3.5.6	K02433;K02434;K02435	6	1
Glutamine	C00064	BREAKDOWN	glutamine transform to glutamate	R08956	2-Amino-2-deoxyisochorismate + L-Glutamate <=> Chorismate + L-Glutamine	2.6.1.86	K13063;K20159;K21175	7	1
Glutamine	C00064	BREAKDOWN	glutamine transform to glutamate	R00768	L-Glutamine + D-Fructose 6-phosphate <=> L-Glutamate + D-Glucosamine 6-phosphate	2.6.1.16	K00820	8	1
Glutamine	C00064	BREAKDOWN	glutamine transform to glutamate	R00256	L-Glutamine + H2O <=> L-Glutamate + Ammonia	1.4.1.13; 1.4.1.14; 1.4.7.1; 3.5.1.2; 3.5.1.38; 4.3.2.10; 4.3.3.6; 6.3.4.2; 6.3.5.2; 6.3.5.4; 6.3.5.5; 6.3.5.13	K01425;K01954;K01955;K01956;K05597;K11540;K11541;K23265	9	1
Glutamine	C00064	BREAKDOWN	glutamine transform to glutamate	R00986	Chorismate + L-Glutamine <=> Anthranilate + Pyruvate + L-Glutamate	4.1.3.27	K01656;K01657;K01658;K13497;K13501;K13503	10	1
Glutamine	C00064	BREAKDOWN	glutamine transform to glutamate	R04558	N-(5'-Phospho-D-1'-ribulosylformimino)-5-amino-1-(5''-phospho-D-ribosyl)-4-imidazolecarboxamide + L-Glutamine <=> D-erythro-1-(Imidazol-4-yl)glycerol 3-phosphate + 1-(5'-Phosphoribosyl)-5-amino-4-imidazolecarboxamide + L-Glutamate	4.3.2.10	K01663;K02500;K02501	11	1
Glutamine	C00064	BREAKDOWN	glutamine transform to glutamate	R01716	Chorismate + L-Glutamine <=> 4-Amino-4-deoxychorismate + L-Glutamate	2.6.1.85	K01664;K01665;K03342;K13950	12	1
Glutamine	C00064	BREAKDOWN	glutamine transform to glutamate	R00573	ATP + UTP + L-Glutamine + H2O <=> ADP + Orthophosphate + CTP + L-Glutamate	6.3.4.2	K01937	13	1
Glutamine	C00064	BREAKDOWN	glutamine transform to glutamate	R00257	ATP + Deamino-NAD+ + L-Glutamine + H2O <=> AMP + Diphosphate + NAD+ + L-Glutamate	6.3.5.1	K01950	14	1
Glutamine	C00064	BREAKDOWN	glutamine transform to glutamate	R01231	ATP + Xanthosine 5'-phosphate + L-Glutamine + H2O <=> AMP + Diphosphate + GMP + L-Glutamate	6.3.5.2	K01951	15	1
Glutamine	C00064	BREAKDOWN	glutamine transform to glutamate	R08244	6-Thioxanthine 5'-monophosphate + ATP + L-Glutamine + H2O <=> 6-Thioguanosine monophosphate + AMP + Diphosphate + L-Glutamate	6.3.5.2	K01951	15	1
Glutamine	C00064	BREAKDOWN	glutamine transform to glutamate	R04463	ATP + 5'-Phosphoribosyl-N-formylglycinamide + L-Glutamine + H2O <=> ADP + Orthophosphate + 2-(Formamido)-N1-(5'-phosphoribosyl)acetamidine + L-Glutamate	6.3.5.3	K01952;K23264;K23265;K23269;K23270	16	1
Glutamine	C00064	BREAKDOWN	glutamine transform to glutamate	R00578	ATP + L-Aspartate + L-Glutamine + H2O <=> AMP + Diphosphate + L-Asparagine + L-Glutamate	6.3.5.4	K01953	17	1
Glutamine	C00064	BREAKDOWN	glutamine transform to glutamate	R00575	2 ATP + L-Glutamine + HCO3- + H2O <=> 2 ADP + Orthophosphate + L-Glutamate + Carbamoyl phosphate	6.3.5.5	K01954;K01955;K01956;K11540;K11541	18	1
Glutamine	C00064	BREAKDOWN	glutamine transform to glutamate	R05224	Hydrogenobyrinate + 2 L-Glutamine + 2 ATP + 2 H2O <=> Hydrogenobyrinate a,c diamide + 2 Orthophosphate + 2 L-Glutamate + 2 ADP	6.3.5.9; 6.3.5.11	K02224	19	1
Glutamine	C00064	BREAKDOWN	glutamine transform to glutamate	R05815	Cobyrinate + 2 L-Glutamine + 2 ATP + 2 H2O <=> Cob(II)yrinate a,c diamide + 2 L-Glutamate + 2 ADP + 2 Orthophosphate	6.3.5.11	K02224	19	1
Glutamine	C00064	BREAKDOWN	glutamine transform to glutamate	R05225	Adenosyl cobyrinate a,c diamide + 4 L-Glutamine + 4 ATP + 4 H2O <=> Adenosyl cobyrinate hexaamide + 4 L-Glutamate + 4 Orthophosphate + 4 ADP	6.3.5.10	K02232	20	1
Glutamine	C00064	BREAKDOWN	glutamine transform to glutamate	R07456	D-Glyceraldehyde 3-phosphate + D-Ribulose 5-phosphate + L-Glutamine <=> Pyridoxal phosphate + L-Glutamate + Orthophosphate + 3 H2O	4.3.3.6	K06215;K08681	21	1
Glutamine	C00064	BREAKDOWN	glutamine transform to glutamate	R10089	D-Ribose 5-phosphate + D-Glyceraldehyde 3-phosphate + L-Glutamine <=> Pyridoxal phosphate + L-Glutamate + 3 H2O + Orthophosphate	4.3.3.6	K06215;K08681	21	1
Glutamine	C00064	BREAKDOWN	glutamine transform to glutamate	R09195	ATP + Malonyl-CoA + L-Glutamine + H2O <=> AMP + Diphosphate + Malonamoyl-CoA + L-Glutamate	6.3.5.-	K14244	22	1
Glutamine	C00064	BREAKDOWN	glutamine transform to glutamate	R11515	ATP + Malonyl-[acyl-carrier protein] + L-Glutamine + H2O <=> AMP + Diphosphate + Malonamoyl-[acyl-carrier protein] + L-Glutamate	6.3.5.-	K14244	22	1
Glutamine	C00064	BREAKDOWN	glutamine transform to glutamate	R11627	Nickel-sirohydrochlorin + 2 ATP + 2 L-Glutamine + 2 H2O <=> Nickel-sirohydrochlorin a,c-diamide + 2 ADP + 2 L-Glutamate + 2 Orthophosphate	6.3.5.12	K22012	23	1
Glutamine	C00064	BREAKDOWN	glutamine transform to glutamate	R12590	UDP-N-acetyl-D-galactosaminuronic acid + ATP + L-Glutamine + H2O <=> UDP-2-acetamido-2-deoxy-alpha-D-galacturonamide + AMP + L-Glutamate + Diphosphate	6.3.5.-	K24327	24	1
Glutamine	C00064	BREAKDOWN	glutamine transform to oxoglutaramate	R01375	L-Glutamine + Phenylpyruvate <=> 2-Oxoglutaramate + L-Phenylalanine	2.6.1.64	K00816	25	1
Glutamine	C00064	BREAKDOWN	glutamine transform to oxoglutaramate	R12352	N3-Fumaroyl-L-2,3-diaminopropanoate + L-Glutamine + ATP + H2O <=> 3-{[(2E)-4-Amino-4-oxobut-2-enoyl]amino}-L-alanine + L-Glutamate + ADP + Orthophosphate	6.3.5.-	K01957	26	1
Glutamine	C00064	BREAKDOWN	glutamine transform to oxoglutaramate	R02781	L-Glutamine + 2,4,6/3,5-Pentahydroxycyclohexanone <=> 2-Oxoglutaramate + 1-Amino-1-deoxy-scyllo-inositol	2.6.1.50	K05957	27	1
Glutamine	C00064	BREAKDOWN	glutamine transform to oxoglutaramate	R12507	L-Glutamine + 4-Methylthio-2-oxobutanoic acid <=> 2-Oxoglutaramate + L-Methionine	2.6.1.117	K08969;K23977	28	1
Glutamine	C00064	BREAKDOWN	glutamine transform to oxoglutaramate	R08890	2-Deoxy-scyllo-inosose + L-Glutamine <=> 2-Deoxy-scyllo-inosamine + 2-Oxoglutaramate	2.6.1.100	K13547	29	1
Glutamine	C00064	BREAKDOWN	glutamine transform to oxoglutaramate	R08891	3-Amino-2,3-dideoxy-scyllo-inosose + L-Glutamine <=> 2-Deoxystreptamine + 2-Oxoglutaramate	2.6.1.100	K13547	29	1
Glutamine	C00064	BREAKDOWN	glutamine transform to acyl-glutamine	R00577	Acyl-CoA + L-Glutamine <=> CoA + N-Acyl-L-glutamine	2.3.1.68	K22442	30	1
Glutamine	C00064	BREAKDOWN	glutamine transform to phospho-glutamine	R11941	ATP + L-Glutamine + H2O <=> AMP + Orthophosphate + N5-Phospho-L-glutamine	2.7.3.13	K22424	30	1
Glutamine	C00064	BREAKDOWN	glutamine transform to glutaminyl-tRNA	R03652	ATP + L-Glutamine + tRNA(Gln) <=> AMP + Diphosphate + Glutaminyl-tRNA	6.1.1.18	K01886	31	1
Ectoine	C06231	SYNTHESIS	Synthesis from Aspartate	R00480	ATP + L-aspartate = ADP + 4-phospho-L-aspartate	[EC:2.7.2.4]	K00928	1	1
Ectoine	C06231	SYNTHESIS	Synthesis from Aspartate	R02291	L-aspartate 4-semialdehyde + phosphate + NADP+ = L-4-aspartyl phosphate + NADPH + H+	[EC:1.2.1.11]	K00133	1	2
Ectoine	C06231	SYNTHESIS	Synthesis from Aspartate	R06977	L-2,4-diaminobutanoate + 2-oxoglutarate = L-aspartate 4-semialdehyde + L-glutamate	[EC:2.6.1.76]	K00836	1	3
Ectoine	C06231	SYNTHESIS	Synthesis from Aspartate	R06978	acetyl-CoA + L-2,4-diaminobutanoate = CoA + (2S)-4-acetamido-2-aminobutanoate	[EC:2.3.1.178]	K06718	1	4
Ectoine	C06231	SYNTHESIS	Synthesis from Aspartate	R06979	(2S)-4-acetamido-2-aminobutanoate = L-ectoine + H2O	[EC:4.2.1.108]	K06720	1	5
Ectoine	C06231	SYNTHESIS	Synthesis from Homoserine	R01773 R01775	L-homoserine + NAD(P)+ = L-aspartate 4-semialdehyde + NAD(P)H + H+	[EC:1.1.1.3]	K00003	1	1
Ectoine	C06231	SYNTHESIS	Synthesis from Homoserine	R06977	L-2,4-diaminobutanoate + 2-oxoglutarate = L-aspartate 4-semialdehyde + L-glutamate	[EC:2.6.1.76]	K00836	1	2
Ectoine	C06231	SYNTHESIS	Synthesis from Homoserine	R06978	acetyl-CoA + L-2,4-diaminobutanoate = CoA + (2S)-4-acetamido-2-aminobutanoate	[EC:2.3.1.178]	K06718	1	3
Ectoine	C06231	SYNTHESIS	Synthesis from Homoserine	R06979	(2S)-4-acetamido-2-aminobutanoate = L-ectoine + H2O	[EC:4.2.1.108]	K06720	1	4
Ectoine	C06231	BREAKDOWN	Ectoine transformation to 5-Hydroxyectoine	R08050	ectoine + 2-oxoglutarate + O2 = 5-hydroxyectoine + succinate + CO2	[EC:1.14.11.55]	K10674	1	1
Ectoine	C06231	BREAKDOWN	Ectoine recycling	R09800	ectoine + H2O = (2S)-2-acetamido-4-aminobutanoate	[EC:3.5.4.44]	K15783	1	1
Ectoine	C06231	BREAKDOWN	Ectoine recycling	R09801	(2S)-2-acetamido-4-aminobutanoate + H2O = L-2,4-diaminobutanoate + acetate	[EC:3.5.1.125]	K15784	1	2
Ectoine	C06231	BREAKDOWN	Ectoine recycling	R06977	L-2,4-diaminobutanoate + 2-oxoglutarate = L-aspartate 4-semialdehyde + L-glutamate	[EC:2.6.1.76]	K15785	1	3
Hydroxyectoine	C16432	SYNTHESIS	Synthesis from Ectoine	R08050	Ectoine + 2-Oxoglutarate + Oxygen <=> 5-Hydroxyectoine + Succinate + CO2	['1.14.11.55']	K10674	1	1
Sarcosine	C00213	SYNTHESIS	Synthesis from Creatine	R01566	Creatine + H2O <=> Sarcosine + Urea	3.5.3.3	K08688	1	1
Sarcosine	C00214	SYNTHESIS	Synthesis from Glycine betaine	R02821	Betaine + L-Homocysteine <=> N,N-Dimethylglycine + L-Methionine	2.1.1.5	K00544	1	1
Sarcosine	C00215	SYNTHESIS	Synthesis from Glycine betaine	R01564	N,N-Dimethylglycine + H2O + Oxygen <=> Sarcosine + Formaldehyde + Hydrogen peroxide	1.5.3.10	K00309	1	2
Sarcosine	C00216	SYNTHESIS	Synthesis from Glycine betaine	R01565	N,N-Dimethylglycine + Tetrahydrofolate + Electron-transferring flavoprotein <=> Sarcosine + 5,10-Methylenetetrahydrofolate + Reduced electron-transferring flavoprotein	1.5.8.4	K00315	1	2