,kingdom,phylum,class,order,family,genus,species
GCF_000011485.1,Bacteria,Cyanobacteria,Unclassified,Synechococcales,Prochloraceae,Prochlorococcus,Prochlorococcus marinus
GCF_000011965.2,Bacteria,Proteobacteria,Alphaproteobacteria,Rhodobacterales,Rhodobacteraceae,Ruegeria,Ruegeria pomeroyi
GCF_000012325.1,Bacteria,Proteobacteria,Gammaproteobacteria,Alteromonadales,Colwelliaceae,Colwellia,Colwellia psychrerythraea
GCF_000012985.1,Bacteria,Proteobacteria,Gammaproteobacteria,Oceanospirillales,Hahellaceae,Hahella,Hahella chejuensis
GCF_000013765.1,Bacteria,Proteobacteria,Gammaproteobacteria,Alteromonadales,Shewanellaceae,Shewanella,Shewanella denitrificans
GCF_000014045.1,Bacteria,Proteobacteria,Alphaproteobacteria,Rhodobacterales,Rhodobacteraceae,Roseobacter,Roseobacter denitrificans
GCF_000014065.1,Bacteria,Proteobacteria,Alphaproteobacteria,Rhodobacterales,Rhodobacteraceae,Ruegeria,Ruegeria sp. TM1040
GCF_000014225.1,Bacteria,Proteobacteria,Gammaproteobacteria,Alteromonadales,Pseudoalteromonadaceae,Pseudoalteromonas,Pseudoalteromonas atlantica
GCF_000014265.1,Bacteria,Cyanobacteria,Oscillatoriophycideae,Oscillatoriales,Microcoleaceae,Trichodesmium,Trichodesmium erythraeum
GCF_000014705.1,Bacteria,Proteobacteria,Gammaproteobacteria,Alteromonadales,Shewanellaceae,Shewanella,Shewanella frigidimarina
GCF_000014885.1,Bacteria,Proteobacteria,Gammaproteobacteria,Alteromonadales,Shewanellaceae,Shewanella,Shewanella piezotolerans
GCF_000015285.1,Bacteria,Proteobacteria,Gammaproteobacteria,Alteromonadales,Psychromonadaceae,Psychromonas,Psychromonas ingrahamii
GCF_000015365.1,Bacteria,Proteobacteria,Gammaproteobacteria,Alteromonadales,Alteromonadaceae,Marinobacter,Marinobacter hydrocarbonoclasticus
GCF_000015845.1,Bacteria,Proteobacteria,Gammaproteobacteria,Alteromonadales,Shewanellaceae,Shewanella,Shewanella baltica
GCF_000016425.1,Bacteria,Actinobacteria (Phylum),Actinobacteria (Class),Micromonosporales,Micromonosporaceae,Salinispora,Salinispora tropica
GCF_000017285.1,Bacteria,Proteobacteria,Gammaproteobacteria,Oceanospirillales,Oceanospirillaceae,Marinomonas,Marinomonas sp. MWYL1
GCF_000017325.1,Bacteria,Proteobacteria,Gammaproteobacteria,Alteromonadales,Shewanellaceae,Shewanella,Shewanella baltica
GCF_000017705.1,Bacteria,Proteobacteria,Gammaproteobacteria,Vibrionales,Vibrionaceae,Vibrio,Vibrio campbellii
GCF_000018025.1,Bacteria,Proteobacteria,Gammaproteobacteria,Alteromonadales,Shewanellaceae,Shewanella,Shewanella sediminis
GCF_000018265.1,Bacteria,Actinobacteria (Phylum),Actinobacteria (Class),Micromonosporales,Micromonosporaceae,Salinispora,Salinispora arenicola
GCF_000018285.1,Bacteria,Proteobacteria,Gammaproteobacteria,Alteromonadales,Shewanellaceae,Shewanella,Shewanella pealeana
GCF_000018765.1,Bacteria,Proteobacteria,Gammaproteobacteria,Alteromonadales,Shewanellaceae,Shewanella,Shewanella baltica
GCF_000019185.1,Bacteria,Proteobacteria,Gammaproteobacteria,Alteromonadales,Shewanellaceae,Shewanella,Shewanella halifaxensis
GCF_000019525.1,Bacteria,Proteobacteria,Gammaproteobacteria,Alteromonadales,Shewanellaceae,Shewanella,Shewanella woodyi
GCF_000020525.1,Bacteria,Chlorobi,Chlorobia,Chlorobiales,Chlorobiaceae,Chloroherpeton,Chloroherpeton thalassium
GCF_000020585.3,Bacteria,Proteobacteria,Gammaproteobacteria,Alteromonadales,Alteromonadaceae,Alteromonas,Alteromonas mediterranea
GCF_000021665.1,Bacteria,Proteobacteria,Gammaproteobacteria,Alteromonadales,Shewanellaceae,Shewanella,Shewanella baltica
GCF_000024805.1,Bacteria,Proteobacteria,Deltaproteobacteria,Myxococcales,Kofleriaceae,Haliangium,Haliangium ochraceum
GCF_000024825.1,Bacteria,Proteobacteria,Gammaproteobacteria,Vibrionales,Vibrionaceae,Vibrio,Vibrio antiquarius
GCF_000026085.1,Bacteria,Proteobacteria,Gammaproteobacteria,Alteromonadales,Pseudoalteromonadaceae,Pseudoalteromonas,Pseudoalteromonas haloplanktis
GCF_000055785.1,Bacteria,Proteobacteria,Gammaproteobacteria,Oceanospirillales,Halomonadaceae,Chromohalobacter,Chromohalobacter salexigens
GCF_000063505.1,Bacteria,Cyanobacteria,Unclassified,Synechococcales,Synechococcaceae,Synechococcus,Synechococcus sp. WH 7803
GCF_000091325.1,Bacteria,Proteobacteria,Gammaproteobacteria,Alteromonadales,Shewanellaceae,Shewanella,Shewanella violacea
GCF_000147735.2,Bacteria,Proteobacteria,Gammaproteobacteria,Alteromonadales,Shewanellaceae,Shewanella,Shewanella baltica
GCF_000153165.2,Bacteria,Bacteroidetes,Flavobacteriia,Flavobacteriales,Flavobacteriaceae,Maribacter,Maribacter sp. HTCC2170
GCF_000154745.2,Bacteria,Proteobacteria,Alphaproteobacteria,Rhodobacterales,Rhodobacteraceae,Phaeobacter,Phaeobacter inhibens
GCF_000154785.2,Bacteria,Proteobacteria,Alphaproteobacteria,Rhodobacterales,Rhodobacteraceae,Roseobacter,Roseobacter litoralis
GCF_000172635.2,Bacteria,Proteobacteria,Gammaproteobacteria,Alteromonadales,Alteromonadaceae,Alteromonas,Alteromonas macleodii
GCF_000178875.2,Bacteria,Proteobacteria,Gammaproteobacteria,Alteromonadales,Shewanellaceae,Shewanella,Shewanella baltica
GCF_000184065.1,Bacteria,Proteobacteria,Gammaproteobacteria,Alteromonadales,Pseudoalteromonadaceae,Pseudoalteromonas,Pseudoalteromonas sp. SM9913
GCF_000192865.1,Bacteria,Proteobacteria,Gammaproteobacteria,Oceanospirillales,Oceanospirillaceae,Marinomonas,Marinomonas mediterranea
GCF_000195975.1,Bacteria,Cyanobacteria,Unclassified,Synechococcales,Synechococcaceae,Synechococcus,Synechococcus sp. WH 8102
GCF_000196655.1,Archaea,Euryarchaeota,Methanomicrobia,Methanosarcinales,Methanosarcinaceae,Methanohalobium,Methanohalobium evestigatum
GCF_000196875.2,Bacteria,Proteobacteria,Gammaproteobacteria,Oceanospirillales,Halomonadaceae,Halomonas,Halomonas elongata
GCF_000204155.1,Bacteria,Actinobacteria (Phylum),Actinobacteria (Class),Micromonosporales,Micromonosporaceae,Verrucosispora,Verrucosispora maris
GCF_000213655.1,Bacteria,Proteobacteria,Gammaproteobacteria,Alteromonadales,Alteromonadaceae,Alteromonas,Alteromonas naphthalenivorans
GCF_000214215.1,Bacteria,Proteobacteria,Gammaproteobacteria,Oceanospirillales,Oceanospirillaceae,Marinomonas,Marinomonas posidonica
GCF_000215895.1,Bacteria,Proteobacteria,Gammaproteobacteria,Alteromonadales,Shewanellaceae,Shewanella,Shewanella baltica
GCF_000217675.1,Bacteria,Proteobacteria,Gammaproteobacteria,Vibrionales,Vibrionaceae,Vibrio,Vibrio anguillarum
GCF_000221005.1,Bacteria,Proteobacteria,Alphaproteobacteria,Rhizobiales,Brucellaceae,Brucella,Brucella pinnipedialis
GCF_000236645.1,Bacteria,Proteobacteria,Alphaproteobacteria,Rhodobacterales,Rhodobacteraceae,Pseudovibrio,Pseudovibrio sp. FO-BEG1
GCF_000241385.1,Bacteria,Proteobacteria,Gammaproteobacteria,Vibrionales,Vibrionaceae,Vibrio,Vibrio sp. EJY3
GCF_000266905.1,Bacteria,Actinobacteria (Phylum),Actinobacteria (Class),Corynebacteriales,Mycobacteriaceae,Mycobacterium,Mycobacterium chubuense
GCF_000267545.1,Bacteria,Proteobacteria,Gammaproteobacteria,Pseudomonadales,Pseudomonadaceae,Pseudomonas,Pseudomonas stutzeri
GCF_000283275.1,Bacteria,Proteobacteria,Gammaproteobacteria,Alteromonadales,Alteromonadaceae,Marinobacter,Marinobacter sp. BSs20148
GCF_000284615.1,Bacteria,Proteobacteria,Gammaproteobacteria,Alteromonadales,Alteromonadaceae,Marinobacter,Marinobacter hydrocarbonoclasticus
GCF_000299955.1,Bacteria,Proteobacteria,Gammaproteobacteria,Alteromonadales,Alteromonadaceae,Alteromonas,Alteromonas macleodii
GCF_000299995.1,Bacteria,Proteobacteria,Gammaproteobacteria,Alteromonadales,Alteromonadaceae,Alteromonas,Alteromonas macleodii
GCF_000300175.1,Bacteria,Proteobacteria,Gammaproteobacteria,Alteromonadales,Alteromonadaceae,Alteromonas,Alteromonas macleodii
GCF_000308235.1,Bacteria,Proteobacteria,Gammaproteobacteria,Pseudomonadales,Moraxellaceae,Acinetobacter,Acinetobacter venetianus
GCF_000310085.1,Bacteria,Proteobacteria,Gammaproteobacteria,Alteromonadales,Alteromonadaceae,Alteromonas,Alteromonas mediterranea
GCF_000327045.1,Bacteria,Proteobacteria,Gammaproteobacteria,Chromatiales,Chromatiaceae,Thioflavicoccus,Thioflavicoccus mobilis
GCF_000328405.1,Bacteria,Proteobacteria,Gammaproteobacteria,Vibrionales,Vibrionaceae,Vibrio,Vibrio parahaemolyticus
GCF_000341895.1,Bacteria,Proteobacteria,Deltaproteobacteria,Desulfovibrionales,Desulfovibrionaceae,Desulfovibrio,Desulfovibrio piezophilus
GCF_000347635.1,Bacteria,Proteobacteria,Gammaproteobacteria,Alteromonadales,Alteromonadaceae,Paraglaciecola,Paraglaciecola psychrophila
GCF_000418305.1,Bacteria,Proteobacteria,Gammaproteobacteria,Pseudomonadales,Moraxellaceae,Psychrobacter,Psychrobacter sp. G
GCF_000439495.1,Bacteria,Proteobacteria,Gammaproteobacteria,Alteromonadales,Alteromonadaceae,Alteromonas,Alteromonas mediterranea
GCF_000439535.1,Bacteria,Proteobacteria,Gammaproteobacteria,Alteromonadales,Alteromonadaceae,Alteromonas,Alteromonas mediterranea
GCF_000439575.1,Bacteria,Proteobacteria,Gammaproteobacteria,Alteromonadales,Alteromonadaceae,Alteromonas,Alteromonas mediterranea
GCF_000439595.1,Bacteria,Proteobacteria,Gammaproteobacteria,Alteromonadales,Alteromonadaceae,Alteromonas,Alteromonas mediterranea
GCF_000462975.1,Bacteria,Proteobacteria,Gammaproteobacteria,Vibrionales,Vibrionaceae,Vibrio,Vibrio anguillarum
GCF_000485905.1,Bacteria,Proteobacteria,Gammaproteobacteria,Chromatiales,Ectothiorhodospiraceae,Spiribacter,Spiribacter curvatus
GCF_000495635.1,Bacteria,Actinobacteria (Phylum),Actinobacteria (Class),Streptomycetales,Streptomycetaceae,Streptomyces,Streptomyces sp. GBA 94-10
GCF_000495755.1,Bacteria,Actinobacteria (Phylum),Actinobacteria (Class),Streptomycetales,Streptomycetaceae,Streptomyces,Streptomyces sp. PVA 94-07
GCF_000511355.1,Bacteria,Proteobacteria,Alphaproteobacteria,Rhodobacterales,Rhodobacteraceae,Leisingera,Leisingera methylohalidivorans
GCF_000511385.1,Bacteria,Proteobacteria,Alphaproteobacteria,Rhodobacterales,Rhodobacteraceae,Phaeobacter,Phaeobacter gallaeciensis
GCF_000568495.1,Bacteria,Proteobacteria,Gammaproteobacteria,Vibrionales,Vibrionaceae,Vibrio,Vibrio parahaemolyticus
GCF_000590795.1,Bacteria,Proteobacteria,Alphaproteobacteria,Rhizobiales,Brucellaceae,Brucella,Brucella ceti
GCF_000590815.1,Bacteria,Proteobacteria,Alphaproteobacteria,Rhizobiales,Brucellaceae,Brucella,Brucella ceti
GCF_000590925.1,Bacteria,Proteobacteria,Alphaproteobacteria,Rhodobacterales,Rhodobacteraceae,Roseibacterium,Roseibacterium elongatum
GCF_000661915.1,Bacteria,Proteobacteria,Gammaproteobacteria,Pseudomonadales,Pseudomonadaceae,Pseudomonas,Pseudomonas stutzeri
GCF_000737575.1,Bacteria,Cyanobacteria,Unclassified,Synechococcales,Synechococcaceae,Synechococcus,Synechococcus sp. KORDI-49
GCF_000746665.1,Bacteria,Proteobacteria,Gammaproteobacteria,Vibrionales,Vibrionaceae,Vibrio,Vibrio vulnificus
GCF_000772065.1,Bacteria,Proteobacteria,Gammaproteobacteria,Vibrionales,Vibrionaceae,Vibrio,Vibrio coralliilyticus
GCF_000772105.1,Bacteria,Proteobacteria,Gammaproteobacteria,Vibrionales,Vibrionaceae,Vibrio,Vibrio tubiashii
GCF_000786425.1,Bacteria,Proteobacteria,Gammaproteobacteria,Vibrionales,Vibrionaceae,Vibrio,Vibrio anguillarum
GCF_000788395.1,Bacteria,Proteobacteria,Gammaproteobacteria,Alteromonadales,Pseudoalteromonadaceae,Pseudoalteromonas,Pseudoalteromonas sp. OCN003
GCF_000815145.1,Bacteria,Firmicutes,Bacilli,Bacillales,Bacillaceae,Bacillus,Bacillus sp. Pc3
GCF_000953695.1,Bacteria,Proteobacteria,Gammaproteobacteria,Vibrionales,Vibrionaceae,Aliivibrio,Aliivibrio wodanis
GCF_000953735.1,Bacteria,Proteobacteria,Gammaproteobacteria,Alteromonadales,Moritellaceae,Moritella,Moritella viscosa
GCF_000954115.1,Bacteria,Actinobacteria (Phylum),Actinobacteria (Class),Corynebacteriales,Nocardiaceae,Rhodococcus,Rhodococcus sp. B7740
GCF_000967895.1,Bacteria,Proteobacteria,Gammaproteobacteria,Oceanospirillales,Oceanospirillaceae,Oleispira,Oleispira antarctica
GCF_000968135.1,Bacteria,Proteobacteria,Alphaproteobacteria,Rhodospirillales,Rhodospirillaceae,Magnetospira,Magnetospira sp. QH-2
GCF_000981565.1,Bacteria,Proteobacteria,Alphaproteobacteria,Rhizobiales,Hyphomicrobiaceae,Filomicrobium,Candidatus Filomicrobium marinum
GCF_000982975.1,Bacteria,Proteobacteria,Gammaproteobacteria,Oceanospirillales,Halomonadaceae,Halomonas,Halomonas sp. A3H3
GCF_001008165.2,Bacteria,Proteobacteria,Alphaproteobacteria,Sphingomonadales,Erythrobacteraceae,Altererythrobacter,Altererythrobacter atlanticus
GCF_001011155.1,Bacteria,Proteobacteria,Alphaproteobacteria,Rhizobiales,Phyllobacteriaceae,Hoeflea,Hoeflea sp. IMCC20628
GCF_001017655.1,Bacteria,Verrucomicrobia,Unclassified,Unclassified,Unclassified,Unclassified,Kiritimatiella glycovorans
GCF_001040845.1,Bacteria,Cyanobacteria,Unclassified,Synechococcales,Synechococcaceae,Synechococcus,Synechococcus sp. WH 8020
GCF_001043175.1,Bacteria,Proteobacteria,Gammaproteobacteria,Alteromonadales,Alteromonadaceae,Marinobacter,Marinobacter psychrophilus
GCF_001046955.1,Bacteria,Proteobacteria,Alphaproteobacteria,Rhodobacterales,Rhodobacteraceae,Marinovum,Marinovum algicola
GCF_001182765.1,Bacteria,Cyanobacteria,Unclassified,Synechococcales,Synechococcaceae,Synechococcus,Synechococcus sp. WH 8103
GCF_001266795.1,Bacteria,Proteobacteria,Gammaproteobacteria,Alteromonadales,Alteromonadaceae,Marinobacter,Marinobacter sp. CP1
GCF_001281385.1,Bacteria,Proteobacteria,Gammaproteobacteria,Unclassified,Unclassified,Unclassified,Candidatus Thioglobus singularis
GCF_001305615.1,Bacteria,Proteobacteria,Alphaproteobacteria,Rhodobacterales,Rhodobacteraceae,Confluentimicrobium,Confluentimicrobium sp. EMB200-NS6
GCF_001308265.1,Bacteria,Proteobacteria,Alphaproteobacteria,Rhodobacterales,Rhodobacteraceae,Celeribacter,Celeribacter marinus
GCF_001430825.1,Bacteria,Bacteroidetes,Flavobacteriia,Flavobacteriales,Flavobacteriaceae,Sediminicola,Sediminicola sp. YIK13
GCF_001433715.1,Bacteria,Proteobacteria,Gammaproteobacteria,Alteromonadales,Alteromonadaceae,Alteromonas,Alteromonas stellipolaris
GCF_001435295.1,Bacteria,Proteobacteria,Gammaproteobacteria,Pseudomonadales,Moraxellaceae,Psychrobacter,Psychrobacter sp. P11F6
GCF_001435845.1,Bacteria,Proteobacteria,Gammaproteobacteria,Pseudomonadales,Moraxellaceae,Psychrobacter,Psychrobacter sp. P11G3
GCF_001444405.1,Bacteria,Proteobacteria,Gammaproteobacteria,Alteromonadales,Pseudoalteromonadaceae,Pseudoalteromonas,Pseudoalteromonas phenolica
GCF_001455325.1,Bacteria,Proteobacteria,Gammaproteobacteria,Alteromonadales,Pseudoalteromonadaceae,Pseudoalteromonas,Pseudoalteromonas issachenkonii
GCF_001456255.1,Bacteria,Proteobacteria,Gammaproteobacteria,Vibrionales,Vibrionaceae,Vibrio,Vibrio natriegens
GCF_001465295.1,Bacteria,Proteobacteria,Gammaproteobacteria,Alteromonadales,Pseudoalteromonadaceae,Pseudoalteromonas,Pseudoalteromonas translucida
GCF_001466725.1,Bacteria,Proteobacteria,Gammaproteobacteria,Alteromonadales,Alteromonadaceae,Lacimicrobium,Lacimicrobium alkaliphilum
GCF_001469735.1,Bacteria,Proteobacteria,Gammaproteobacteria,Vibrionales,Vibrionaceae,Vibrio,Vibrio alginolyticus
GCF_001482385.1,Bacteria,Proteobacteria,Gammaproteobacteria,Alteromonadales,Pseudoalteromonadaceae,Pseudoalteromonas,Pseudoalteromonas rubra
GCF_001632765.1,Bacteria,Proteobacteria,Gammaproteobacteria,Alteromonadales,Alteromonadaceae,Alteromonas,Unclassified
GCF_001632825.1,Bacteria,Proteobacteria,Gammaproteobacteria,Alteromonadales,Alteromonadaceae,Alteromonas,Unclassified
GCF_001648195.1,Bacteria,Proteobacteria,Gammaproteobacteria,Pseudomonadales,Pseudomonadaceae,Pseudomonas,Unclassified
GCF_001651805.1,Bacteria,Proteobacteria,Gammaproteobacteria,Oceanospirillales,Oceanospirillaceae,Marinobacterium,Unclassified
GCF_001678945.1,Bacteria,Proteobacteria,Alphaproteobacteria,Rhodobacterales,Rhodobacteraceae,Phaeobacter,Unclassified
GCF_001679745.1,Bacteria,Proteobacteria,Gammaproteobacteria,Vibrionales,Vibrionaceae,Vibrio,Unclassified
GCF_001680025.1,Bacteria,Proteobacteria,Gammaproteobacteria,Vibrionales,Vibrionaceae,Vibrio,Unclassified
GCF_001680045.1,Bacteria,Proteobacteria,Gammaproteobacteria,Vibrionales,Vibrionaceae,Vibrio,Unclassified
GCF_001680065.1,Bacteria,Proteobacteria,Gammaproteobacteria,Vibrionales,Vibrionaceae,Vibrio,Unclassified
GCF_001680085.1,Bacteria,Proteobacteria,Gammaproteobacteria,Vibrionales,Vibrionaceae,Vibrio,Unclassified
GCF_001682155.1,Bacteria,Proteobacteria,Gammaproteobacteria,Unclassified,Unclassified,Unclassified,Unclassified
GCF_001687105.1,Bacteria,Proteobacteria,Alphaproteobacteria,Rhodobacterales,Rhodobacteraceae,Yangia,Unclassified
GCF_001693615.1,Bacteria,Proteobacteria,Gammaproteobacteria,Vibrionales,Vibrionaceae,Vibrio,Unclassified
GCF_001700835.1,Bacteria,Proteobacteria,Gammaproteobacteria,Vibrionales,Vibrionaceae,Vibrio,Unclassified
GCF_001719165.1,Bacteria,Proteobacteria,Alphaproteobacteria,Sphingomonadales,Erythrobacteraceae,Erythrobacter,Unclassified
GCF_001761385.1,Bacteria,Proteobacteria,Betaproteobacteria,Burkholderiales,Comamonadaceae,Hydrogenophaga,Unclassified
GCF_001767235.1,Bacteria,Cyanobacteria,Oscillatoriophycideae,Oscillatoriales,Oscillatoriaceae,Moorea,Moorea producens
GCF_001767295.1,Bacteria,Proteobacteria,Gammaproteobacteria,Alteromonadales,Colwelliaceae,Colwellia,Unclassified
GCF_001767395.1,Bacteria,Actinobacteria (Phylum),Actinobacteria (Class),Corynebacteriales,Nocardiaceae,Rhodococcus,Unclassified
GCF_001854065.1,Bacteria,Proteobacteria,Gammaproteobacteria,Pseudomonadales,Moraxellaceae,Psychrobacter,Unclassified
GCF_001854125.1,Bacteria,Proteobacteria,Gammaproteobacteria,Alteromonadales,Alteromonadaceae,Marinobacter,Unclassified
GCF_001854205.1,Bacteria,Cyanobacteria,Oscillatoriophycideae,Oscillatoriales,Oscillatoriaceae,Moorea,Moorea producens
GCF_001854245.1,Bacteria,Proteobacteria,Deltaproteobacteria,Desulfobacterales,Desulfobacteraceae,Desulfococcus,Unclassified
GCF_001857985.1,Bacteria,Firmicutes,Bacilli,Bacillales,Bacillaceae,Bacillus,Unclassified
GCF_001865855.1,Bacteria,Actinobacteria (Phylum),Actinobacteria (Class),Corynebacteriales,Nocardiaceae,Nocardia,Unclassified
GCF_001877055.1,Bacteria,Actinobacteria (Phylum),Actinobacteria (Class),Streptosporangiales,Nocardiopsaceae,Nocardiopsis,Unclassified
GCF_001886395.1,Bacteria,Proteobacteria,Gammaproteobacteria,Alteromonadales,Alteromonadaceae,Alteromonas,Unclassified
GCF_001886415.1,Bacteria,Proteobacteria,Gammaproteobacteria,Alteromonadales,Alteromonadaceae,Alteromonas,Unclassified
GCF_001886435.1,Bacteria,Proteobacteria,Gammaproteobacteria,Alteromonadales,Alteromonadaceae,Alteromonas,Unclassified
GCF_001886455.1,Bacteria,Proteobacteria,Gammaproteobacteria,Alteromonadales,Alteromonadaceae,Alteromonas,Unclassified
GCF_001886475.1,Bacteria,Proteobacteria,Gammaproteobacteria,Alteromonadales,Alteromonadaceae,Alteromonas,Unclassified
GCF_001886615.1,Archaea,Euryarchaeota,Halobacteria,Haloferacales,Halorubraceae,Halolamina,Unclassified
GCF_001886735.1,Bacteria,Proteobacteria,Alphaproteobacteria,Rhodobacterales,Rhodobacteraceae,Sulfitobacter,Unclassified
GCF_001887055.1,Bacteria,Proteobacteria,Gammaproteobacteria,Vibrionales,Vibrionaceae,Vibrio,Unclassified
GCF_001889405.1,Archaea,Euryarchaeota,Methanomicrobia,Methanosarcinales,Methanosarcinaceae,Methanohalophilus,Unclassified
GCF_001889605.1,Bacteria,Proteobacteria,Alphaproteobacteria,Rhizobiales,Phyllobacteriaceae,Mesorhizobium,Unclassified
GCF_001895885.1,Bacteria,Firmicutes,Bacillales (Class),Bacillales (Order),Bacillaceae,Bacillus,Unclassified
GCF_001908435.2,Bacteria,Proteobacteria,Gammaproteobacteria,Vibrionales,Vibrionaceae,Vibrio,Unclassified
GCF_001956755.1,Bacteria,Firmicutes,Bacilli,Bacillales,Staphylococcaceae,Staphylococcus,Unclassified
GCF_001969345.1,Bacteria,Proteobacteria,Alphaproteobacteria,Rhodobacterales,Rhodobacteraceae,Phaeobacter,Unclassified
GCF_001969365.1,Bacteria,Proteobacteria,Alphaproteobacteria,Rhodobacterales,Rhodobacteraceae,Tateyamaria,Unclassified
GCF_001991055.1,Bacteria,Proteobacteria,Gammaproteobacteria,Vibrionales,Vibrionaceae,Vibrio,Unclassified
GCF_001999225.1,Bacteria,Proteobacteria,Gammaproteobacteria,Alteromonadales,Pseudoalteromonadaceae,Pseudoalteromonas,Unclassified
GCF_002005305.1,Bacteria,Proteobacteria,Gammaproteobacteria,Alteromonadales,Shewanellaceae,Shewanella,Unclassified
GCF_002009175.1,Bacteria,Actinobacteria (Phylum),Actinobacteria (Class),Streptomycetales,Streptomycetaceae,Streptomyces,Unclassified
GCF_002021755.1,Bacteria,Proteobacteria,Gammaproteobacteria,Vibrionales,Vibrionaceae,Vibrio,Unclassified
GCF_002072815.1,Bacteria,Proteobacteria,Gammaproteobacteria,Oceanospirillales,Alcanivoracaceae,Alcanivorax,Unclassified
GCF_002079305.1,Bacteria,Proteobacteria,Alphaproteobacteria,Rhodobacterales,Rhodobacteraceae,Rhodovulum,Unclassified
GCF_002097535.1,Bacteria,Firmicutes,Bacilli,Bacillales,Bacillaceae,Halobacillus,Unclassified
GCF_002119505.2,Bacteria,Proteobacteria,Gammaproteobacteria,Vibrionales,Vibrionaceae,Vibrio,Unclassified
GCF_002119525.1,Bacteria,Proteobacteria,Gammaproteobacteria,Vibrionales,Vibrionaceae,Vibrio,Unclassified
GCF_002119545.1,Bacteria,Proteobacteria,Gammaproteobacteria,Vibrionales,Vibrionaceae,Vibrio,Unclassified
GCF_002119565.1,Bacteria,Proteobacteria,Gammaproteobacteria,Vibrionales,Vibrionaceae,Vibrio,Unclassified
GCF_002119585.1,Bacteria,Proteobacteria,Gammaproteobacteria,Vibrionales,Vibrionaceae,Vibrio,Unclassified
GCF_002140055.1,Bacteria,Proteobacteria,Gammaproteobacteria,Vibrionales,Vibrionaceae,Vibrio,Unclassified
GCF_002142655.1,Bacteria,Proteobacteria,Gammaproteobacteria,Vibrionales,Vibrionaceae,Vibrio,Unclassified
GCF_002149065.1,Bacteria,Proteobacteria,Gammaproteobacteria,Vibrionales,Vibrionaceae,Vibrio,Unclassified
GCF_002149085.1,Bacteria,Proteobacteria,Gammaproteobacteria,Vibrionales,Vibrionaceae,Vibrio,Unclassified
GCF_002149105.1,Bacteria,Proteobacteria,Gammaproteobacteria,Vibrionales,Vibrionaceae,Vibrio,Unclassified
GCF_002157205.1,Bacteria,Proteobacteria,Gammaproteobacteria,Oceanospirillales,Halomonadaceae,Kushneria,Unclassified
GCF_002196515.1,Bacteria,Proteobacteria,Gammaproteobacteria,Vibrionales,Vibrionaceae,Vibrio,Unclassified
GCF_002204915.1,Bacteria,Proteobacteria,Gammaproteobacteria,Vibrionales,Vibrionaceae,Vibrio,Unclassified
GCF_002208135.1,Bacteria,Proteobacteria,Gammaproteobacteria,Alteromonadales,Pseudoalteromonadaceae,Pseudoalteromonas,Unclassified
GCF_002212025.1,Bacteria,Proteobacteria,Gammaproteobacteria,Vibrionales,Vibrionaceae,Vibrio,Unclassified
GCF_002214245.1,Bacteria,Proteobacteria,Gammaproteobacteria,Aeromonadales,Aeromonadaceae,Aeromonas,Unclassified
GCF_002214265.1,Bacteria,Proteobacteria,Gammaproteobacteria,Aeromonadales,Aeromonadaceae,Aeromonas,Unclassified
GCF_002214305.1,Bacteria,Proteobacteria,Gammaproteobacteria,Aeromonadales,Aeromonadaceae,Aeromonas,Unclassified
GCF_002214345.1,Bacteria,Proteobacteria,Gammaproteobacteria,Vibrionales,Vibrionaceae,Vibrio,Unclassified
GCF_002214395.1,Bacteria,Proteobacteria,Gammaproteobacteria,Vibrionales,Vibrionaceae,Vibrio,Unclassified
GCF_002215135.1,Bacteria,Proteobacteria,Gammaproteobacteria,Vibrionales,Vibrionaceae,Vibrio,Unclassified
GCF_002215215.1,Bacteria,Proteobacteria,Gammaproteobacteria,Chromatiales,Granulosicoccaceae,Granulosicoccus,Granulosicoccus antarcticus
GCF_002221525.1,Bacteria,Proteobacteria,Gammaproteobacteria,Alteromonadales,Pseudoalteromonadaceae,Pseudoalteromonas,Pseudoalteromonas espejiana
GCF_002237405.1,Bacteria,Proteobacteria,Gammaproteobacteria,Pseudomonadales,Pseudomonadaceae,Pseudomonas,Unclassified
GCF_002237425.1,Bacteria,Proteobacteria,Gammaproteobacteria,Pseudomonadales,Pseudomonadaceae,Pseudomonas,Unclassified
GCF_002237535.1,Bacteria,Proteobacteria,Gammaproteobacteria,Oceanospirillales,Oceanospirillaceae,Bacterioplanes,Unclassified
GCF_002240355.1,Bacteria,Actinobacteria (Phylum),Actinobacteria (Class),Pseudonocardiales,Pseudonocardiaceae,Prauserella,Unclassified
GCF_002291265.1,Bacteria,Proteobacteria,Gammaproteobacteria,Vibrionales,Vibrionaceae,Vibrio,Unclassified
GCF_002310335.1,Bacteria,Proteobacteria,Gammaproteobacteria,Vibrionales,Vibrionaceae,Vibrio,Unclassified
GCF_002310795.1,Bacteria,Proteobacteria,Gammaproteobacteria,Alteromonadales,Pseudoalteromonadaceae,Pseudoalteromonas,Unclassified
GCF_002310855.1,Bacteria,Proteobacteria,Gammaproteobacteria,Alteromonadales,Pseudoalteromonadaceae,Pseudoalteromonas,Pseudoalteromonas agarivorans
GCF_002356035.1,Bacteria,Actinobacteria (Phylum),Actinobacteria (Class),Corynebacteriales,Nocardiaceae,Nocardia,Unclassified
GCF_002381285.1,Bacteria,Proteobacteria,Alphaproteobacteria,Rhodobacterales,Rhodobacteraceae,Phaeobacter,Unclassified
GCF_002381305.1,Bacteria,Proteobacteria,Alphaproteobacteria,Rhodobacterales,Rhodobacteraceae,Phaeobacter,Unclassified
GCF_002381325.1,Bacteria,Proteobacteria,Alphaproteobacteria,Rhodobacterales,Rhodobacteraceae,Phaeobacter,Unclassified
GCF_002381365.1,Bacteria,Proteobacteria,Alphaproteobacteria,Rhodobacterales,Rhodobacteraceae,Phaeobacter,Unclassified
GCF_002381385.1,Bacteria,Proteobacteria,Alphaproteobacteria,Rhodobacterales,Rhodobacteraceae,Phaeobacter,Unclassified
GCF_002393525.1,Bacteria,Proteobacteria,Alphaproteobacteria,Rhodobacterales,Rhodobacteraceae,Phaeobacter,Unclassified
GCF_002407485.1,Bacteria,Proteobacteria,Gammaproteobacteria,Aeromonadales,Aeromonadaceae,Zobellella,Unclassified
GCF_002407505.1,Bacteria,Proteobacteria,Gammaproteobacteria,Alteromonadales,Pseudoalteromonadaceae,Pseudoalteromonas,Unclassified
GCF_002412025.1,Bacteria,Proteobacteria,Alphaproteobacteria,Rhodobacterales,Rhodobacteraceae,Phaeobacter,Unclassified
GCF_002412045.1,Bacteria,Proteobacteria,Alphaproteobacteria,Rhodobacterales,Rhodobacteraceae,Phaeobacter,Unclassified
GCF_002688545.1,Bacteria,Actinobacteria (Phylum),Actinobacteria (Class),Micromonosporales,Micromonosporaceae,Micromonospora,Unclassified
GCF_002831605.1,Bacteria,Proteobacteria,Gammaproteobacteria,Alteromonadales,Alteromonadaceae,Alteromonas,Unclassified
GCF_002832675.1,Bacteria,Actinobacteria (Phylum),Actinobacteria (Class),Streptomycetales,Streptomycetaceae,Streptomyces,Unclassified
GCF_002844375.1,Bacteria,Proteobacteria,Alphaproteobacteria,Rhodospirillales,Rhodospirillaceae,Thalassospira,Unclassified
GCF_002887615.1,Bacteria,Proteobacteria,Gammaproteobacteria,Vibrionales,Vibrionaceae,Vibrio,Unclassified
GCF_002888685.1,Bacteria,Proteobacteria,Alphaproteobacteria,Rhodobacterales,Rhodobacteraceae,Phaeobacter,Unclassified
GCF_002891905.1,Bacteria,Proteobacteria,Alphaproteobacteria,Rhodobacterales,Rhodobacteraceae,Phaeobacter,Unclassified
GCF_002891925.1,Bacteria,Proteobacteria,Alphaproteobacteria,Rhodobacterales,Rhodobacteraceae,Phaeobacter,Unclassified
GCF_002891945.1,Bacteria,Proteobacteria,Alphaproteobacteria,Rhodobacterales,Rhodobacteraceae,Phaeobacter,Unclassified
GCF_002891965.1,Bacteria,Proteobacteria,Alphaproteobacteria,Rhodobacterales,Rhodobacteraceae,Phaeobacter,Unclassified
GCF_002891985.1,Bacteria,Proteobacteria,Alphaproteobacteria,Rhodobacterales,Rhodobacteraceae,Phaeobacter,Unclassified
GCF_002892005.1,Bacteria,Proteobacteria,Alphaproteobacteria,Rhodobacterales,Rhodobacteraceae,Phaeobacter,Unclassified
GCF_002892025.1,Bacteria,Proteobacteria,Alphaproteobacteria,Rhodobacterales,Rhodobacteraceae,Phaeobacter,Unclassified
GCF_002892045.1,Bacteria,Proteobacteria,Alphaproteobacteria,Rhodobacterales,Rhodobacteraceae,Phaeobacter,Unclassified
GCF_002892065.1,Bacteria,Proteobacteria,Alphaproteobacteria,Rhodobacterales,Rhodobacteraceae,Phaeobacter,Unclassified
GCF_002892085.1,Bacteria,Proteobacteria,Alphaproteobacteria,Rhodobacterales,Rhodobacteraceae,Phaeobacter,Unclassified
GCF_002892125.1,Bacteria,Proteobacteria,Alphaproteobacteria,Rhodobacterales,Rhodobacteraceae,Phaeobacter,Unclassified
GCF_002892145.1,Bacteria,Proteobacteria,Alphaproteobacteria,Rhodobacterales,Rhodobacteraceae,Phaeobacter,Unclassified
GCF_002892165.1,Bacteria,Proteobacteria,Alphaproteobacteria,Rhodobacterales,Rhodobacteraceae,Phaeobacter,Unclassified
GCF_002892185.1,Bacteria,Proteobacteria,Alphaproteobacteria,Rhodobacterales,Rhodobacteraceae,Phaeobacter,Unclassified
GCF_002892225.1,Bacteria,Proteobacteria,Alphaproteobacteria,Rhodobacterales,Rhodobacteraceae,Phaeobacter,Unclassified
GCF_002892245.1,Bacteria,Proteobacteria,Alphaproteobacteria,Rhodobacterales,Rhodobacteraceae,Phaeobacter,Unclassified
GCF_002892265.1,Bacteria,Proteobacteria,Alphaproteobacteria,Rhodobacterales,Rhodobacteraceae,Phaeobacter,Unclassified
GCF_002906455.1,Bacteria,Proteobacteria,Gammaproteobacteria,Vibrionales,Vibrionaceae,Vibrio,Unclassified
GCF_002906475.1,Bacteria,Proteobacteria,Gammaproteobacteria,Vibrionales,Vibrionaceae,Vibrio,Unclassified
GCF_002953515.1,Bacteria,Proteobacteria,Gammaproteobacteria,Vibrionales,Vibrionaceae,Vibrio,Unclassified
GCF_002953535.1,Bacteria,Proteobacteria,Gammaproteobacteria,Vibrionales,Vibrionaceae,Vibrio,Unclassified
GCF_002954615.1,Bacteria,Proteobacteria,Gammaproteobacteria,Vibrionales,Vibrionaceae,Photobacterium,Unclassified
GCF_002983865.1,Bacteria,Proteobacteria,Alphaproteobacteria,Rhodobacterales,Rhodobacteraceae,Roseobacter,Unclassified
GCF_003008555.1,Bacteria,Proteobacteria,Alphaproteobacteria,Rhodobacterales,Rhodobacteraceae,Thalassococcus,Unclassified
GCF_003031205.1,Bacteria,Proteobacteria,Gammaproteobacteria,Vibrionales,Vibrionaceae,Vibrio,Unclassified
GCF_003032495.1,Bacteria,Proteobacteria,Gammaproteobacteria,Oceanospirillales,Halomonadaceae,Halomonas,Unclassified
GCF_003047225.1,Bacteria,Firmicutes,Bacilli,Bacillales,Bacillaceae,Bacillus,Unclassified
GCF_003061515.1,Bacteria,Proteobacteria,Gammaproteobacteria,Alteromonadales,Colwelliaceae,Colwellia,Unclassified
GCF_003072645.1,Bacteria,Proteobacteria,Gammaproteobacteria,Unclassified,Unclassified,Unclassified,Unclassified
GCF_003074055.1,Bacteria,Actinobacteria (Phylum),Actinobacteria (Class),Streptomycetales,Streptomycetaceae,Streptomyces,Unclassified
GCF_003076275.1,Bacteria,Proteobacteria,Gammaproteobacteria,Cellvibrionales,Microbulbiferaceae,Microbulbifer,Unclassified
GCF_003076895.1,Bacteria,Proteobacteria,Gammaproteobacteria,Vibrionales,Vibrionaceae,Vibrio,Unclassified
GCF_003085735.1,Bacteria,Proteobacteria,Gammaproteobacteria,Vibrionales,Vibrionaceae,Vibrio,Unclassified
GCF_003097515.1,Bacteria,Actinobacteria (Phylum),Actinobacteria (Class),Streptomycetales,Streptomycetaceae,Streptomyces,Unclassified
GCF_003111685.1,Bacteria,Proteobacteria,Alphaproteobacteria,Rhodobacterales,Rhodobacteraceae,Yangia,Unclassified
GCF_003119375.1,Bacteria,Proteobacteria,Gammaproteobacteria,Vibrionales,Vibrionaceae,Vibrio,Unclassified
GCF_003122365.1,Bacteria,Actinobacteria (Phylum),Actinobacteria (Class),Streptomycetales,Streptomycetaceae,Streptomyces,Unclassified
GCF_003143555.1,Bacteria,Proteobacteria,Gammaproteobacteria,Alteromonadales,Alteromonadaceae,Salinimonas,Unclassified
GCF_003285105.1,Bacteria,Bacteroidetes,Unclassified,Bacteroidetes Order II. Incertae sedis,Rhodothermaceae,Unclassified,Rhodothermaceae bacterium
GCF_003312585.1,Bacteria,Proteobacteria,Gammaproteobacteria,Vibrionales,Vibrionaceae,Vibrio,Vibrio campbellii
GCF_003312875.1,Bacteria,Actinobacteria (Phylum),Actinobacteria (Class),Pseudonocardiales,Pseudonocardiaceae,Amycolatopsis,Amycolatopsis albispora
GCF_003312895.1,Bacteria,Firmicutes,Bacilli,Bacillales,Bacillaceae,Bacillus,Bacillus amyloliquefaciens
GCF_003326015.1,Bacteria,Proteobacteria,Gammaproteobacteria,Unclassified,Unclassified,Candidatus Thioglobus,Candidatus Thioglobus singularis
GCF_003330945.1,Bacteria,Proteobacteria,Gammaproteobacteria,Enterobacterales,Enterobacteriaceae,Klebsiella,Klebsiella pneumoniae
GCF_003351365.1,Bacteria,Actinobacteria (Phylum),Actinobacteria (Class),Micromonosporales,Micromonosporaceae,Micromonospora,Micromonospora aurantiaca
GCF_003352065.1,Bacteria,Proteobacteria,Alphaproteobacteria,Rhodobacterales,Rhodobacteraceae,Sulfitobacter,Sulfitobacter sp. SK011
GCF_003352085.1,Bacteria,Proteobacteria,Alphaproteobacteria,Rhodobacterales,Rhodobacteraceae,Sulfitobacter,Sulfitobacter sp. SK012
GCF_003352105.1,Bacteria,Proteobacteria,Alphaproteobacteria,Rhodobacterales,Rhodobacteraceae,Sulfitobacter,Sulfitobacter sp. SK025
GCF_003367315.1,Bacteria,Proteobacteria,Gammaproteobacteria,Oceanospirillales,Saccharospirillaceae,Saccharospirillum,Saccharospirillum mangrovi
GCF_003367375.1,Bacteria,Proteobacteria,Gammaproteobacteria,Unclassified,Unclassified,Gallaecimonas,Gallaecimonas sp. HK-28
GCF_003391255.1,Bacteria,Proteobacteria,Gammaproteobacteria,Pseudomonadales,Pseudomonadaceae,Pseudomonas,Pseudomonas plecoglossicida
GCF_003391375.1,Bacteria,Proteobacteria,Gammaproteobacteria,Vibrionales,Vibrionaceae,Vibrio,Vibrio coralliilyticus
GCF_003403095.1,Bacteria,Proteobacteria,Alphaproteobacteria,Rhodospirillales,Rhodospirillaceae,Thalassospira,Thalassospira indica
GCF_003429285.1,Bacteria,Proteobacteria,Gammaproteobacteria,Alteromonadales,Alteromonadaceae,Salinimonas,Salinimonas sp. N102
GCF_003429305.1,Bacteria,Proteobacteria,Gammaproteobacteria,Alteromonadales,Pseudoalteromonadaceae,Pseudoalteromonas,Pseudoalteromonas piscicida
GCF_003429325.1,Bacteria,Proteobacteria,Gammaproteobacteria,Alteromonadales,Pseudoalteromonadaceae,Pseudoalteromonas,Pseudoalteromonas piscicida
GCF_003433515.1,Bacteria,Proteobacteria,Alphaproteobacteria,Rhizobiales,Hyphomicrobiaceae,Maritalea,Maritalea myrionectae
GCF_003443555.1,Bacteria,Proteobacteria,Alphaproteobacteria,Rhodobacterales,Rhodobacteraceae,Phaeobacter,Phaeobacter inhibens
GCF_003443575.1,Bacteria,Proteobacteria,Alphaproteobacteria,Rhodobacterales,Rhodobacteraceae,Phaeobacter,Phaeobacter inhibens
GCF_003443595.1,Bacteria,Proteobacteria,Alphaproteobacteria,Rhodobacterales,Rhodobacteraceae,Phaeobacter,Phaeobacter sp. LSS9
GCF_003443615.1,Bacteria,Proteobacteria,Gammaproteobacteria,Alteromonadales,Alteromonadaceae,Alteromonas,Alteromonas sp. BL110
GCF_003443775.1,Bacteria,Proteobacteria,Gammaproteobacteria,Vibrionales,Vibrionaceae,Vibrio,Vibrio sp. dhg
GCF_003515105.1,Bacteria,Proteobacteria,Gammaproteobacteria,Alteromonadales,Pseudoalteromonadaceae,Pseudoalteromonas,Pseudoalteromonas donghaensis
GCF_003516165.1,Bacteria,Proteobacteria,Gammaproteobacteria,Enterobacterales,Yersiniaceae,Serratia,Serratia marcescens
GCF_003516185.1,Bacteria,Proteobacteria,Gammaproteobacteria,Enterobacterales,Yersiniaceae,Serratia,Serratia marcescens
GCF_003544875.1,Bacteria,Proteobacteria,Gammaproteobacteria,Vibrionales,Vibrionaceae,Vibrio,Vibrio alfacsensis
GCF_003544895.1,Bacteria,Proteobacteria,Alphaproteobacteria,Rhodobacterales,Rhodobacteraceae,Unclassified,Rhodobacteraceae bacterium BAR1
GCF_003568865.1,Bacteria,Actinobacteria (Phylum),Rubrobacteria,Rubrobacterales,Rubrobacteraceae,Rubrobacter,Rubrobacter indicoceani
GCF_003584745.1,Bacteria,Actinobacteria (Phylum),Actinobacteria (Class),Corynebacteriales,Mycobacteriaceae,Mycobacterium,Mycobacterium pseudoshottsii
GCF_003611275.1,Bacteria,Proteobacteria,Alphaproteobacteria,Rhodobacterales,Rhodobacteraceae,Sulfitobacter,Sulfitobacter sp. D7
GCF_003612775.1,Bacteria,Actinobacteria (Phylum),Actinobacteria (Class),Micromonosporales,Micromonosporaceae,Micromonospora,Micromonospora tulbaghiae
GCF_003626995.1,Bacteria,Proteobacteria,Gammaproteobacteria,Pseudomonadales,Pseudomonadaceae,Pseudomonas,Pseudomonas fluorescens
GCF_003668795.1,Bacteria,Proteobacteria,Gammaproteobacteria,Alteromonadales,Pseudoalteromonadaceae,Pseudoalteromonas,Pseudoalteromonas agarivorans
GCF_003691485.1,Bacteria,Proteobacteria,Gammaproteobacteria,Vibrionales,Vibrionaceae,Vibrio,Vibrio campbellii
GCF_003691505.1,Bacteria,Proteobacteria,Gammaproteobacteria,Vibrionales,Vibrionaceae,Vibrio,Vibrio owensii
GCF_003691525.1,Bacteria,Proteobacteria,Gammaproteobacteria,Vibrionales,Vibrionaceae,Vibrio,Vibrio parahaemolyticus
GCF_003691545.1,Bacteria,Proteobacteria,Gammaproteobacteria,Vibrionales,Vibrionaceae,Vibrio,Vibrio owensii
GCF_003719615.1,Bacteria,Proteobacteria,Gammaproteobacteria,Enterobacterales,Enterobacteriaceae,Enterobacter,Enterobacter cloacae
GCF_003721455.1,Bacteria,Proteobacteria,Gammaproteobacteria,Alteromonadales,Shewanellaceae,Shewanella,Shewanella algae
GCF_003721495.1,Bacteria,Actinobacteria (Phylum),Actinobacteria (Class),Streptomycetales,Streptomycetaceae,Streptomyces,Streptomyces sp. ADI95-16
GCF_003726935.1,Bacteria,Proteobacteria,Gammaproteobacteria,Vibrionales,Vibrionaceae,Vibrio,Vibrio mediterranei
GCF_003846365.1,Bacteria,Proteobacteria,Alphaproteobacteria,Rhodobacterales,Rhodobacteraceae,Rhodobacter,Rhodobacter sphaeroides
GCF_003846385.1,Bacteria,Proteobacteria,Alphaproteobacteria,Rhodobacterales,Rhodobacteraceae,Rhodobacter,Rhodobacter sphaeroides
GCF_003846405.1,Bacteria,Proteobacteria,Alphaproteobacteria,Rhodobacterales,Rhodobacteraceae,Rhodobacter,Rhodobacter sphaeroides
GCF_003846425.1,Bacteria,Proteobacteria,Alphaproteobacteria,Rhodobacterales,Rhodobacteraceae,Rhodobacter,Rhodobacter sphaeroides
GCF_003855395.1,Bacteria,Proteobacteria,Gammaproteobacteria,Alteromonadales,Shewanellaceae,Shewanella,Shewanella livingstonensis
GCF_003950215.1,Bacteria,Proteobacteria,Gammaproteobacteria,Oceanospirillales,Halomonadaceae,Halomonas,Halomonas venusta
GCF_003952245.1,Bacteria,Proteobacteria,Gammaproteobacteria,Pseudomonadales,Pseudomonadaceae,Pseudomonas,Pseudomonas libanensis
GCF_003970715.1,Bacteria,Actinobacteria,Actinobacteria,Streptomycetales,Streptomycetaceae,Streptomyces,Streptomyces luteoverticillatus
GCF_003986605.1,Bacteria,Proteobacteria,Gammaproteobacteria,Alteromonadales,Alteromonadaceae,Marinobacter,Marinobacter salarius
GCF_004014695.1,Bacteria,Proteobacteria,Gammaproteobacteria,Oceanospirillales,Hahellaceae,Hahella,Hahella sp. KA22
GCF_004014715.1,Bacteria,Proteobacteria,Gammaproteobacteria,Alteromonadales,Pseudoalteromonadaceae,Pseudoalteromonas,Pseudoalteromonas sp. R3
GCF_004022545.1,Bacteria,Proteobacteria,Gammaproteobacteria,Vibrionales,Vibrionaceae,Vibrio,Vibrio chagasii
GCF_900091425.1,Bacteria,Actinobacteria (Phylum),Actinobacteria (Class),Micromonosporales,Micromonosporaceae,Micromonospora,Unclassified
GCF_900095155.1,Bacteria,Proteobacteria,Alphaproteobacteria,Rhizobiales,Brucellaceae,Brucella,Unclassified
GCF_900105595.1,Bacteria,Proteobacteria,Alphaproteobacteria,Rhodobacterales,Rhodobacteraceae,Stappia,Unclassified
GCF_900108535.1,Bacteria,Proteobacteria,Gammaproteobacteria,Pseudomonadales,Pseudomonadaceae,Pseudomonas,Unclassified
GCF_900188315.1,Bacteria,Proteobacteria,Gammaproteobacteria,Alteromonadales,Alteromonadaceae,Marinobacter,Unclassified
GCF_900215505.1,Bacteria,Proteobacteria,Alphaproteobacteria,Rhizobiales,Cohaesibacteraceae,Cohaesibacter,Unclassified
GCF_900217235.1,Bacteria,Proteobacteria,Deltaproteobacteria,Desulfovibrionales,Desulfovibrionaceae,Pseudodesulfovibrio,Unclassified
GCF_900239935.1,Bacteria,Proteobacteria,Gammaproteobacteria,Alteromonadales,Pseudoalteromonadaceae,Pseudoalteromonas,Unclassified
GCF_900574125.1,Bacteria,Proteobacteria,Alphaproteobacteria,Rhodobacterales,Rhodobacteraceae,Epibacterium,Epibacterium mobile
