,K15784,K10674,K06720,K15785,K00928,K06718,K00133,K00836,K15783,K00003
kofamscan/ko_tables/ectoine/MMETSP1380_clean.csv,0,0,0,0,0,0,0,0,0,0
kofamscan/ko_tables/ectoine/MMETSP0409_clean.csv,0,0,0,0,0,0,1,0,0,1
kofamscan/ko_tables/ectoine/MMETSP0320_clean.csv,0,0,0,0,0,0,1,0,0,1
kofamscan/ko_tables/ectoine/MMETSP1374_clean.csv,0,0,0,0,1,0,1,0,0,0
kofamscan/ko_tables/ectoine/MMETSP0907_clean.csv,0,0,0,0,0,0,1,0,0,1
kofamscan/ko_tables/ectoine/MMETSP1407_clean.csv,0,0,0,0,1,0,0,0,0,1
kofamscan/ko_tables/ectoine/MMETSP0816_clean.csv,0,0,0,0,1,0,1,0,0,1
kofamscan/ko_tables/ectoine/MMETSP0661_clean.csv,0,1,0,0,1,0,1,0,0,1
kofamscan/ko_tables/ectoine/MMETSP1165_clean.csv,0,0,0,0,0,0,1,0,0,1
kofamscan/ko_tables/ectoine/MMETSP1411_clean.csv,0,0,0,0,1,0,0,0,0,1
kofamscan/ko_tables/ectoine/MMETSP0759_clean.csv,0,0,0,0,0,0,0,0,0,0
kofamscan/ko_tables/ectoine/MMETSP1319_clean.csv,0,0,1,0,1,1,1,0,0,1
kofamscan/ko_tables/ectoine/MMETSP0117_clean.csv,0,0,0,0,0,0,1,0,0,1
kofamscan/ko_tables/ectoine/MMETSP0887_clean.csv,0,0,0,0,1,0,1,0,0,0
kofamscan/ko_tables/ectoine/MMETSP1174_clean.csv,0,0,0,0,1,0,1,0,0,1
kofamscan/ko_tables/ectoine/MMETSP0898_clean.csv,0,0,0,0,1,0,0,0,0,1
kofamscan/ko_tables/ectoine/MMETSP0088_clean.csv,0,0,0,0,1,0,1,0,0,1
kofamscan/ko_tables/ectoine/MMETSP1395_clean.csv,0,0,0,0,0,0,0,0,0,0
kofamscan/ko_tables/ectoine/MMETSP0398_clean.csv,0,0,0,0,0,0,0,0,0,0
kofamscan/ko_tables/ectoine/MMETSP0922_clean.csv,0,0,0,0,0,0,0,0,0,0
kofamscan/ko_tables/ectoine/MMETSP0780_clean.csv,0,0,0,0,0,0,0,0,0,0
kofamscan/ko_tables/ectoine/MMETSP0227_clean.csv,0,0,0,0,1,0,1,0,0,1
kofamscan/ko_tables/ectoine/MMETSP0141_clean.csv,0,0,0,0,1,0,1,0,0,1
kofamscan/ko_tables/ectoine/MMETSP1007_clean.csv,0,0,0,0,0,0,1,0,0,1
kofamscan/ko_tables/ectoine/MMETSP0852_clean.csv,0,0,0,0,1,0,1,0,0,1
kofamscan/ko_tables/ectoine/MMETSP0812_clean.csv,0,0,0,0,0,0,1,0,0,1
kofamscan/ko_tables/ectoine/MMETSP0105_clean.csv,0,0,0,0,0,0,1,0,0,0
kofamscan/ko_tables/ectoine/MMETSP1384_clean.csv,0,0,0,0,0,0,1,0,0,0
kofamscan/ko_tables/ectoine/MMETSP1063_clean.csv,0,0,0,0,1,0,1,0,0,1
kofamscan/ko_tables/ectoine/MMETSP0467_clean.csv,0,0,0,0,0,0,0,0,0,0
kofamscan/ko_tables/ectoine/MMETSP0086_clean.csv,0,0,0,0,0,0,0,0,0,0
kofamscan/ko_tables/ectoine/MMETSP1366_clean.csv,0,0,0,0,1,0,1,0,0,1
kofamscan/ko_tables/ectoine/MMETSP1439_clean.csv,0,1,0,0,0,0,1,0,0,0
kofamscan/ko_tables/ectoine/MMETSP0693_clean.csv,0,0,0,0,0,0,0,0,0,0
kofamscan/ko_tables/ectoine/MMETSP1032_clean.csv,0,0,0,0,1,0,1,0,0,0
kofamscan/ko_tables/ectoine/MMETSP1399_clean.csv,0,0,0,0,1,0,1,0,0,0
kofamscan/ko_tables/ectoine/MMETSP0100_clean.csv,0,0,0,0,1,0,1,0,0,0
kofamscan/ko_tables/ectoine/MMETSP0328_clean.csv,0,0,0,0,0,0,0,0,0,0
kofamscan/ko_tables/ectoine/MMETSP1042_clean.csv,0,0,0,0,0,0,1,0,0,0
kofamscan/ko_tables/ectoine/MMETSP1171_clean.csv,0,0,0,0,0,0,1,0,0,1
kofamscan/ko_tables/ectoine/MMETSP0209_clean.csv,0,0,0,0,0,0,0,0,0,0
kofamscan/ko_tables/ectoine/MMETSP0252_clean.csv,0,0,0,0,0,0,0,0,0,0
kofamscan/ko_tables/ectoine/MMETSP0471_clean.csv,0,0,0,0,1,0,1,0,0,0
kofamscan/ko_tables/ectoine/MMETSP0955_clean.csv,0,0,0,0,0,0,1,0,0,0
kofamscan/ko_tables/ectoine/MMETSP0199_clean.csv,0,0,0,0,0,0,1,0,0,0
kofamscan/ko_tables/ectoine/MMETSP1057_clean.csv,0,0,0,0,1,0,1,0,0,1
kofamscan/ko_tables/ectoine/MMETSP0434_clean.csv,0,0,0,0,0,0,0,0,0,0
kofamscan/ko_tables/ectoine/MMETSP1097_clean.csv,0,0,0,0,0,1,1,0,0,1
kofamscan/ko_tables/ectoine/MMETSP0115_clean.csv,0,1,1,0,0,1,0,1,0,0
kofamscan/ko_tables/ectoine/MMETSP0593_clean.csv,0,0,0,0,0,0,1,0,0,1
kofamscan/ko_tables/ectoine/MMETSP0798_clean.csv,0,0,0,0,0,0,0,0,0,0
kofamscan/ko_tables/ectoine/MMETSP0318_clean.csv,0,0,0,0,1,0,1,0,0,0
kofamscan/ko_tables/ectoine/MMETSP0527_clean.csv,0,0,0,0,0,0,1,0,0,1
kofamscan/ko_tables/ectoine/MMETSP1357_clean.csv,0,0,0,0,0,0,1,0,0,0
kofamscan/ko_tables/ectoine/MMETSP1058_clean.csv,0,0,0,0,1,0,1,0,0,1
kofamscan/ko_tables/ectoine/MMETSP0095_clean.csv,0,0,0,0,1,0,1,0,0,0
kofamscan/ko_tables/ectoine/MMETSP0950_clean.csv,0,0,0,0,0,0,1,0,0,1
kofamscan/ko_tables/ectoine/MMETSP1321_clean.csv,0,0,0,0,1,0,1,0,0,1
kofamscan/ko_tables/ectoine/MMETSP0211_clean.csv,0,0,0,0,0,0,0,0,0,0
kofamscan/ko_tables/ectoine/MMETSP1326_clean.csv,0,0,0,0,1,0,1,0,0,0
kofamscan/ko_tables/ectoine/MMETSP1002_clean.csv,0,0,0,0,1,0,1,0,0,1
kofamscan/ko_tables/ectoine/MMETSP0818_clean.csv,0,0,0,0,1,0,1,0,0,0
kofamscan/ko_tables/ectoine/MMETSP0718_clean.csv,0,0,0,0,0,0,0,0,0,1
kofamscan/ko_tables/ectoine/MMETSP0415_clean.csv,0,0,0,0,1,0,1,0,0,1
kofamscan/ko_tables/ectoine/MMETSP0976_clean.csv,0,0,0,0,1,0,1,0,0,1
kofamscan/ko_tables/ectoine/MMETSP0751_clean.csv,0,0,0,0,1,0,0,0,0,1
kofamscan/ko_tables/ectoine/MMETSP1371_clean.csv,0,1,0,0,1,0,1,0,0,0
kofamscan/ko_tables/ectoine/MMETSP1422_clean.csv,0,0,0,0,0,0,0,0,0,1
kofamscan/ko_tables/ectoine/MMETSP1419_clean.csv,0,0,0,0,1,0,0,0,0,1
kofamscan/ko_tables/ectoine/MMETSP1421_clean.csv,0,0,0,0,0,0,0,0,0,1
kofamscan/ko_tables/ectoine/MMETSP1396_clean.csv,0,0,0,0,0,0,0,0,0,0
kofamscan/ko_tables/ectoine/MMETSP0404_clean.csv,0,0,0,0,1,0,1,0,0,1
kofamscan/ko_tables/ectoine/MMETSP0041_clean.csv,0,0,0,0,0,0,0,0,0,0
kofamscan/ko_tables/ectoine/MMETSP1425_clean.csv,0,0,0,0,1,0,1,0,0,0
kofamscan/ko_tables/ectoine/MMETSP0308_clean.csv,0,0,0,0,1,0,1,0,0,0
kofamscan/ko_tables/ectoine/MMETSP0910_clean.csv,0,0,0,0,1,0,1,0,0,1
kofamscan/ko_tables/ectoine/MMETSP1432_clean.csv,0,0,0,0,1,0,1,0,0,1
kofamscan/ko_tables/ectoine/MMETSP0259_clean.csv,0,0,0,0,1,0,1,0,0,0
kofamscan/ko_tables/ectoine/MMETSP1176_clean.csv,0,0,0,0,0,0,1,0,0,1
kofamscan/ko_tables/ectoine/MMETSP1465_clean.csv,0,0,0,0,0,0,0,0,0,0
kofamscan/ko_tables/ectoine/MMETSP1104_clean.csv,0,0,1,0,0,1,0,1,0,0
kofamscan/ko_tables/ectoine/MMETSP0004_clean.csv,0,0,0,0,1,0,1,0,0,1
kofamscan/ko_tables/ectoine/MMETSP1172_clean.csv,0,0,0,0,0,0,1,0,0,0
kofamscan/ko_tables/ectoine/MMETSP1055_clean.csv,0,0,0,0,0,0,1,0,0,0
kofamscan/ko_tables/ectoine/MMETSP1403_clean.csv,0,0,0,0,0,0,1,0,0,0
kofamscan/ko_tables/ectoine/MMETSP0574_clean.csv,0,1,0,0,0,0,1,0,0,1
kofamscan/ko_tables/ectoine/MMETSP0202_clean.csv,0,1,0,0,0,0,1,0,0,1
kofamscan/ko_tables/ectoine/MMETSP0796_clean.csv,0,0,0,0,1,0,1,0,0,0
kofamscan/ko_tables/ectoine/MMETSP0797_clean.csv,0,0,0,0,0,0,1,0,0,1
kofamscan/ko_tables/ectoine/MMETSP1127_clean.csv,0,0,0,0,1,0,1,0,0,0
kofamscan/ko_tables/ectoine/MMETSP1413_clean.csv,0,0,0,0,1,0,1,0,0,1
kofamscan/ko_tables/ectoine/MMETSP0991_clean.csv,0,0,0,0,1,0,1,0,0,1
kofamscan/ko_tables/ectoine/MMETSP1474_clean.csv,0,0,0,0,0,0,1,0,0,1
kofamscan/ko_tables/ectoine/MMETSP1406_clean.csv,0,0,0,0,1,0,0,0,0,1
kofamscan/ko_tables/ectoine/MMETSP1123_clean.csv,0,0,0,0,1,0,1,0,0,0
kofamscan/ko_tables/ectoine/MMETSP0930_clean.csv,0,0,0,0,0,0,1,0,0,1
kofamscan/ko_tables/ectoine/MMETSP0573_clean.csv,0,0,0,0,0,0,1,0,0,1
kofamscan/ko_tables/ectoine/MMETSP1013_clean.csv,0,0,0,0,0,0,1,0,0,1
kofamscan/ko_tables/ectoine/MMETSP1080_clean.csv,0,0,0,0,0,0,1,0,0,0
kofamscan/ko_tables/ectoine/MMETSP1464_clean.csv,0,0,0,0,1,0,1,0,0,1
kofamscan/ko_tables/ectoine/MMETSP0891_clean.csv,0,0,0,0,1,0,1,0,0,1
kofamscan/ko_tables/ectoine/MMETSP1169_clean.csv,0,0,0,0,1,0,1,0,0,0
kofamscan/ko_tables/ectoine/MMETSP1128_clean.csv,0,0,0,0,1,0,1,0,0,0
kofamscan/ko_tables/ectoine/MMETSP1155_clean.csv,0,0,0,0,1,0,1,0,0,1
kofamscan/ko_tables/ectoine/MMETSP0149_clean.csv,0,0,0,0,1,0,1,0,0,1
kofamscan/ko_tables/ectoine/MMETSP1100_clean.csv,0,0,0,0,1,0,1,0,0,1
kofamscan/ko_tables/ectoine/MMETSP0942_clean.csv,0,0,1,0,0,1,1,0,0,0
kofamscan/ko_tables/ectoine/MMETSP1137_clean.csv,0,0,0,0,0,0,1,0,0,1
kofamscan/ko_tables/ectoine/MMETSP0973_clean.csv,0,0,0,0,0,0,0,0,0,1
kofamscan/ko_tables/ectoine/MMETSP0413_clean.csv,0,0,0,0,0,0,0,0,0,0
kofamscan/ko_tables/ectoine/MMETSP0200_clean.csv,0,0,0,0,1,0,1,0,0,1
kofamscan/ko_tables/ectoine/MMETSP1047_clean.csv,0,0,0,0,0,0,1,0,0,0
kofamscan/ko_tables/ectoine/MMETSP0347_clean.csv,0,0,0,0,0,0,0,0,0,0
kofamscan/ko_tables/ectoine/MMETSP1394_clean.csv,0,0,0,0,1,0,1,0,0,1
kofamscan/ko_tables/ectoine/MMETSP0096_clean.csv,0,0,0,0,1,0,1,0,0,0
kofamscan/ko_tables/ectoine/MMETSP0811_clean.csv,0,0,0,0,0,0,1,0,0,0
kofamscan/ko_tables/ectoine/MMETSP0417_clean.csv,0,0,0,0,0,0,0,0,0,0
kofamscan/ko_tables/ectoine/MMETSP0087_clean.csv,0,0,0,0,0,0,1,0,0,0
kofamscan/ko_tables/ectoine/MMETSP1117_clean.csv,0,1,0,0,1,0,1,0,0,0
kofamscan/ko_tables/ectoine/MMETSP0603_clean.csv,0,0,0,0,1,0,1,0,0,1
kofamscan/ko_tables/ectoine/MMETSP0734_clean.csv,0,0,0,0,0,0,1,0,0,1
kofamscan/ko_tables/ectoine/MMETSP0011_clean.csv,0,0,0,0,1,0,1,0,0,0
kofamscan/ko_tables/ectoine/MMETSP1401_clean.csv,0,0,0,0,1,0,1,0,0,0
kofamscan/ko_tables/ectoine/MMETSP1412_clean.csv,0,0,0,0,1,0,0,0,0,1
kofamscan/ko_tables/ectoine/MMETSP1469_clean.csv,0,0,0,0,1,0,1,0,0,0
kofamscan/ko_tables/ectoine/MMETSP1035_clean.csv,0,0,0,0,1,0,1,0,0,0
kofamscan/ko_tables/ectoine/MMETSP0938_clean.csv,0,0,0,0,1,0,1,0,0,1
kofamscan/ko_tables/ectoine/MMETSP0092_clean.csv,0,0,0,0,0,0,0,0,0,1
kofamscan/ko_tables/ectoine/MMETSP0820_clean.csv,0,0,0,0,1,0,1,0,0,0
kofamscan/ko_tables/ectoine/MMETSP0993_clean.csv,0,0,0,0,1,0,1,0,0,1
kofamscan/ko_tables/ectoine/MMETSP0909_clean.csv,0,0,0,0,0,0,0,0,0,1
kofamscan/ko_tables/ectoine/MMETSP0160_clean.csv,0,0,0,0,1,0,1,0,0,1
kofamscan/ko_tables/ectoine/MMETSP1049_clean.csv,0,0,0,0,0,0,1,0,0,0
kofamscan/ko_tables/ectoine/MMETSP1459_clean.csv,0,0,0,0,0,0,1,0,0,0
kofamscan/ko_tables/ectoine/MMETSP1388_clean.csv,0,0,0,0,0,0,1,0,0,1
kofamscan/ko_tables/ectoine/MMETSP0920_clean.csv,0,0,0,0,0,0,1,0,0,1
kofamscan/ko_tables/ectoine/MMETSP1095_clean.csv,0,0,0,0,1,0,1,0,0,0
kofamscan/ko_tables/ectoine/MMETSP0120_clean.csv,0,0,0,0,1,0,1,0,0,1
kofamscan/ko_tables/ectoine/MMETSP1151_clean.csv,0,0,0,0,1,0,1,0,0,1
kofamscan/ko_tables/ectoine/MMETSP0006_clean.csv,0,0,0,0,0,0,1,0,0,1
kofamscan/ko_tables/ectoine/MMETSP1473_clean.csv,0,0,0,0,1,0,1,0,0,0
kofamscan/ko_tables/ectoine/MMETSP0272_clean.csv,0,0,0,0,1,0,1,0,0,0
kofamscan/ko_tables/ectoine/MMETSP0899_clean.csv,0,0,0,0,1,0,0,0,0,1
kofamscan/ko_tables/ectoine/MMETSP0151_clean.csv,0,0,0,0,0,0,0,0,0,0
kofamscan/ko_tables/ectoine/MMETSP1381_clean.csv,0,0,0,0,0,0,1,0,0,1
kofamscan/ko_tables/ectoine/MMETSP0326_clean.csv,0,0,0,0,0,0,0,0,0,0
kofamscan/ko_tables/ectoine/MMETSP0912_clean.csv,0,0,0,0,1,0,1,0,0,0
kofamscan/ko_tables/ectoine/MMETSP1070_clean.csv,0,0,0,0,1,0,0,0,0,1
kofamscan/ko_tables/ectoine/MMETSP0900_clean.csv,0,0,0,0,0,0,0,0,0,1
kofamscan/ko_tables/ectoine/MMETSP0014_clean.csv,0,0,0,0,0,0,1,0,0,1
kofamscan/ko_tables/ectoine/MMETSP1400_clean.csv,0,0,0,0,0,0,1,0,0,0
kofamscan/ko_tables/ectoine/MMETSP1437_clean.csv,0,0,0,0,1,0,1,0,0,1
kofamscan/ko_tables/ectoine/MMETSP1447_clean.csv,0,0,0,0,1,0,1,0,0,1
kofamscan/ko_tables/ectoine/MMETSP0140_clean.csv,0,0,0,0,1,0,1,0,0,1
kofamscan/ko_tables/ectoine/MMETSP1161_clean.csv,0,0,0,0,1,0,1,0,0,0
kofamscan/ko_tables/ectoine/MMETSP1043_clean.csv,0,0,0,0,0,0,1,0,0,0
kofamscan/ko_tables/ectoine/MMETSP1316_clean.csv,0,0,0,0,0,0,1,0,0,0
kofamscan/ko_tables/ectoine/MMETSP1157_clean.csv,0,0,0,0,1,0,1,0,0,1
kofamscan/ko_tables/ectoine/MMETSP0790_clean.csv,0,0,0,0,0,0,1,0,0,0
kofamscan/ko_tables/ectoine/MMETSP1360_clean.csv,0,0,0,0,1,0,1,0,0,1
kofamscan/ko_tables/ectoine/MMETSP0258_clean.csv,0,0,0,0,1,0,1,0,0,0
kofamscan/ko_tables/ectoine/MMETSP0746_clean.csv,0,0,0,0,1,0,1,0,0,1
kofamscan/ko_tables/ectoine/MMETSP1420_clean.csv,0,0,0,0,1,0,0,0,0,1
kofamscan/ko_tables/ectoine/MMETSP1397_clean.csv,0,0,0,0,0,0,0,0,0,0
kofamscan/ko_tables/ectoine/MMETSP1452_clean.csv,0,0,0,0,1,0,1,0,0,0
kofamscan/ko_tables/ectoine/MMETSP1178_clean.csv,0,0,0,0,0,0,1,0,0,1
kofamscan/ko_tables/ectoine/MMETSP1115_clean.csv,0,1,0,0,1,0,1,0,0,0
kofamscan/ko_tables/ectoine/MMETSP1361_clean.csv,0,0,0,0,1,0,1,0,0,1
kofamscan/ko_tables/ectoine/MMETSP0941_clean.csv,0,0,0,0,1,0,1,0,0,0
kofamscan/ko_tables/ectoine/MMETSP0098_clean.csv,0,0,0,0,1,0,1,0,0,0
kofamscan/ko_tables/ectoine/MMETSP0924_clean.csv,0,0,0,0,0,0,0,0,0,0
kofamscan/ko_tables/ectoine/MMETSP0234_clean.csv,0,0,0,0,1,0,1,0,0,0
kofamscan/ko_tables/ectoine/MMETSP1106_clean.csv,0,0,0,0,1,0,1,0,0,0
kofamscan/ko_tables/ectoine/MMETSP0267_clean.csv,0,0,0,0,1,0,1,0,0,0
kofamscan/ko_tables/ectoine/MMETSP0091_clean.csv,0,0,0,0,1,0,1,0,0,1
kofamscan/ko_tables/ectoine/MMETSP0132_clean.csv,0,0,0,0,0,0,0,0,0,0
kofamscan/ko_tables/ectoine/MMETSP1417_clean.csv,0,0,0,0,1,0,1,0,0,1
kofamscan/ko_tables/ectoine/MMETSP1363_clean.csv,0,0,0,0,1,0,1,0,0,1
kofamscan/ko_tables/ectoine/MMETSP0316_clean.csv,0,0,0,0,1,0,1,0,0,0
kofamscan/ko_tables/ectoine/MMETSP0229_clean.csv,0,0,0,0,0,0,0,0,0,0
kofamscan/ko_tables/ectoine/MMETSP1408_clean.csv,0,0,0,0,1,0,0,0,0,1
kofamscan/ko_tables/ectoine/MMETSP0987_clean.csv,0,0,0,0,0,0,1,0,0,0
kofamscan/ko_tables/ectoine/MMETSP1333_clean.csv,0,0,0,0,0,0,1,0,0,1
kofamscan/ko_tables/ectoine/MMETSP1345_clean.csv,0,0,0,0,0,0,0,0,0,0
kofamscan/ko_tables/ectoine/MMETSP0878_clean.csv,0,0,0,0,1,0,1,0,0,1
kofamscan/ko_tables/ectoine/MMETSP1153_clean.csv,0,0,0,0,1,0,1,0,0,1
kofamscan/ko_tables/ectoine/MMETSP0288_clean.csv,0,0,1,0,1,0,1,0,0,0
kofamscan/ko_tables/ectoine/MMETSP1462_clean.csv,0,0,0,0,1,0,1,0,0,0
kofamscan/ko_tables/ectoine/MMETSP0139_clean.csv,0,0,0,0,1,0,1,0,0,1
kofamscan/ko_tables/ectoine/MMETSP1096_clean.csv,0,0,0,0,0,0,1,0,0,1
kofamscan/ko_tables/ectoine/MMETSP1418_clean.csv,0,0,0,0,1,0,0,0,0,1
kofamscan/ko_tables/ectoine/MMETSP0963_clean.csv,0,0,0,0,0,0,1,0,0,0
kofamscan/ko_tables/ectoine/MMETSP0171_clean.csv,0,0,0,0,1,0,1,0,0,1
kofamscan/ko_tables/ectoine/MMETSP0904_clean.csv,0,0,0,0,0,0,1,0,0,1
kofamscan/ko_tables/ectoine/MMETSP1040_clean.csv,0,0,0,0,0,0,1,0,0,1
kofamscan/ko_tables/ectoine/MMETSP1389_clean.csv,0,0,0,0,0,0,1,0,0,0
kofamscan/ko_tables/ectoine/MMETSP1415_clean.csv,0,0,0,0,0,0,0,0,0,1
kofamscan/ko_tables/ectoine/MMETSP0789_clean.csv,0,0,0,0,1,0,1,0,0,1
kofamscan/ko_tables/ectoine/MMETSP0169_clean.csv,0,0,0,0,1,0,1,0,0,1
kofamscan/ko_tables/ectoine/MMETSP1064_clean.csv,0,0,0,0,1,0,1,0,0,1
kofamscan/ko_tables/ectoine/MMETSP0015_clean.csv,0,0,0,0,1,0,1,0,0,1
kofamscan/ko_tables/ectoine/MMETSP1152_clean.csv,0,0,0,0,1,0,1,0,0,1
kofamscan/ko_tables/ectoine/MMETSP0106_clean.csv,0,0,0,0,0,0,1,0,0,0
kofamscan/ko_tables/ectoine/MMETSP1349_clean.csv,0,1,0,0,0,0,1,0,0,0
kofamscan/ko_tables/ectoine/MMETSP0727_clean.csv,0,0,0,0,1,0,1,0,0,1
kofamscan/ko_tables/ectoine/MMETSP1429_clean.csv,0,0,0,0,0,0,1,0,0,1
kofamscan/ko_tables/ectoine/MMETSP0911_clean.csv,0,0,0,0,0,0,1,0,0,0
kofamscan/ko_tables/ectoine/MMETSP0717_clean.csv,0,0,0,0,0,0,1,0,0,1
kofamscan/ko_tables/ectoine/MMETSP0901_clean.csv,0,0,0,0,0,0,1,0,0,1
kofamscan/ko_tables/ectoine/MMETSP0111_clean.csv,0,0,0,0,1,0,1,0,0,0
kofamscan/ko_tables/ectoine/MMETSP0411_clean.csv,0,0,0,0,0,0,1,0,0,1
kofamscan/ko_tables/ectoine/MMETSP0317_clean.csv,0,0,0,0,1,0,1,0,0,0
kofamscan/ko_tables/ectoine/MMETSP1148_clean.csv,0,0,0,0,0,0,0,0,0,0
kofamscan/ko_tables/ectoine/MMETSP0957_clean.csv,0,0,0,0,0,0,1,0,0,0
kofamscan/ko_tables/ectoine/MMETSP0914_clean.csv,0,0,0,0,1,0,1,0,0,1
kofamscan/ko_tables/ectoine/MMETSP0738_clean.csv,0,1,1,0,1,0,1,0,0,1
kofamscan/ko_tables/ectoine/MMETSP0010_clean.csv,0,0,0,0,1,0,1,0,0,1
kofamscan/ko_tables/ectoine/MMETSP0056_clean.csv,0,0,0,0,0,0,1,0,0,1
kofamscan/ko_tables/ectoine/MMETSP0595_clean.csv,0,0,0,0,0,0,1,0,0,0
kofamscan/ko_tables/ectoine/MMETSP0116_clean.csv,0,0,0,0,1,0,1,0,0,1
kofamscan/ko_tables/ectoine/MMETSP0368_clean.csv,0,0,0,0,1,0,1,0,0,0
kofamscan/ko_tables/ectoine/MMETSP1156_clean.csv,0,0,0,0,1,0,1,0,0,1
kofamscan/ko_tables/ectoine/MMETSP0881_clean.csv,0,0,0,0,1,0,0,0,0,1
kofamscan/ko_tables/ectoine/MMETSP0114_clean.csv,0,0,1,0,0,1,1,1,0,1
kofamscan/ko_tables/ectoine/MMETSP0706_clean.csv,0,0,0,0,1,0,1,0,0,1
kofamscan/ko_tables/ectoine/MMETSP0802_clean.csv,0,0,0,0,1,0,1,0,0,0
kofamscan/ko_tables/ectoine/MMETSP0371_clean.csv,0,0,0,0,1,0,1,0,0,0
kofamscan/ko_tables/ectoine/MMETSP1426_clean.csv,0,0,0,0,1,0,1,0,0,0
kofamscan/ko_tables/ectoine/MMETSP1173_clean.csv,0,0,0,0,0,0,1,0,0,1
kofamscan/ko_tables/ectoine/MMETSP0726_clean.csv,0,0,0,0,1,0,1,0,0,1
kofamscan/ko_tables/ectoine/MMETSP1330_clean.csv,0,0,0,0,1,0,1,0,0,0
kofamscan/ko_tables/ectoine/MMETSP0807_clean.csv,0,0,0,0,1,0,1,0,0,0
kofamscan/ko_tables/ectoine/MMETSP0125_clean.csv,0,0,0,0,0,0,0,0,0,0
kofamscan/ko_tables/ectoine/MMETSP1370_clean.csv,0,1,0,0,1,0,1,0,0,0
kofamscan/ko_tables/ectoine/MMETSP0033_clean.csv,0,0,0,0,1,0,1,0,0,0
kofamscan/ko_tables/ectoine/MMETSP0109_clean.csv,0,0,0,0,1,0,1,0,1,0
kofamscan/ko_tables/ectoine/MMETSP1329_clean.csv,0,0,0,0,0,0,1,0,0,1
kofamscan/ko_tables/ectoine/MMETSP0057_clean.csv,0,0,0,0,1,0,1,0,0,1
kofamscan/ko_tables/ectoine/MMETSP0990_clean.csv,0,0,0,0,0,0,1,0,0,1
kofamscan/ko_tables/ectoine/MMETSP1107_clean.csv,0,0,0,0,0,0,0,0,0,0
kofamscan/ko_tables/ectoine/MMETSP0766_clean.csv,0,0,0,0,1,0,1,0,0,0
kofamscan/ko_tables/ectoine/MMETSP1435_clean.csv,0,0,0,0,0,0,0,0,0,0
kofamscan/ko_tables/ectoine/MMETSP1416_clean.csv,0,0,0,0,1,0,0,0,0,1
kofamscan/ko_tables/ectoine/MMETSP0469_clean.csv,0,0,0,0,1,0,1,0,0,0
kofamscan/ko_tables/ectoine/MMETSP1038_clean.csv,0,0,0,0,1,1,1,0,0,1
kofamscan/ko_tables/ectoine/MMETSP0998_clean.csv,0,0,0,0,0,0,1,0,0,1
kofamscan/ko_tables/ectoine/MMETSP0988_clean.csv,0,0,0,0,0,0,1,0,0,0
kofamscan/ko_tables/ectoine/MMETSP1445_clean.csv,0,0,0,0,1,0,1,0,0,0
kofamscan/ko_tables/ectoine/MMETSP0562_clean.csv,0,0,0,0,0,0,1,0,0,1
kofamscan/ko_tables/ectoine/MMETSP1443_clean.csv,0,0,0,0,1,0,1,0,0,0
kofamscan/ko_tables/ectoine/MMETSP0983_clean.csv,0,0,0,0,1,0,1,0,0,1
kofamscan/ko_tables/ectoine/MMETSP0817_clean.csv,0,0,0,0,1,0,1,0,0,0
kofamscan/ko_tables/ectoine/MMETSP0733_clean.csv,0,0,0,0,0,0,1,0,0,1
kofamscan/ko_tables/ectoine/MMETSP1177_clean.csv,0,0,0,0,1,0,1,0,0,1
kofamscan/ko_tables/ectoine/MMETSP0698_clean.csv,0,0,0,0,1,0,1,0,0,1
kofamscan/ko_tables/ectoine/MMETSP0110_clean.csv,0,0,0,0,1,0,1,0,0,0
kofamscan/ko_tables/ectoine/MMETSP0753_clean.csv,0,0,0,0,0,0,0,0,0,1
kofamscan/ko_tables/ectoine/MMETSP1016_clean.csv,0,0,0,0,0,0,1,0,1,0
kofamscan/ko_tables/ectoine/MMETSP0449_clean.csv,0,0,0,0,0,0,0,0,0,0
kofamscan/ko_tables/ectoine/MMETSP1105_clean.csv,0,0,0,0,1,0,1,0,0,1
kofamscan/ko_tables/ectoine/MMETSP1463_clean.csv,0,0,0,0,1,0,1,0,0,1
kofamscan/ko_tables/ectoine/MMETSP0962_clean.csv,0,0,0,0,0,0,1,0,0,0
kofamscan/ko_tables/ectoine/MMETSP1098_clean.csv,0,0,0,0,0,0,1,0,0,1
kofamscan/ko_tables/ectoine/MMETSP1441_clean.csv,0,1,0,0,1,0,1,0,0,0
kofamscan/ko_tables/ectoine/MMETSP1074_clean.csv,0,1,0,0,1,0,1,0,0,1
kofamscan/ko_tables/ectoine/MMETSP0908_clean.csv,0,0,0,0,0,0,1,0,0,1
kofamscan/ko_tables/ectoine/MMETSP0484_clean.csv,0,0,0,0,0,0,1,0,0,0
kofamscan/ko_tables/ectoine/MMETSP0044_clean.csv,0,0,0,0,0,0,0,0,0,0
kofamscan/ko_tables/ectoine/MMETSP0795_clean.csv,0,0,0,0,0,0,1,0,0,1
kofamscan/ko_tables/ectoine/MMETSP1362_clean.csv,0,0,0,0,1,0,1,0,0,1
kofamscan/ko_tables/ectoine/MMETSP1041_clean.csv,0,0,0,0,0,0,1,0,0,0
kofamscan/ko_tables/ectoine/MMETSP0403_clean.csv,0,0,0,0,1,0,1,0,0,1
kofamscan/ko_tables/ectoine/MMETSP0949_clean.csv,0,0,0,0,0,0,1,0,0,1
kofamscan/ko_tables/ectoine/MMETSP1010_clean.csv,0,0,0,0,0,0,1,0,0,1
kofamscan/ko_tables/ectoine/MMETSP1353_clean.csv,0,0,0,0,0,0,1,0,0,0
kofamscan/ko_tables/ectoine/MMETSP0150_clean.csv,0,0,0,0,1,0,1,0,0,1
kofamscan/ko_tables/ectoine/MMETSP0893_clean.csv,0,0,0,0,1,0,1,0,0,1
kofamscan/ko_tables/ectoine/MMETSP0294_clean.csv,0,0,0,0,1,0,1,0,0,1
kofamscan/ko_tables/ectoine/MMETSP0145_clean.csv,0,0,0,0,1,0,0,0,0,0
kofamscan/ko_tables/ectoine/MMETSP1405_clean.csv,0,0,0,0,1,0,0,0,0,1
kofamscan/ko_tables/ectoine/MMETSP0046_clean.csv,0,0,0,0,0,0,1,0,0,0
kofamscan/ko_tables/ectoine/MMETSP1083_clean.csv,0,0,0,0,0,0,1,0,0,0
kofamscan/ko_tables/ectoine/MMETSP0724_clean.csv,0,0,0,0,1,0,1,0,0,1
kofamscan/ko_tables/ectoine/MMETSP0472_clean.csv,0,0,0,0,1,0,1,0,0,0
kofamscan/ko_tables/ectoine/MMETSP1352_clean.csv,0,0,0,0,1,0,0,0,0,0
kofamscan/ko_tables/ectoine/MMETSP1364_clean.csv,0,0,0,0,1,0,1,0,0,1
kofamscan/ko_tables/ectoine/MMETSP0174_clean.csv,0,0,0,0,1,0,1,0,0,1
kofamscan/ko_tables/ectoine/MMETSP1365_clean.csv,0,0,0,0,1,0,1,0,0,1
kofamscan/ko_tables/ectoine/MMETSP0971_clean.csv,0,0,0,0,1,0,1,0,0,1
kofamscan/ko_tables/ectoine/MMETSP0896_clean.csv,0,0,0,0,0,0,1,0,0,1
kofamscan/ko_tables/ectoine/MMETSP0879_clean.csv,0,0,0,0,1,0,0,0,0,1
kofamscan/ko_tables/ectoine/MMETSP1359_clean.csv,0,0,0,0,0,0,1,0,0,0
kofamscan/ko_tables/ectoine/MMETSP0972_clean.csv,0,0,0,0,0,0,1,0,0,1
kofamscan/ko_tables/ectoine/MMETSP1323_clean.csv,0,0,0,0,0,0,0,0,0,1
kofamscan/ko_tables/ectoine/MMETSP0156_clean.csv,0,0,0,0,1,0,1,0,0,1
kofamscan/ko_tables/ectoine/MMETSP0142_clean.csv,0,0,0,0,1,0,1,0,0,1
kofamscan/ko_tables/ectoine/MMETSP0123_clean.csv,0,0,0,0,0,0,0,0,0,0
kofamscan/ko_tables/ectoine/MMETSP0107_clean.csv,0,1,0,0,0,1,1,1,0,0
kofamscan/ko_tables/ectoine/MMETSP1367_clean.csv,0,1,0,0,1,0,1,0,0,0
kofamscan/ko_tables/ectoine/MMETSP0029_clean.csv,0,0,0,0,0,0,1,0,0,1
kofamscan/ko_tables/ectoine/MMETSP1324_clean.csv,0,0,0,0,0,0,0,0,0,1
kofamscan/ko_tables/ectoine/MMETSP0916_clean.csv,0,0,0,0,1,0,1,0,0,1
kofamscan/ko_tables/ectoine/MMETSP0108_clean.csv,0,1,0,0,0,1,1,1,0,1
kofamscan/ko_tables/ectoine/MMETSP0027_clean.csv,0,1,0,0,0,0,1,0,0,1
kofamscan/ko_tables/ectoine/MMETSP0251_clean.csv,0,0,0,0,0,0,0,0,0,0
kofamscan/ko_tables/ectoine/MMETSP1018_clean.csv,0,0,0,0,0,0,0,0,0,0
kofamscan/ko_tables/ectoine/MMETSP1089_clean.csv,0,0,0,0,1,0,1,0,0,0
kofamscan/ko_tables/ectoine/MMETSP1369_clean.csv,0,1,0,0,1,0,1,0,0,0
kofamscan/ko_tables/ectoine/MMETSP1144_clean.csv,0,0,0,0,1,0,1,0,0,1
kofamscan/ko_tables/ectoine/MMETSP1143_clean.csv,0,0,0,0,1,0,1,0,0,1
kofamscan/ko_tables/ectoine/MMETSP0944_clean.csv,0,0,0,0,0,0,1,0,0,1
kofamscan/ko_tables/ectoine/MMETSP1310_clean.csv,0,0,0,0,0,0,1,0,0,0
kofamscan/ko_tables/ectoine/MMETSP0382_clean.csv,0,0,0,0,1,0,1,0,0,1
kofamscan/ko_tables/ectoine/MMETSP1402_clean.csv,0,0,0,0,0,0,0,0,0,1
kofamscan/ko_tables/ectoine/MMETSP1315_clean.csv,0,0,0,0,0,0,0,0,0,0
kofamscan/ko_tables/ectoine/MMETSP0956_clean.csv,0,0,0,0,0,0,1,0,0,0
kofamscan/ko_tables/ectoine/MMETSP0166_clean.csv,0,0,0,0,0,0,0,0,0,0
kofamscan/ko_tables/ectoine/MMETSP0939_clean.csv,0,0,0,0,1,0,1,0,0,1
kofamscan/ko_tables/ectoine/MMETSP1140_clean.csv,0,0,0,0,0,0,1,0,0,1
kofamscan/ko_tables/ectoine/MMETSP1377_clean.csv,0,0,0,0,0,0,1,0,0,0
kofamscan/ko_tables/ectoine/MMETSP1434_clean.csv,0,0,0,0,0,0,1,0,0,1
kofamscan/ko_tables/ectoine/MMETSP0121_clean.csv,0,0,0,0,1,0,1,0,0,0
kofamscan/ko_tables/ectoine/MMETSP1390_clean.csv,0,0,0,0,1,0,1,0,0,0
kofamscan/ko_tables/ectoine/MMETSP0994_clean.csv,0,0,0,0,0,0,1,0,0,1
kofamscan/ko_tables/ectoine/MMETSP1012_clean.csv,0,0,0,0,1,0,1,0,0,1
kofamscan/ko_tables/ectoine/MMETSP0047_clean.csv,0,0,0,0,0,0,1,0,0,0
kofamscan/ko_tables/ectoine/MMETSP0410_clean.csv,0,0,0,0,0,0,1,0,0,1
kofamscan/ko_tables/ectoine/MMETSP0295_clean.csv,0,0,0,0,1,0,1,0,0,1
kofamscan/ko_tables/ectoine/MMETSP0803_clean.csv,0,0,0,0,1,0,1,0,0,0
kofamscan/ko_tables/ectoine/MMETSP1066_clean.csv,0,0,0,0,1,0,1,0,0,1
kofamscan/ko_tables/ectoine/MMETSP0814_clean.csv,0,0,0,0,0,0,1,0,0,1
kofamscan/ko_tables/ectoine/MMETSP0697_clean.csv,0,0,0,0,1,0,1,0,0,1
kofamscan/ko_tables/ectoine/MMETSP0228_clean.csv,0,1,0,0,1,0,1,0,0,0
kofamscan/ko_tables/ectoine/MMETSP0725_clean.csv,0,0,0,0,1,0,1,0,0,1
kofamscan/ko_tables/ectoine/MMETSP0492_clean.csv,0,0,0,0,0,0,0,0,0,1
kofamscan/ko_tables/ectoine/MMETSP1065_clean.csv,0,0,0,0,1,0,0,0,0,1
kofamscan/ko_tables/ectoine/MMETSP1006_clean.csv,0,0,0,0,0,0,1,0,0,1
kofamscan/ko_tables/ectoine/MMETSP0143_clean.csv,0,0,0,0,1,0,1,0,0,1
kofamscan/ko_tables/ectoine/MMETSP1033_clean.csv,0,0,0,0,1,0,1,0,0,0
kofamscan/ko_tables/ectoine/MMETSP0974_clean.csv,0,0,0,0,1,0,1,0,0,1
kofamscan/ko_tables/ectoine/MMETSP1147_clean.csv,0,0,0,0,0,0,0,0,0,0
kofamscan/ko_tables/ectoine/MMETSP1404_clean.csv,0,0,0,0,0,0,1,0,0,0
kofamscan/ko_tables/ectoine/MMETSP1048_clean.csv,0,0,0,0,0,0,1,0,0,0
kofamscan/ko_tables/ectoine/MMETSP0970_clean.csv,0,0,0,0,0,0,1,0,0,1
kofamscan/ko_tables/ectoine/MMETSP0747_clean.csv,0,0,0,0,1,0,1,0,0,0
kofamscan/ko_tables/ectoine/MMETSP0020_clean.csv,0,0,0,0,1,0,1,0,0,1
kofamscan/ko_tables/ectoine/MMETSP0019_clean.csv,0,0,0,0,1,0,1,0,0,1
kofamscan/ko_tables/ectoine/MMETSP0216_clean.csv,0,0,0,0,0,0,0,0,0,0
kofamscan/ko_tables/ectoine/MMETSP1170_clean.csv,0,0,0,0,0,0,1,0,0,0
kofamscan/ko_tables/ectoine/MMETSP0031_clean.csv,0,1,0,0,0,0,1,0,0,1
kofamscan/ko_tables/ectoine/MMETSP1328_clean.csv,0,0,0,0,1,0,1,0,0,0
kofamscan/ko_tables/ectoine/MMETSP1175_clean.csv,0,0,0,0,0,0,1,0,0,1
kofamscan/ko_tables/ectoine/MMETSP0985_clean.csv,0,0,0,0,1,0,1,0,0,1
kofamscan/ko_tables/ectoine/MMETSP0936_clean.csv,0,0,0,0,0,0,1,0,0,1
kofamscan/ko_tables/ectoine/MMETSP1129_clean.csv,0,0,0,0,0,0,1,0,0,0
kofamscan/ko_tables/ectoine/MMETSP1102_clean.csv,0,0,0,0,0,0,1,0,0,0
kofamscan/ko_tables/ectoine/MMETSP0232_clean.csv,0,0,0,0,0,0,1,0,0,0
kofamscan/ko_tables/ectoine/MMETSP0127_clean.csv,0,0,0,0,0,0,0,0,0,0
kofamscan/ko_tables/ectoine/MMETSP0491_clean.csv,0,0,0,0,0,0,1,0,0,0
kofamscan/ko_tables/ectoine/MMETSP0167_clean.csv,0,0,0,0,0,0,1,0,0,0
kofamscan/ko_tables/ectoine/MMETSP1335_clean.csv,0,0,0,0,0,0,1,0,0,0
kofamscan/ko_tables/ectoine/MMETSP0897_clean.csv,0,0,0,0,0,0,1,0,0,1
kofamscan/ko_tables/ectoine/MMETSP0708_clean.csv,0,0,0,0,0,0,1,0,0,1
kofamscan/ko_tables/ectoine/MMETSP0528_clean.csv,0,1,0,0,0,0,1,0,0,1
kofamscan/ko_tables/ectoine/MMETSP0101_clean.csv,0,0,1,0,0,0,0,0,0,0
kofamscan/ko_tables/ectoine/MMETSP0235_clean.csv,0,0,0,0,0,0,1,0,0,0
kofamscan/ko_tables/ectoine/MMETSP0196_clean.csv,0,0,0,0,0,0,0,0,0,0
kofamscan/ko_tables/ectoine/MMETSP0752_clean.csv,0,0,0,0,1,0,0,0,0,1
kofamscan/ko_tables/ectoine/MMETSP0948_clean.csv,0,0,0,0,0,0,1,0,0,1
kofamscan/ko_tables/ectoine/MMETSP0648_clean.csv,0,1,0,0,0,0,1,0,0,1
kofamscan/ko_tables/ectoine/MMETSP0905_clean.csv,0,0,0,0,1,0,1,0,0,1
kofamscan/ko_tables/ectoine/MMETSP1164_clean.csv,0,0,0,0,1,0,1,0,0,0
kofamscan/ko_tables/ectoine/MMETSP0190_clean.csv,0,0,0,0,0,0,0,0,0,0
kofamscan/ko_tables/ectoine/MMETSP0161_clean.csv,0,0,0,0,0,0,0,0,0,0
kofamscan/ko_tables/ectoine/MMETSP0090_clean.csv,0,0,0,0,1,0,1,0,0,1
kofamscan/ko_tables/ectoine/MMETSP0895_clean.csv,0,0,0,0,0,0,0,0,0,1
kofamscan/ko_tables/ectoine/MMETSP0946_clean.csv,0,0,0,0,1,0,1,0,0,1
kofamscan/ko_tables/ectoine/MMETSP0943_clean.csv,0,0,0,0,0,0,1,0,0,1
kofamscan/ko_tables/ectoine/MMETSP0439_clean.csv,0,0,1,0,0,0,1,0,0,0
kofamscan/ko_tables/ectoine/MMETSP0053_clean.csv,0,0,0,0,1,0,1,0,0,1
kofamscan/ko_tables/ectoine/MMETSP0030_clean.csv,0,0,0,0,0,0,1,0,0,1
kofamscan/ko_tables/ectoine/MMETSP0886_clean.csv,0,0,0,0,1,0,1,0,0,0
kofamscan/ko_tables/ectoine/MMETSP0735_clean.csv,0,0,0,0,1,0,1,0,0,1
kofamscan/ko_tables/ectoine/MMETSP1423_clean.csv,0,0,0,0,1,0,1,0,0,1
kofamscan/ko_tables/ectoine/MMETSP1356_clean.csv,0,0,0,0,0,0,1,0,0,0
kofamscan/ko_tables/ectoine/MMETSP1451_clean.csv,0,0,1,0,1,0,1,0,0,0
kofamscan/ko_tables/ectoine/MMETSP1334_clean.csv,0,0,0,0,0,0,1,0,0,1
kofamscan/ko_tables/ectoine/MMETSP1327_clean.csv,0,0,0,0,1,0,1,0,0,0
kofamscan/ko_tables/ectoine/MMETSP1116_clean.csv,0,1,0,0,1,0,1,0,0,0
kofamscan/ko_tables/ectoine/MMETSP0313_clean.csv,0,0,0,0,1,0,1,0,0,0
kofamscan/ko_tables/ectoine/MMETSP0580_clean.csv,0,0,0,0,1,0,1,0,0,1
kofamscan/ko_tables/ectoine/MMETSP0315_clean.csv,0,0,0,0,0,0,1,0,0,0
kofamscan/ko_tables/ectoine/MMETSP0958_clean.csv,0,0,0,0,0,0,1,0,0,0
kofamscan/ko_tables/ectoine/MMETSP0915_clean.csv,0,0,0,0,1,0,1,0,0,0
kofamscan/ko_tables/ectoine/MMETSP1167_clean.csv,0,0,0,0,1,0,1,0,0,1
kofamscan/ko_tables/ectoine/MMETSP1468_clean.csv,0,0,0,0,1,0,1,0,0,0
kofamscan/ko_tables/ectoine/MMETSP0806_clean.csv,0,0,0,0,1,0,1,0,0,0
kofamscan/ko_tables/ectoine/MMETSP0903_clean.csv,0,0,0,0,1,0,1,0,0,1
kofamscan/ko_tables/ectoine/MMETSP1391_clean.csv,0,0,0,0,1,0,1,0,0,0
kofamscan/ko_tables/ectoine/MMETSP1142_clean.csv,0,0,0,0,1,0,1,0,0,1
kofamscan/ko_tables/ectoine/MMETSP0369_clean.csv,0,0,0,0,1,0,1,0,0,0
kofamscan/ko_tables/ectoine/MMETSP0414_clean.csv,0,0,0,0,1,0,1,0,0,1
kofamscan/ko_tables/ectoine/MMETSP1138_clean.csv,0,0,0,0,0,0,1,0,0,1
kofamscan/ko_tables/ectoine/MMETSP0707_clean.csv,0,0,0,0,1,0,1,0,0,1
kofamscan/ko_tables/ectoine/MMETSP0314_clean.csv,0,0,0,0,0,0,1,0,0,0
kofamscan/ko_tables/ectoine/MMETSP1410_clean.csv,0,0,0,0,0,0,0,0,0,1
kofamscan/ko_tables/ectoine/MMETSP0152_clean.csv,0,0,0,0,1,0,1,0,0,1
kofamscan/ko_tables/ectoine/MMETSP0321_clean.csv,0,0,0,0,1,0,1,0,0,1
kofamscan/ko_tables/ectoine/MMETSP0201_clean.csv,0,0,0,0,0,0,1,0,0,1
kofamscan/ko_tables/ectoine/MMETSP0882_clean.csv,0,0,0,0,1,0,0,0,0,1
kofamscan/ko_tables/ectoine/MMETSP1456_clean.csv,0,0,0,0,1,0,1,0,0,0
kofamscan/ko_tables/ectoine/MMETSP0503_clean.csv,0,1,0,0,1,0,1,0,0,0
kofamscan/ko_tables/ectoine/MMETSP0158_clean.csv,0,0,0,0,1,0,1,0,0,1
kofamscan/ko_tables/ectoine/MMETSP0463_clean.csv,0,0,0,0,0,0,0,0,0,0
kofamscan/ko_tables/ectoine/MMETSP0804_clean.csv,0,0,1,0,1,0,1,0,0,0
kofamscan/ko_tables/ectoine/MMETSP1424_clean.csv,0,0,0,0,1,0,1,0,0,0
kofamscan/ko_tables/ectoine/MMETSP0325_clean.csv,0,0,0,0,1,0,1,0,0,0
kofamscan/ko_tables/ectoine/MMETSP1009_clean.csv,0,0,0,0,0,0,1,0,0,1
kofamscan/ko_tables/ectoine/MMETSP1094_clean.csv,0,0,0,0,1,0,1,0,0,1
kofamscan/ko_tables/ectoine/MMETSP0370_clean.csv,0,0,0,0,1,0,1,0,0,0
kofamscan/ko_tables/ectoine/MMETSP0405_clean.csv,0,1,0,0,0,0,0,0,0,0
kofamscan/ko_tables/ectoine/MMETSP0009_clean.csv,0,0,0,0,1,0,1,0,0,1
kofamscan/ko_tables/ectoine/MMETSP1034_clean.csv,0,0,0,0,1,0,1,0,0,0
kofamscan/ko_tables/ectoine/MMETSP0448_clean.csv,0,0,0,0,1,0,1,0,0,0
kofamscan/ko_tables/ectoine/MMETSP0982_clean.csv,0,0,0,0,1,0,1,0,0,1
kofamscan/ko_tables/ectoine/MMETSP0758_clean.csv,0,0,0,0,0,0,0,0,0,0
kofamscan/ko_tables/ectoine/MMETSP1084_clean.csv,0,0,0,0,0,0,1,0,0,0
kofamscan/ko_tables/ectoine/MMETSP1339_clean.csv,0,0,0,0,1,0,1,0,0,1
kofamscan/ko_tables/ectoine/MMETSP0164_clean.csv,0,0,0,0,1,0,1,0,0,1
kofamscan/ko_tables/ectoine/MMETSP0740_clean.csv,0,0,1,0,0,0,1,1,0,1
kofamscan/ko_tables/ectoine/MMETSP0268_clean.csv,0,0,0,0,1,0,1,0,0,1
kofamscan/ko_tables/ectoine/MMETSP1309_clean.csv,0,0,1,0,0,0,1,0,0,0
kofamscan/ko_tables/ectoine/MMETSP0287_clean.csv,0,0,0,0,0,0,1,0,0,1
kofamscan/ko_tables/ectoine/MMETSP0884_clean.csv,0,0,0,0,1,0,0,0,0,1
kofamscan/ko_tables/ectoine/MMETSP1163_clean.csv,0,0,0,0,0,0,1,0,0,1
kofamscan/ko_tables/ectoine/MMETSP0997_clean.csv,0,0,0,0,0,0,1,0,0,1
kofamscan/ko_tables/ectoine/MMETSP1136_clean.csv,0,0,0,0,0,0,1,0,0,1
kofamscan/ko_tables/ectoine/MMETSP0384_clean.csv,0,0,0,0,1,0,1,0,0,1
kofamscan/ko_tables/ectoine/MMETSP0989_clean.csv,0,0,0,0,0,0,1,0,0,0
kofamscan/ko_tables/ectoine/MMETSP0191_clean.csv,0,1,0,0,1,0,1,0,0,0
kofamscan/ko_tables/ectoine/MMETSP0043_clean.csv,0,0,0,0,0,0,1,0,0,0
kofamscan/ko_tables/ectoine/MMETSP1124_clean.csv,0,0,0,0,1,0,1,0,0,0
kofamscan/ko_tables/ectoine/MMETSP1311_clean.csv,0,0,0,0,1,0,1,0,0,0
kofamscan/ko_tables/ectoine/MMETSP0319_clean.csv,0,0,0,0,1,0,1,0,0,1
kofamscan/ko_tables/ectoine/MMETSP0045_clean.csv,0,0,0,0,1,0,1,0,0,0
kofamscan/ko_tables/ectoine/MMETSP1166_clean.csv,0,0,0,0,1,0,1,0,0,1
kofamscan/ko_tables/ectoine/MMETSP1440_clean.csv,0,0,0,0,0,0,1,0,0,1
kofamscan/ko_tables/ectoine/MMETSP1071_clean.csv,0,0,0,0,1,0,1,0,0,1
kofamscan/ko_tables/ectoine/MMETSP0850_clean.csv,0,0,0,0,1,1,1,0,0,1
kofamscan/ko_tables/ectoine/MMETSP0113_clean.csv,0,0,0,0,1,0,0,0,0,0
kofamscan/ko_tables/ectoine/MMETSP1180_clean.csv,0,0,0,0,1,0,1,0,0,0
kofamscan/ko_tables/ectoine/MMETSP0103_clean.csv,0,0,0,0,0,0,0,0,0,0
kofamscan/ko_tables/ectoine/MMETSP0126_clean.csv,0,0,0,0,0,0,0,0,0,0
kofamscan/ko_tables/ectoine/MMETSP1354_clean.csv,0,0,0,0,0,0,1,0,0,0
kofamscan/ko_tables/ectoine/MMETSP0468_clean.csv,0,0,0,0,1,0,1,0,0,0
kofamscan/ko_tables/ectoine/MMETSP0954_clean.csv,0,0,0,0,0,0,1,0,0,0
kofamscan/ko_tables/ectoine/MMETSP1054_clean.csv,0,0,0,0,1,0,1,0,0,0
kofamscan/ko_tables/ectoine/MMETSP0397_clean.csv,0,0,0,0,1,0,1,0,0,1
kofamscan/ko_tables/ectoine/MMETSP1122_clean.csv,0,0,0,0,1,0,1,0,0,0
kofamscan/ko_tables/ectoine/MMETSP1320_clean.csv,0,0,0,0,1,0,1,0,0,1
kofamscan/ko_tables/ectoine/MMETSP1081_clean.csv,0,0,0,0,0,0,1,0,0,0
kofamscan/ko_tables/ectoine/MMETSP0206_clean.csv,0,0,0,0,0,0,0,0,0,0
kofamscan/ko_tables/ectoine/MMETSP0039_clean.csv,0,0,0,0,0,0,1,0,0,0
kofamscan/ko_tables/ectoine/MMETSP0815_clean.csv,0,0,0,0,1,0,1,0,0,1
kofamscan/ko_tables/ectoine/MMETSP0040_clean.csv,0,0,0,0,0,0,1,0,0,0
kofamscan/ko_tables/ectoine/MMETSP0359_clean.csv,0,0,0,0,1,0,1,0,0,0
kofamscan/ko_tables/ectoine/MMETSP0784_clean.csv,0,0,0,0,1,0,1,0,0,0
kofamscan/ko_tables/ectoine/MMETSP0223_clean.csv,0,0,0,0,0,0,0,0,0,0
kofamscan/ko_tables/ectoine/MMETSP1386_clean.csv,0,0,0,0,1,0,1,0,0,1
kofamscan/ko_tables/ectoine/MMETSP0785_clean.csv,0,0,0,0,1,0,1,0,0,1
kofamscan/ko_tables/ectoine/MMETSP0892_clean.csv,0,0,0,0,1,0,1,0,0,1
kofamscan/ko_tables/ectoine/MMETSP1393_clean.csv,0,0,0,0,1,0,1,0,0,0
kofamscan/ko_tables/ectoine/MMETSP0945_clean.csv,0,0,0,0,1,0,1,0,0,1
kofamscan/ko_tables/ectoine/MMETSP1075_clean.csv,0,1,0,0,1,0,1,0,0,1
kofamscan/ko_tables/ectoine/MMETSP1131_clean.csv,0,0,0,0,0,0,0,0,0,0
kofamscan/ko_tables/ectoine/MMETSP0327_clean.csv,0,0,0,0,1,0,1,0,0,1
kofamscan/ko_tables/ectoine/MMETSP1325_clean.csv,0,0,0,0,0,0,0,0,0,0
kofamscan/ko_tables/ectoine/MMETSP1428_clean.csv,0,0,0,0,1,0,1,0,0,1
kofamscan/ko_tables/ectoine/MMETSP0225_clean.csv,0,0,0,0,0,0,0,0,0,0
kofamscan/ko_tables/ectoine/MMETSP0329_clean.csv,0,0,0,0,1,0,1,0,0,1
kofamscan/ko_tables/ectoine/MMETSP1162_clean.csv,0,0,0,0,0,0,1,0,0,1
kofamscan/ko_tables/ectoine/MMETSP0739_clean.csv,0,0,0,0,1,0,1,0,0,1
kofamscan/ko_tables/ectoine/MMETSP0416_clean.csv,0,0,0,0,1,0,1,0,0,1
kofamscan/ko_tables/ectoine/MMETSP1347_clean.csv,0,1,0,0,0,0,1,0,0,0
kofamscan/ko_tables/ectoine/MMETSP0205_clean.csv,0,0,0,0,0,0,0,0,0,0
kofamscan/ko_tables/ectoine/MMETSP1414_clean.csv,0,0,0,0,0,0,0,0,0,1
kofamscan/ko_tables/ectoine/MMETSP0888_clean.csv,0,0,0,0,1,0,1,0,0,0
kofamscan/ko_tables/ectoine/MMETSP0052_clean.csv,0,0,0,0,1,0,1,0,0,0
kofamscan/ko_tables/ectoine/MMETSP0018_clean.csv,0,0,0,0,0,0,0,0,0,0
kofamscan/ko_tables/ectoine/MMETSP0008_clean.csv,0,0,0,0,1,0,1,0,0,1
kofamscan/ko_tables/ectoine/MMETSP1346_clean.csv,0,1,0,0,0,0,1,1,0,0
kofamscan/ko_tables/ectoine/MMETSP0233_clean.csv,0,0,0,0,1,0,1,0,0,0
kofamscan/ko_tables/ectoine/MMETSP0118_clean.csv,0,0,0,0,1,0,1,0,0,1
kofamscan/ko_tables/ectoine/MMETSP1141_clean.csv,0,0,0,0,1,0,1,0,0,1
kofamscan/ko_tables/ectoine/MMETSP0208_clean.csv,0,0,0,0,0,0,0,0,0,0
kofamscan/ko_tables/ectoine/MMETSP0883_clean.csv,0,0,0,0,1,0,0,0,0,1
kofamscan/ko_tables/ectoine/MMETSP0918_clean.csv,0,0,0,0,0,0,1,0,0,1
kofamscan/ko_tables/ectoine/MMETSP1015_clean.csv,0,0,0,0,0,0,1,0,0,0
kofamscan/ko_tables/ectoine/MMETSP0147_clean.csv,0,0,0,0,1,0,1,0,0,1
kofamscan/ko_tables/ectoine/MMETSP0959_clean.csv,0,0,0,0,0,0,1,0,0,0
kofamscan/ko_tables/ectoine/MMETSP1067_clean.csv,0,0,0,0,1,0,1,0,0,1
kofamscan/ko_tables/ectoine/MMETSP1091_clean.csv,0,0,0,0,0,0,1,0,0,0
kofamscan/ko_tables/ectoine/MMETSP0013_clean.csv,0,0,0,0,1,0,1,0,0,1
kofamscan/ko_tables/ectoine/MMETSP1385_clean.csv,0,1,1,0,0,1,1,1,0,0
kofamscan/ko_tables/ectoine/MMETSP0253_clean.csv,0,0,0,0,0,0,1,0,0,0
kofamscan/ko_tables/ectoine/MMETSP1139_clean.csv,0,0,0,0,0,0,1,0,0,0
kofamscan/ko_tables/ectoine/MMETSP1348_clean.csv,0,1,0,0,0,0,1,0,0,0
kofamscan/ko_tables/ectoine/MMETSP0995_clean.csv,0,0,0,0,0,0,1,0,0,1
kofamscan/ko_tables/ectoine/MMETSP0420_clean.csv,0,0,0,0,0,0,0,0,0,0
kofamscan/ko_tables/ectoine/MMETSP0324_clean.csv,0,0,0,0,1,0,1,0,0,0
kofamscan/ko_tables/ectoine/MMETSP1318_clean.csv,0,0,0,0,0,0,1,0,0,0
kofamscan/ko_tables/ectoine/MMETSP1453_clean.csv,0,0,0,0,0,0,0,0,0,0
kofamscan/ko_tables/ectoine/MMETSP1037_clean.csv,0,0,1,0,1,1,1,0,0,1
kofamscan/ko_tables/ectoine/MMETSP1085_clean.csv,0,0,0,0,1,0,1,0,0,0
kofamscan/ko_tables/ectoine/MMETSP0119_clean.csv,0,0,0,0,1,0,1,0,0,0
kofamscan/ko_tables/ectoine/MMETSP1060_clean.csv,0,0,0,0,1,0,1,0,0,1
kofamscan/ko_tables/ectoine/MMETSP0447_clean.csv,0,0,1,0,0,0,1,0,0,0
kofamscan/ko_tables/ectoine/MMETSP0906_clean.csv,0,0,0,0,0,0,1,0,0,1
kofamscan/ko_tables/ectoine/MMETSP0937_clean.csv,0,0,0,0,0,0,1,0,0,1
kofamscan/ko_tables/ectoine/MMETSP0146_clean.csv,0,0,0,0,0,0,0,0,0,0
kofamscan/ko_tables/ectoine/MMETSP0367_clean.csv,0,0,0,0,1,0,1,0,0,0
kofamscan/ko_tables/ectoine/MMETSP0885_clean.csv,0,0,0,0,1,0,0,0,0,1
kofamscan/ko_tables/ectoine/MMETSP1358_clean.csv,0,0,0,0,1,0,1,0,0,0
kofamscan/ko_tables/ectoine/MMETSP0745_clean.csv,0,0,0,0,1,0,1,0,0,0
kofamscan/ko_tables/ectoine/MMETSP0975_clean.csv,0,0,0,0,1,0,1,0,0,1
kofamscan/ko_tables/ectoine/MMETSP0754_clean.csv,0,0,0,0,1,0,1,0,0,1
kofamscan/ko_tables/ectoine/MMETSP0224_clean.csv,0,0,0,0,1,0,1,0,0,1
kofamscan/ko_tables/ectoine/MMETSP0965_clean.csv,0,0,0,0,0,0,1,0,0,0
kofamscan/ko_tables/ectoine/MMETSP0186_clean.csv,0,0,0,0,0,0,0,0,0,0
kofamscan/ko_tables/ectoine/MMETSP1470_clean.csv,0,0,0,0,1,0,1,0,0,0
kofamscan/ko_tables/ectoine/MMETSP0913_clean.csv,0,0,0,0,0,0,1,0,0,1
kofamscan/ko_tables/ectoine/MMETSP0437_clean.csv,0,1,1,0,0,0,1,1,0,0
kofamscan/ko_tables/ectoine/MMETSP0102_clean.csv,0,0,0,0,0,0,0,0,0,0
kofamscan/ko_tables/ectoine/MMETSP1103_clean.csv,0,1,0,0,0,0,0,0,0,0
kofamscan/ko_tables/ectoine/MMETSP0689_clean.csv,0,0,0,0,1,0,1,0,0,0
kofamscan/ko_tables/ectoine/MMETSP0436_clean.csv,0,0,0,0,0,0,0,0,0,0
kofamscan/ko_tables/ectoine/MMETSP0055_clean.csv,0,0,0,0,1,0,1,0,0,1
kofamscan/ko_tables/ectoine/MMETSP1126_clean.csv,0,0,0,0,1,0,1,0,0,0
kofamscan/ko_tables/ectoine/MMETSP0992_clean.csv,0,0,0,0,1,0,1,0,0,1
kofamscan/ko_tables/ectoine/MMETSP0451_clean.csv,0,0,0,0,0,0,0,0,0,0
kofamscan/ko_tables/ectoine/MMETSP0996_clean.csv,0,0,0,0,0,0,1,0,0,1
kofamscan/ko_tables/ectoine/MMETSP1460_clean.csv,0,0,0,0,0,0,1,0,0,0
kofamscan/ko_tables/ectoine/MMETSP0853_clean.csv,0,0,0,0,0,1,1,0,0,1
kofamscan/ko_tables/ectoine/MMETSP0296_clean.csv,0,0,0,0,1,0,1,0,0,1
kofamscan/ko_tables/ectoine/MMETSP0977_clean.csv,0,0,0,0,1,0,1,0,0,1
kofamscan/ko_tables/ectoine/MMETSP0809_clean.csv,0,0,0,0,0,0,1,0,0,0
kofamscan/ko_tables/ectoine/MMETSP0851_clean.csv,0,0,0,0,1,1,1,0,0,0
kofamscan/ko_tables/ectoine/MMETSP1317_clean.csv,0,0,0,0,0,0,0,0,0,0
kofamscan/ko_tables/ectoine/MMETSP0034_clean.csv,0,0,1,0,1,1,1,1,0,0
kofamscan/ko_tables/ectoine/MMETSP1001_clean.csv,0,0,0,0,0,0,1,0,0,1
kofamscan/ko_tables/ectoine/MMETSP0649_clean.csv,0,1,0,0,0,0,1,0,0,1
kofamscan/ko_tables/ectoine/MMETSP0269_clean.csv,0,0,0,0,1,0,1,0,0,0
kofamscan/ko_tables/ectoine/MMETSP0168_clean.csv,0,0,0,0,0,0,0,0,0,0
kofamscan/ko_tables/ectoine/MMETSP1392_clean.csv,0,0,0,0,1,0,1,0,0,0
kofamscan/ko_tables/ectoine/MMETSP0361_clean.csv,0,0,0,0,1,0,1,0,0,0
kofamscan/ko_tables/ectoine/MMETSP1008_clean.csv,0,0,0,0,0,0,1,0,0,1
kofamscan/ko_tables/ectoine/MMETSP0494_clean.csv,0,0,0,0,1,0,1,0,0,1
kofamscan/ko_tables/ectoine/MMETSP0563_clean.csv,0,0,0,0,1,0,1,0,0,1
kofamscan/ko_tables/ectoine/MMETSP1344_clean.csv,0,0,0,0,0,0,0,0,0,0
kofamscan/ko_tables/ectoine/MMETSP0917_clean.csv,0,0,0,0,1,0,1,0,0,1
kofamscan/ko_tables/ectoine/MMETSP1017_clean.csv,0,0,0,0,0,0,1,0,0,0
kofamscan/ko_tables/ectoine/MMETSP0902_clean.csv,0,0,0,0,1,0,1,0,0,1
kofamscan/ko_tables/ectoine/MMETSP0933_clean.csv,0,0,0,0,0,0,1,0,0,0
kofamscan/ko_tables/ectoine/MMETSP0290_clean.csv,0,0,0,0,1,1,1,0,0,1
kofamscan/ko_tables/ectoine/MMETSP1475_clean.csv,0,0,0,0,1,0,1,0,0,1
kofamscan/ko_tables/ectoine/MMETSP0042_clean.csv,0,0,0,0,1,0,1,0,0,0
kofamscan/ko_tables/ectoine/MMETSP0604_clean.csv,0,0,0,0,1,0,1,0,0,1
kofamscan/ko_tables/ectoine/MMETSP0292_clean.csv,0,0,0,0,1,0,1,0,0,1
kofamscan/ko_tables/ectoine/MMETSP0017_clean.csv,0,0,0,0,1,0,1,0,0,1
kofamscan/ko_tables/ectoine/MMETSP0961_clean.csv,0,0,0,0,0,0,1,0,0,0
kofamscan/ko_tables/ectoine/MMETSP0213_clean.csv,0,0,0,0,0,0,0,0,0,0
kofamscan/ko_tables/ectoine/MMETSP0005_clean.csv,0,0,0,0,1,0,1,0,0,1
kofamscan/ko_tables/ectoine/MMETSP1082_clean.csv,0,0,0,0,1,0,1,0,0,0
kofamscan/ko_tables/ectoine/MMETSP1110_clean.csv,0,1,0,0,1,0,1,0,0,0
kofamscan/ko_tables/ectoine/MMETSP0154_clean.csv,0,0,0,0,1,0,1,0,0,1
kofamscan/ko_tables/ectoine/MMETSP0713_clean.csv,0,0,0,0,1,0,1,0,0,1
kofamscan/ko_tables/ectoine/MMETSP1036_clean.csv,0,0,1,0,1,1,1,0,0,1
kofamscan/ko_tables/ectoine/MMETSP1062_clean.csv,0,0,0,0,1,0,1,0,0,1
kofamscan/ko_tables/ectoine/MMETSP1467_clean.csv,0,0,0,0,1,0,0,0,0,1
kofamscan/ko_tables/ectoine/MMETSP1068_clean.csv,0,0,0,0,1,0,1,0,0,1
kofamscan/ko_tables/ectoine/MMETSP0890_clean.csv,0,0,0,0,1,0,1,0,0,1
kofamscan/ko_tables/ectoine/MMETSP1387_clean.csv,0,0,0,0,0,0,1,0,0,0
kofamscan/ko_tables/ectoine/MMETSP1355_clean.csv,0,0,0,0,0,0,1,0,0,0
kofamscan/ko_tables/ectoine/MMETSP1059_clean.csv,0,0,0,0,1,0,1,0,0,1
kofamscan/ko_tables/ectoine/MMETSP1438_clean.csv,0,0,0,0,1,0,1,0,0,0
kofamscan/ko_tables/ectoine/MMETSP1409_clean.csv,0,0,0,0,1,0,0,0,0,1
kofamscan/ko_tables/ectoine/MMETSP0786_clean.csv,0,0,0,0,1,0,1,0,0,1
kofamscan/ko_tables/ectoine/MMETSP0744_clean.csv,0,0,0,0,1,0,1,0,0,1
kofamscan/ko_tables/ectoine/MMETSP1132_clean.csv,0,0,0,0,0,0,1,0,0,1
kofamscan/ko_tables/ectoine/MMETSP1471_clean.csv,0,0,0,0,1,0,1,0,0,0
kofamscan/ko_tables/ectoine/MMETSP0493_clean.csv,0,0,0,0,0,0,0,0,0,1
kofamscan/ko_tables/ectoine/MMETSP0038_clean.csv,0,0,0,0,0,0,1,0,0,1
kofamscan/ko_tables/ectoine/MMETSP1086_clean.csv,0,0,0,0,1,0,1,0,0,0
kofamscan/ko_tables/ectoine/MMETSP1338_clean.csv,0,0,0,0,1,0,1,0,0,1
kofamscan/ko_tables/ectoine/MMETSP0819_clean.csv,0,0,0,0,1,0,1,0,0,0
kofamscan/ko_tables/ectoine/MMETSP1446_clean.csv,0,0,0,0,1,0,1,0,0,0
kofamscan/ko_tables/ectoine/MMETSP0947_clean.csv,0,0,0,0,0,0,1,0,0,1
kofamscan/ko_tables/ectoine/MMETSP0097_clean.csv,0,1,0,0,1,0,1,0,0,0
kofamscan/ko_tables/ectoine/MMETSP1444_clean.csv,0,0,0,0,0,0,1,0,0,1
kofamscan/ko_tables/ectoine/MMETSP1160_clean.csv,0,0,0,0,1,0,1,0,0,1
kofamscan/ko_tables/ectoine/MMETSP0929_clean.csv,0,0,0,0,0,0,1,0,0,1
kofamscan/ko_tables/ectoine/MMETSP0270_clean.csv,0,0,0,0,1,0,1,0,0,0
kofamscan/ko_tables/ectoine/MMETSP0964_clean.csv,0,0,0,0,0,0,1,0,0,0
kofamscan/ko_tables/ectoine/MMETSP1449_clean.csv,0,0,0,0,0,0,1,0,0,1
kofamscan/ko_tables/ectoine/MMETSP1039_clean.csv,0,0,0,0,1,0,1,0,0,1
kofamscan/ko_tables/ectoine/MMETSP0799_clean.csv,0,0,0,0,0,0,1,0,0,0
kofamscan/ko_tables/ectoine/MMETSP1322_clean.csv,0,0,0,0,1,0,1,0,0,1
kofamscan/ko_tables/ectoine/MMETSP0176_clean.csv,0,0,0,0,1,0,1,0,0,1
kofamscan/ko_tables/ectoine/MMETSP0800_clean.csv,0,0,0,0,1,0,1,0,0,1
kofamscan/ko_tables/ectoine/MMETSP0986_clean.csv,0,0,0,0,0,0,1,0,0,0
kofamscan/ko_tables/ectoine/MMETSP0470_clean.csv,0,0,0,0,1,0,1,0,0,0
kofamscan/ko_tables/ectoine/MMETSP0984_clean.csv,0,0,0,0,1,0,1,0,0,1
kofamscan/ko_tables/ectoine/MMETSP0880_clean.csv,0,0,0,0,1,0,0,0,0,1
kofamscan/ko_tables/ectoine/MMETSP0932_clean.csv,0,0,0,0,0,0,1,0,0,1
kofamscan/ko_tables/ectoine/MMETSP0794_clean.csv,0,0,0,0,1,0,1,0,0,1
kofamscan/ko_tables/ectoine/MMETSP0059_clean.csv,0,0,0,0,1,0,1,0,0,0
kofamscan/ko_tables/ectoine/MMETSP1114_clean.csv,0,0,0,0,0,0,0,0,0,0
kofamscan/ko_tables/ectoine/MMETSP1472_clean.csv,0,0,0,0,0,0,1,0,0,0
kofamscan/ko_tables/ectoine/MMETSP1154_clean.csv,0,0,0,0,1,0,1,0,0,1
kofamscan/ko_tables/ectoine/MMETSP1159_clean.csv,0,0,0,0,1,0,1,0,0,0
kofamscan/ko_tables/ectoine/MMETSP1005_clean.csv,0,0,0,0,0,0,1,0,0,0
kofamscan/ko_tables/ectoine/MMETSP1336_clean.csv,0,0,0,0,1,0,1,0,0,1
kofamscan/ko_tables/ectoine/MMETSP0104_clean.csv,0,0,0,0,0,0,0,0,0,0
kofamscan/ko_tables/ectoine/MMETSP1436_clean.csv,0,0,1,0,0,0,0,0,0,0
kofamscan/ko_tables/ectoine/MMETSP1090_clean.csv,0,0,0,0,0,0,1,0,0,1
kofamscan/ko_tables/ectoine/MMETSP0198_clean.csv,0,0,0,0,0,0,1,0,0,0
kofamscan/ko_tables/ectoine/MMETSP0210_clean.csv,0,0,0,0,0,0,0,0,0,0
kofamscan/ko_tables/ectoine/MMETSP1150_clean.csv,0,0,0,0,1,0,1,0,0,0
kofamscan/ko_tables/ectoine/MMETSP1312_clean.csv,0,0,0,0,1,0,1,0,0,0
kofamscan/ko_tables/ectoine/MMETSP0112_clean.csv,0,0,0,0,1,0,1,0,0,0
kofamscan/ko_tables/ectoine/MMETSP0360_clean.csv,0,0,0,0,1,0,1,0,0,0
kofamscan/ko_tables/ectoine/MMETSP0419_clean.csv,0,0,0,0,1,0,1,0,0,0
kofamscan/ko_tables/ectoine/MMETSP0099_clean.csv,0,0,0,0,1,0,1,0,0,0
kofamscan/ko_tables/ectoine/MMETSP0960_clean.csv,0,0,0,0,0,0,1,0,0,0
kofamscan/ko_tables/ectoine/MMETSP1442_clean.csv,0,0,0,0,1,0,1,0,0,0
kofamscan/ko_tables/ectoine/MMETSP0173_clean.csv,0,0,1,0,0,1,0,0,0,0
kofamscan/ko_tables/ectoine/MMETSP1450_clean.csv,0,0,0,0,1,1,1,0,0,0
kofamscan/ko_tables/ectoine/MMETSP0322_clean.csv,0,0,0,0,1,0,1,0,0,1
kofamscan/ko_tables/ectoine/MMETSP0578_clean.csv,0,0,0,0,1,0,0,0,0,1
kofamscan/ko_tables/ectoine/MMETSP0810_clean.csv,0,0,0,0,0,0,1,0,0,0
kofamscan/ko_tables/ectoine/MMETSP0372_clean.csv,0,0,0,0,0,0,1,0,0,0
kofamscan/ko_tables/ectoine/MMETSP1061_clean.csv,0,0,0,0,0,0,1,0,0,1
kofamscan/ko_tables/ectoine/MMETSP1130_clean.csv,0,0,0,0,0,0,0,0,0,1
kofamscan/ko_tables/ectoine/MMETSP0063_clean.csv,0,0,0,0,1,0,1,0,0,0
kofamscan/ko_tables/ectoine/MMETSP1466_clean.csv,0,0,0,0,1,0,1,0,0,1
kofamscan/ko_tables/ectoine/MMETSP0323_clean.csv,0,0,0,0,0,0,0,0,0,0
kofamscan/ko_tables/ectoine/MMETSP1050_clean.csv,0,0,0,0,0,0,1,0,0,1
kofamscan/ko_tables/ectoine/MMETSP1101_clean.csv,0,0,0,0,0,0,1,0,0,0
kofamscan/ko_tables/ectoine/MMETSP0312_clean.csv,0,0,0,0,1,0,1,0,0,0
kofamscan/ko_tables/ectoine/MMETSP0889_clean.csv,0,0,0,0,1,0,1,0,0,0
kofamscan/ko_tables/ectoine/MMETSP0007_clean.csv,0,0,0,0,0,0,1,0,0,0
kofamscan/ko_tables/ectoine/MMETSP0271_clean.csv,0,0,0,0,1,0,1,0,0,0
kofamscan/ko_tables/ectoine/MMETSP1052_clean.csv,0,0,0,0,1,0,1,0,0,0
kofamscan/ko_tables/ectoine/MMETSP0737_clean.csv,0,0,0,0,1,0,1,0,0,1
kofamscan/ko_tables/ectoine/MMETSP0286_clean.csv,0,0,0,0,1,0,1,0,0,1
kofamscan/ko_tables/ectoine/MMETSP1125_clean.csv,0,1,0,0,1,0,1,1,0,0
kofamscan/ko_tables/ectoine/MMETSP0894_clean.csv,0,0,0,0,1,0,1,0,0,1
kofamscan/ko_tables/ectoine/MMETSP0699_clean.csv,0,0,0,0,0,0,1,0,0,1
kofamscan/ko_tables/ectoine/MMETSP0058_clean.csv,0,0,0,0,0,0,1,0,0,0
kofamscan/ko_tables/ectoine/MMETSP0696_clean.csv,0,0,0,0,1,0,1,0,0,1
kofamscan/ko_tables/ectoine/MMETSP1019_clean.csv,0,0,0,0,0,0,0,0,0,0
kofamscan/ko_tables/ectoine/MMETSP0093_clean.csv,0,0,0,0,0,0,1,0,0,0
kofamscan/ko_tables/ectoine/MMETSP1433_clean.csv,0,0,0,0,1,0,1,0,0,0
kofamscan/ko_tables/ectoine/MMETSP0736_clean.csv,0,0,0,0,1,0,1,0,0,1
kofamscan/ko_tables/ectoine/MMETSP0418_clean.csv,0,0,0,0,1,0,1,0,0,1
