,K00472,K19742,K21614,K01476,K18318,K01750,K01777,K14163,K21781,K01881,K18319,K12719,K18281,K18457,K00286,K12720,K01259,K21780,K00318,K11142,K24110,K20149,K19743,K13821
kofamscan/ko_tables/proline/MMETSP1380_clean.csv,0,0,0,0,0,0,0,0,0,1,0,0,0,0,0,0,0,0,1,0,0,0,0,0
kofamscan/ko_tables/proline/MMETSP0409_clean.csv,1,0,0,0,0,0,0,0,0,1,0,0,0,0,1,0,0,0,0,0,0,0,0,0
kofamscan/ko_tables/proline/MMETSP0320_clean.csv,1,0,0,0,0,0,0,0,0,1,0,0,0,0,1,0,0,0,1,0,0,0,0,0
kofamscan/ko_tables/proline/MMETSP1374_clean.csv,1,0,0,1,0,0,0,0,0,1,0,0,0,0,1,0,1,0,1,0,0,0,0,0
kofamscan/ko_tables/proline/MMETSP0907_clean.csv,1,0,0,1,0,0,0,0,0,1,0,0,0,0,1,0,1,0,0,0,0,0,0,0
kofamscan/ko_tables/proline/MMETSP1407_clean.csv,1,0,0,1,0,0,0,0,0,1,0,0,0,0,1,0,0,0,1,0,0,0,0,0
kofamscan/ko_tables/proline/MMETSP0816_clean.csv,1,0,0,0,0,0,0,0,0,1,0,0,0,0,1,0,1,0,0,0,0,0,0,0
kofamscan/ko_tables/proline/MMETSP0661_clean.csv,1,0,0,0,0,0,0,0,0,1,0,0,0,0,1,0,1,0,0,0,0,0,0,0
kofamscan/ko_tables/proline/MMETSP1165_clean.csv,1,0,0,1,0,0,0,0,0,1,0,0,0,0,1,0,1,0,0,0,0,0,0,0
kofamscan/ko_tables/proline/MMETSP1411_clean.csv,1,0,0,1,0,0,0,0,0,1,0,0,0,0,1,0,1,0,1,0,0,0,0,0
kofamscan/ko_tables/proline/MMETSP0759_clean.csv,0,0,0,0,0,0,0,0,0,0,0,0,0,0,1,0,1,0,1,0,0,0,0,0
kofamscan/ko_tables/proline/MMETSP1319_clean.csv,1,0,0,0,0,0,0,0,0,1,0,0,0,0,1,0,1,0,1,0,0,0,0,0
kofamscan/ko_tables/proline/MMETSP0117_clean.csv,1,0,0,1,0,0,0,0,0,1,0,0,0,0,1,0,1,0,1,0,0,0,0,0
kofamscan/ko_tables/proline/MMETSP0887_clean.csv,1,0,0,1,0,0,0,0,0,1,0,0,0,0,0,0,1,0,1,0,0,0,0,0
kofamscan/ko_tables/proline/MMETSP1174_clean.csv,1,0,0,1,0,0,0,0,0,1,0,0,0,0,1,0,1,0,1,0,0,0,0,0
kofamscan/ko_tables/proline/MMETSP0898_clean.csv,1,0,0,1,0,0,0,0,0,1,0,0,0,0,1,0,1,0,1,0,0,0,0,0
kofamscan/ko_tables/proline/MMETSP0088_clean.csv,1,0,0,1,0,0,0,0,0,1,0,0,0,0,1,0,0,0,0,0,0,0,0,0
kofamscan/ko_tables/proline/MMETSP1395_clean.csv,0,0,0,0,0,0,0,0,0,1,0,0,0,0,0,0,0,0,0,0,0,0,0,0
kofamscan/ko_tables/proline/MMETSP0398_clean.csv,0,0,0,0,0,0,0,0,0,0,0,0,0,0,0,0,0,0,0,0,0,0,0,0
kofamscan/ko_tables/proline/MMETSP0922_clean.csv,0,0,0,0,0,0,0,0,0,0,0,0,0,0,0,0,0,0,0,0,0,0,0,0
kofamscan/ko_tables/proline/MMETSP0780_clean.csv,1,0,0,1,0,0,0,0,0,1,0,0,0,0,1,0,1,0,1,0,0,0,0,0
kofamscan/ko_tables/proline/MMETSP0227_clean.csv,1,0,0,1,0,0,0,0,0,1,0,0,0,0,1,0,1,0,1,0,0,0,0,0
kofamscan/ko_tables/proline/MMETSP0141_clean.csv,1,0,0,1,0,0,0,0,0,1,0,0,0,0,1,0,1,0,1,0,0,0,0,0
kofamscan/ko_tables/proline/MMETSP1007_clean.csv,1,0,0,1,0,0,0,0,0,1,0,0,0,0,0,0,0,0,1,0,0,0,0,0
kofamscan/ko_tables/proline/MMETSP0852_clean.csv,1,0,0,0,0,0,0,0,0,1,0,0,0,0,1,0,0,0,1,0,0,0,0,0
kofamscan/ko_tables/proline/MMETSP0812_clean.csv,1,0,0,1,0,0,0,0,0,1,0,0,0,0,1,0,1,0,0,0,0,0,0,0
kofamscan/ko_tables/proline/MMETSP0105_clean.csv,1,0,0,1,0,0,0,1,0,1,0,1,1,0,1,0,1,0,1,0,0,0,0,0
kofamscan/ko_tables/proline/MMETSP1384_clean.csv,1,0,0,0,0,0,0,0,0,1,0,0,0,0,1,0,0,0,1,0,0,0,0,0
kofamscan/ko_tables/proline/MMETSP1063_clean.csv,1,0,0,0,0,0,0,0,0,1,0,0,0,0,1,0,1,0,1,0,0,0,0,0
kofamscan/ko_tables/proline/MMETSP0467_clean.csv,0,0,0,0,0,0,0,0,0,1,0,0,0,0,1,0,0,0,0,0,0,0,0,0
kofamscan/ko_tables/proline/MMETSP0086_clean.csv,1,0,0,1,0,0,0,0,0,1,0,1,1,0,0,0,0,0,0,0,0,0,0,0
kofamscan/ko_tables/proline/MMETSP1366_clean.csv,1,0,0,1,0,0,0,0,0,1,0,0,0,0,1,0,1,0,1,0,0,0,0,0
kofamscan/ko_tables/proline/MMETSP1439_clean.csv,1,0,0,1,0,0,0,0,0,0,0,0,0,0,1,0,0,0,0,0,0,0,0,0
kofamscan/ko_tables/proline/MMETSP0693_clean.csv,0,0,0,0,0,0,0,0,0,0,0,0,0,0,0,0,0,0,0,0,0,0,0,0
kofamscan/ko_tables/proline/MMETSP1032_clean.csv,1,0,0,0,0,0,0,0,0,1,0,0,0,0,1,0,1,0,1,0,0,0,0,0
kofamscan/ko_tables/proline/MMETSP1399_clean.csv,1,0,0,0,0,0,0,0,0,1,0,0,0,0,1,0,0,0,0,0,0,0,0,0
kofamscan/ko_tables/proline/MMETSP0100_clean.csv,1,0,0,1,0,0,0,0,0,1,0,0,0,0,1,0,1,0,1,0,0,0,0,0
kofamscan/ko_tables/proline/MMETSP0328_clean.csv,1,0,0,0,0,0,0,0,0,0,0,0,0,0,0,0,0,0,0,0,0,0,0,0
kofamscan/ko_tables/proline/MMETSP1042_clean.csv,1,0,0,1,0,0,0,0,0,1,0,0,0,0,1,0,0,0,1,0,0,0,0,0
kofamscan/ko_tables/proline/MMETSP1171_clean.csv,1,0,0,1,0,0,0,0,0,1,0,0,0,0,0,0,1,0,1,0,0,0,0,0
kofamscan/ko_tables/proline/MMETSP0209_clean.csv,0,0,0,1,0,0,0,0,0,1,0,0,0,0,0,0,0,0,1,0,0,0,0,0
kofamscan/ko_tables/proline/MMETSP0252_clean.csv,0,0,0,0,0,0,0,0,0,0,0,0,0,0,0,0,0,0,0,0,0,0,0,0
kofamscan/ko_tables/proline/MMETSP0471_clean.csv,1,0,0,1,0,0,0,0,0,1,0,0,0,0,1,0,0,0,1,0,0,0,0,0
kofamscan/ko_tables/proline/MMETSP0955_clean.csv,1,0,0,0,0,0,0,0,0,1,0,0,0,0,0,0,0,0,1,0,0,0,0,0
kofamscan/ko_tables/proline/MMETSP0199_clean.csv,1,0,0,1,0,0,0,0,0,1,0,0,0,0,1,0,0,0,1,0,0,0,0,0
kofamscan/ko_tables/proline/MMETSP1057_clean.csv,1,0,0,1,0,0,0,0,0,1,0,0,0,0,1,0,1,0,1,0,0,0,0,0
kofamscan/ko_tables/proline/MMETSP0434_clean.csv,0,0,0,0,0,0,0,0,0,1,0,0,0,0,0,0,1,0,0,0,0,0,0,0
kofamscan/ko_tables/proline/MMETSP1097_clean.csv,1,0,0,0,0,0,0,0,0,1,0,0,0,0,0,0,0,0,0,0,0,0,0,0
kofamscan/ko_tables/proline/MMETSP0115_clean.csv,0,0,0,1,0,0,0,0,0,1,0,0,0,0,1,0,0,0,0,0,0,0,0,0
kofamscan/ko_tables/proline/MMETSP0593_clean.csv,1,0,0,0,0,0,0,0,0,1,0,0,0,0,1,0,0,0,1,0,0,0,0,0
kofamscan/ko_tables/proline/MMETSP0798_clean.csv,0,0,0,0,0,0,0,0,0,0,0,0,0,0,0,0,0,0,0,0,0,0,0,0
kofamscan/ko_tables/proline/MMETSP0318_clean.csv,1,0,0,1,0,0,0,0,0,1,0,0,0,0,1,0,1,0,1,0,0,0,0,0
kofamscan/ko_tables/proline/MMETSP0527_clean.csv,1,0,0,0,0,0,0,0,0,1,0,0,0,0,1,0,1,0,1,0,0,0,0,0
kofamscan/ko_tables/proline/MMETSP1357_clean.csv,1,0,0,1,0,0,0,0,0,1,0,0,0,0,1,0,0,0,1,0,0,0,0,0
kofamscan/ko_tables/proline/MMETSP1058_clean.csv,1,0,0,1,0,0,0,0,0,1,0,0,0,0,1,0,1,0,1,0,0,0,0,0
kofamscan/ko_tables/proline/MMETSP0095_clean.csv,1,0,0,0,0,0,0,0,0,1,0,0,0,0,1,0,1,0,1,0,0,0,0,0
kofamscan/ko_tables/proline/MMETSP0950_clean.csv,1,0,0,0,0,0,0,0,0,1,0,0,0,0,1,0,1,0,0,0,0,0,0,1
kofamscan/ko_tables/proline/MMETSP1321_clean.csv,1,0,0,0,0,0,0,0,0,1,0,0,0,0,1,0,1,0,1,0,0,0,0,0
kofamscan/ko_tables/proline/MMETSP0211_clean.csv,0,0,0,0,0,0,0,0,0,1,0,0,0,0,0,0,0,0,0,0,0,0,0,0
kofamscan/ko_tables/proline/MMETSP1326_clean.csv,1,0,0,0,0,0,0,0,0,1,0,0,0,0,1,0,0,0,0,0,0,0,0,1
kofamscan/ko_tables/proline/MMETSP1002_clean.csv,1,0,0,0,0,0,0,0,0,1,0,0,0,0,1,0,1,0,1,0,0,0,0,0
kofamscan/ko_tables/proline/MMETSP0818_clean.csv,1,0,0,0,0,0,0,0,0,1,0,0,0,0,1,0,1,0,1,0,0,0,0,0
kofamscan/ko_tables/proline/MMETSP0718_clean.csv,0,0,0,1,0,0,0,0,0,0,0,0,0,0,0,0,0,0,0,0,0,0,0,0
kofamscan/ko_tables/proline/MMETSP0415_clean.csv,1,0,0,0,0,0,0,0,0,1,0,0,0,0,1,0,1,0,0,0,0,0,0,0
kofamscan/ko_tables/proline/MMETSP0976_clean.csv,1,0,0,1,0,0,0,0,0,1,0,0,0,0,1,0,1,0,1,0,0,0,0,0
kofamscan/ko_tables/proline/MMETSP0751_clean.csv,1,0,0,1,0,0,0,0,0,1,0,0,0,0,1,0,0,0,0,0,0,0,0,0
kofamscan/ko_tables/proline/MMETSP1371_clean.csv,1,0,0,0,0,0,0,0,0,1,0,0,0,0,1,0,1,0,1,0,0,0,0,0
kofamscan/ko_tables/proline/MMETSP1422_clean.csv,1,0,0,1,0,0,0,0,0,1,0,0,0,0,1,0,1,0,1,0,0,0,0,0
kofamscan/ko_tables/proline/MMETSP1419_clean.csv,1,0,0,1,0,0,0,0,0,1,0,0,0,0,1,0,1,0,1,0,0,0,0,0
kofamscan/ko_tables/proline/MMETSP1421_clean.csv,1,0,0,1,0,0,0,0,0,1,0,0,0,0,1,0,1,0,1,0,0,0,0,0
kofamscan/ko_tables/proline/MMETSP1396_clean.csv,1,0,0,1,0,0,0,0,0,1,0,0,0,0,0,0,0,0,0,0,0,0,0,0
kofamscan/ko_tables/proline/MMETSP0404_clean.csv,1,0,0,1,0,0,0,0,0,1,0,0,0,0,1,0,1,0,1,0,0,0,0,0
kofamscan/ko_tables/proline/MMETSP0041_clean.csv,1,0,0,0,0,0,0,0,0,1,0,0,0,0,1,0,0,0,1,0,0,0,0,0
kofamscan/ko_tables/proline/MMETSP1425_clean.csv,1,0,0,1,0,0,0,0,0,1,0,0,0,0,1,0,0,0,1,0,0,0,0,0
kofamscan/ko_tables/proline/MMETSP0308_clean.csv,0,0,0,0,0,0,0,0,0,1,0,0,0,0,1,0,1,0,1,0,0,0,0,0
kofamscan/ko_tables/proline/MMETSP0910_clean.csv,1,0,0,1,0,0,0,0,0,1,0,0,0,0,1,0,1,0,1,0,0,0,0,0
kofamscan/ko_tables/proline/MMETSP1432_clean.csv,1,0,0,1,0,0,0,0,0,1,0,0,0,0,1,0,0,0,1,0,0,0,0,0
kofamscan/ko_tables/proline/MMETSP0259_clean.csv,1,0,0,1,0,0,0,0,0,1,0,0,0,0,1,0,1,0,1,0,0,0,0,0
kofamscan/ko_tables/proline/MMETSP1176_clean.csv,1,0,0,1,0,0,0,0,0,1,0,0,0,0,1,0,0,0,1,0,0,0,0,0
kofamscan/ko_tables/proline/MMETSP1465_clean.csv,1,0,0,0,0,0,0,0,0,0,0,0,0,0,0,0,0,0,1,0,0,0,0,0
kofamscan/ko_tables/proline/MMETSP1104_clean.csv,1,0,0,0,0,0,0,0,0,1,0,1,1,0,1,0,1,0,1,0,0,0,0,0
kofamscan/ko_tables/proline/MMETSP0004_clean.csv,1,0,0,0,0,0,0,0,0,1,0,0,0,0,1,0,1,0,1,0,0,0,0,0
kofamscan/ko_tables/proline/MMETSP1172_clean.csv,0,0,0,0,0,0,0,0,0,1,0,0,0,0,1,0,0,0,1,0,0,0,0,0
kofamscan/ko_tables/proline/MMETSP1055_clean.csv,1,0,0,1,0,0,0,0,0,1,0,0,0,0,1,0,0,0,1,0,0,0,0,0
kofamscan/ko_tables/proline/MMETSP1403_clean.csv,1,0,0,1,0,1,0,0,0,1,0,0,0,0,0,0,0,0,0,0,0,0,0,1
kofamscan/ko_tables/proline/MMETSP0574_clean.csv,1,0,0,0,0,0,0,0,0,1,0,0,0,0,1,0,1,0,1,0,0,0,0,0
kofamscan/ko_tables/proline/MMETSP0202_clean.csv,1,0,0,0,0,0,0,0,0,1,0,0,0,0,1,0,1,0,1,0,0,0,0,0
kofamscan/ko_tables/proline/MMETSP0796_clean.csv,1,0,0,1,0,0,0,0,0,1,0,0,0,0,1,0,0,0,1,0,0,0,0,0
kofamscan/ko_tables/proline/MMETSP0797_clean.csv,1,0,0,0,0,0,0,0,0,1,0,0,0,0,1,0,1,0,1,0,0,0,0,0
kofamscan/ko_tables/proline/MMETSP1127_clean.csv,1,0,0,0,0,0,0,0,0,1,0,0,0,0,1,0,1,0,1,0,0,0,0,0
kofamscan/ko_tables/proline/MMETSP1413_clean.csv,1,0,0,1,0,0,0,0,0,1,0,0,0,0,1,0,0,0,1,0,0,0,0,0
kofamscan/ko_tables/proline/MMETSP0991_clean.csv,1,0,0,1,0,0,0,0,0,1,0,0,0,0,1,0,1,0,1,0,0,0,0,0
kofamscan/ko_tables/proline/MMETSP1474_clean.csv,1,0,0,1,0,0,0,0,0,1,0,0,0,0,1,0,1,0,0,0,0,0,0,0
kofamscan/ko_tables/proline/MMETSP1406_clean.csv,1,0,0,1,0,0,0,0,0,1,0,0,0,0,1,0,0,0,1,0,0,0,0,0
kofamscan/ko_tables/proline/MMETSP1123_clean.csv,1,0,0,0,0,0,0,0,0,1,0,0,0,0,1,0,1,0,1,0,0,0,0,0
kofamscan/ko_tables/proline/MMETSP0930_clean.csv,1,0,0,0,0,0,0,0,0,1,0,0,0,0,1,0,0,0,0,0,0,0,0,0
kofamscan/ko_tables/proline/MMETSP0573_clean.csv,1,0,0,0,0,0,0,0,0,1,0,0,0,0,1,0,1,0,1,0,0,0,0,0
kofamscan/ko_tables/proline/MMETSP1013_clean.csv,1,0,0,0,0,0,0,0,0,1,0,0,0,0,0,0,1,0,1,0,0,0,0,0
kofamscan/ko_tables/proline/MMETSP1080_clean.csv,1,0,0,0,0,0,0,0,0,1,0,0,0,0,0,0,0,0,0,0,0,0,0,1
kofamscan/ko_tables/proline/MMETSP1464_clean.csv,1,0,0,1,0,0,0,0,0,1,0,0,0,0,1,0,0,0,0,0,0,0,0,0
kofamscan/ko_tables/proline/MMETSP0891_clean.csv,1,0,0,1,0,0,0,0,0,1,0,0,0,0,1,0,1,0,0,0,0,0,0,0
kofamscan/ko_tables/proline/MMETSP1169_clean.csv,1,0,0,0,0,0,0,0,0,1,0,0,0,0,1,0,0,0,1,0,0,0,0,0
kofamscan/ko_tables/proline/MMETSP1128_clean.csv,1,0,0,0,0,0,0,0,0,1,0,0,0,0,1,0,1,0,1,0,0,0,0,0
kofamscan/ko_tables/proline/MMETSP1155_clean.csv,1,0,0,1,0,0,0,0,0,1,0,0,0,0,1,0,1,0,1,0,0,0,0,0
kofamscan/ko_tables/proline/MMETSP0149_clean.csv,1,0,0,0,0,0,0,0,0,1,0,0,0,0,1,0,0,0,0,0,0,0,0,0
kofamscan/ko_tables/proline/MMETSP1100_clean.csv,1,0,0,1,0,0,0,0,0,1,0,0,0,0,1,0,1,0,1,0,0,0,0,0
kofamscan/ko_tables/proline/MMETSP0942_clean.csv,0,0,0,1,0,0,0,0,0,1,0,0,0,0,0,0,1,0,1,0,0,0,0,0
kofamscan/ko_tables/proline/MMETSP1137_clean.csv,1,0,0,1,0,0,0,0,0,1,0,0,0,0,1,0,1,0,1,0,0,0,0,0
kofamscan/ko_tables/proline/MMETSP0973_clean.csv,1,0,0,1,0,0,0,0,0,1,0,0,1,0,1,0,1,0,0,0,0,0,0,0
kofamscan/ko_tables/proline/MMETSP0413_clean.csv,0,0,0,1,0,0,0,0,0,1,0,0,0,0,1,0,1,0,1,1,0,0,0,0
kofamscan/ko_tables/proline/MMETSP0200_clean.csv,1,0,0,1,0,0,0,0,0,1,0,0,0,0,1,0,1,0,1,0,0,0,0,0
kofamscan/ko_tables/proline/MMETSP1047_clean.csv,1,0,0,1,0,1,0,0,0,1,0,0,0,0,1,0,0,0,1,0,0,0,0,0
kofamscan/ko_tables/proline/MMETSP0347_clean.csv,0,0,0,0,0,0,0,0,0,0,0,0,0,0,0,0,0,0,0,0,0,0,0,0
kofamscan/ko_tables/proline/MMETSP1394_clean.csv,1,0,0,0,0,0,0,0,0,1,0,0,0,0,1,0,0,0,1,0,0,0,0,0
kofamscan/ko_tables/proline/MMETSP0096_clean.csv,1,0,0,0,0,0,0,0,0,1,0,0,0,0,1,0,1,0,1,0,0,0,0,0
kofamscan/ko_tables/proline/MMETSP0811_clean.csv,0,0,0,0,0,0,0,0,0,1,1,0,0,0,1,0,0,0,1,0,0,0,0,0
kofamscan/ko_tables/proline/MMETSP0417_clean.csv,1,0,0,1,0,0,0,0,0,1,0,0,0,0,1,0,0,0,1,1,0,0,0,0
kofamscan/ko_tables/proline/MMETSP0087_clean.csv,1,0,0,1,0,0,0,0,0,1,0,1,1,0,1,0,1,0,1,0,0,0,0,0
kofamscan/ko_tables/proline/MMETSP1117_clean.csv,1,0,0,0,0,0,0,0,0,1,0,0,0,0,1,0,1,0,1,0,0,0,0,0
kofamscan/ko_tables/proline/MMETSP0603_clean.csv,1,0,0,0,0,0,0,0,0,1,0,0,0,0,1,0,0,0,1,0,0,0,0,0
kofamscan/ko_tables/proline/MMETSP0734_clean.csv,1,0,0,0,0,0,0,0,0,1,0,0,0,0,1,0,1,0,1,0,0,0,0,0
kofamscan/ko_tables/proline/MMETSP0011_clean.csv,0,0,0,0,0,0,0,0,0,1,0,0,0,0,1,0,0,0,1,0,0,0,0,0
kofamscan/ko_tables/proline/MMETSP1401_clean.csv,1,0,0,0,0,0,0,0,0,1,0,0,0,0,1,0,0,0,0,0,0,0,0,1
kofamscan/ko_tables/proline/MMETSP1412_clean.csv,1,0,0,1,0,0,0,0,0,1,0,0,0,0,1,0,0,0,1,0,0,0,0,0
kofamscan/ko_tables/proline/MMETSP1469_clean.csv,0,0,0,0,0,0,0,0,0,1,0,0,0,0,1,0,0,0,1,0,0,0,0,0
kofamscan/ko_tables/proline/MMETSP1035_clean.csv,1,0,0,0,0,0,0,0,0,1,0,0,0,0,1,0,0,0,1,0,0,0,0,0
kofamscan/ko_tables/proline/MMETSP0938_clean.csv,1,0,0,0,0,0,0,0,0,1,0,0,0,0,1,0,0,0,0,0,0,0,0,0
kofamscan/ko_tables/proline/MMETSP0092_clean.csv,1,0,0,1,0,0,0,0,0,1,0,0,0,0,1,0,0,0,1,0,0,0,0,0
kofamscan/ko_tables/proline/MMETSP0820_clean.csv,1,0,0,0,0,0,0,0,0,1,0,0,0,0,1,0,1,0,1,0,0,0,0,0
kofamscan/ko_tables/proline/MMETSP0993_clean.csv,1,0,0,1,0,0,0,0,0,1,0,0,0,0,1,0,1,0,1,0,0,0,0,0
kofamscan/ko_tables/proline/MMETSP0909_clean.csv,1,0,0,0,0,0,0,0,0,1,0,0,0,0,1,0,1,0,1,0,0,0,0,0
kofamscan/ko_tables/proline/MMETSP0160_clean.csv,1,0,0,1,0,0,0,0,0,1,0,0,0,0,1,0,1,0,0,0,0,0,0,0
kofamscan/ko_tables/proline/MMETSP1049_clean.csv,1,0,0,1,0,0,0,0,0,1,0,0,0,0,1,0,0,0,1,0,0,0,0,0
kofamscan/ko_tables/proline/MMETSP1459_clean.csv,1,0,0,0,0,0,0,0,0,1,0,0,0,0,1,0,1,0,1,0,0,0,0,0
kofamscan/ko_tables/proline/MMETSP1388_clean.csv,1,0,0,1,0,0,0,0,0,1,0,0,0,0,1,0,1,0,1,0,0,0,0,0
kofamscan/ko_tables/proline/MMETSP0920_clean.csv,1,0,0,0,0,0,0,0,0,1,0,0,0,0,1,0,0,0,1,0,0,0,0,0
kofamscan/ko_tables/proline/MMETSP1095_clean.csv,1,0,0,0,0,0,0,0,0,1,0,0,0,0,1,0,1,0,0,0,0,0,0,0
kofamscan/ko_tables/proline/MMETSP0120_clean.csv,1,0,0,1,0,0,0,0,0,1,0,0,0,0,1,0,1,0,1,0,0,0,0,0
kofamscan/ko_tables/proline/MMETSP1151_clean.csv,1,0,0,1,0,0,0,0,0,1,0,0,0,0,1,0,1,0,1,0,0,0,0,0
kofamscan/ko_tables/proline/MMETSP0006_clean.csv,1,0,0,1,0,0,0,0,0,1,0,0,0,0,1,0,0,0,1,0,0,0,0,0
kofamscan/ko_tables/proline/MMETSP1473_clean.csv,1,0,0,0,0,0,0,0,0,1,0,0,0,0,1,0,0,0,1,0,0,0,0,0
kofamscan/ko_tables/proline/MMETSP0272_clean.csv,1,0,0,1,0,0,0,0,0,1,0,0,0,0,1,0,1,0,1,0,0,0,0,0
kofamscan/ko_tables/proline/MMETSP0899_clean.csv,1,0,0,1,0,0,0,0,0,1,0,0,0,0,1,0,0,0,1,0,0,0,0,0
kofamscan/ko_tables/proline/MMETSP0151_clean.csv,1,0,0,0,0,0,0,0,0,1,0,0,0,0,1,0,1,0,1,0,0,0,0,0
kofamscan/ko_tables/proline/MMETSP1381_clean.csv,1,0,0,0,0,0,0,0,0,1,0,0,0,0,1,0,0,0,0,0,0,0,0,0
kofamscan/ko_tables/proline/MMETSP0326_clean.csv,1,0,0,0,0,0,0,0,0,1,0,0,0,0,0,0,0,0,0,0,0,0,0,0
kofamscan/ko_tables/proline/MMETSP0912_clean.csv,1,0,0,1,0,0,0,0,0,1,0,0,0,0,1,0,1,0,1,0,0,0,0,0
kofamscan/ko_tables/proline/MMETSP1070_clean.csv,1,0,0,1,0,0,0,0,0,1,0,0,0,0,1,0,1,0,0,0,0,0,0,0
kofamscan/ko_tables/proline/MMETSP0900_clean.csv,1,0,0,1,0,0,0,0,0,1,0,0,0,0,1,0,0,0,1,0,0,0,0,0
kofamscan/ko_tables/proline/MMETSP0014_clean.csv,1,0,0,1,0,0,0,0,0,1,0,0,0,0,1,0,0,0,1,0,0,0,0,0
kofamscan/ko_tables/proline/MMETSP1400_clean.csv,1,0,0,1,0,1,0,0,0,1,0,0,0,0,0,0,0,0,0,0,0,0,0,1
kofamscan/ko_tables/proline/MMETSP1437_clean.csv,1,0,0,1,0,0,0,0,0,1,0,0,0,0,1,0,1,0,1,0,0,0,0,0
kofamscan/ko_tables/proline/MMETSP1447_clean.csv,1,0,0,0,0,0,0,0,0,1,0,0,0,0,1,0,1,0,0,0,0,0,0,1
kofamscan/ko_tables/proline/MMETSP0140_clean.csv,1,0,0,1,0,0,0,0,0,1,0,0,1,0,1,0,1,0,1,0,0,0,0,0
kofamscan/ko_tables/proline/MMETSP1161_clean.csv,1,0,0,0,0,0,0,0,0,1,0,0,0,0,1,0,0,0,1,0,0,0,0,0
kofamscan/ko_tables/proline/MMETSP1043_clean.csv,1,0,0,1,0,0,0,0,0,1,0,0,0,0,1,0,0,0,1,0,0,0,0,0
kofamscan/ko_tables/proline/MMETSP1316_clean.csv,1,0,0,0,0,0,0,0,0,1,0,0,0,0,0,0,1,0,1,0,0,0,0,0
kofamscan/ko_tables/proline/MMETSP1157_clean.csv,1,0,0,1,0,0,0,0,0,1,0,0,0,0,1,0,1,0,1,0,0,0,0,0
kofamscan/ko_tables/proline/MMETSP0790_clean.csv,1,0,0,1,0,0,0,0,0,1,0,0,0,0,1,0,0,0,1,0,0,0,0,0
kofamscan/ko_tables/proline/MMETSP1360_clean.csv,1,0,0,0,0,0,0,0,0,1,0,0,0,0,1,0,0,0,0,0,0,0,0,0
kofamscan/ko_tables/proline/MMETSP0258_clean.csv,1,0,0,1,0,0,0,0,0,1,0,0,0,0,1,0,1,0,1,0,0,0,0,0
kofamscan/ko_tables/proline/MMETSP0746_clean.csv,1,0,0,1,0,0,0,0,0,1,0,0,0,0,1,0,0,0,1,0,0,0,0,0
kofamscan/ko_tables/proline/MMETSP1420_clean.csv,1,0,0,1,0,0,0,0,0,1,0,0,0,0,1,0,1,0,1,0,0,0,0,0
kofamscan/ko_tables/proline/MMETSP1397_clean.csv,0,0,0,1,0,0,0,0,0,1,0,0,0,0,0,0,0,0,1,0,0,0,0,0
kofamscan/ko_tables/proline/MMETSP1452_clean.csv,1,0,0,0,0,0,0,0,0,1,0,0,0,0,1,0,0,0,0,0,0,0,0,0
kofamscan/ko_tables/proline/MMETSP1178_clean.csv,1,0,0,0,0,0,0,0,0,1,0,0,0,0,1,0,1,0,1,0,0,0,0,0
kofamscan/ko_tables/proline/MMETSP1115_clean.csv,1,0,0,0,0,0,0,0,0,1,0,0,0,0,1,0,1,0,1,0,0,0,0,0
kofamscan/ko_tables/proline/MMETSP1361_clean.csv,1,0,0,0,0,0,0,0,0,1,0,0,1,0,1,0,1,0,1,0,0,0,0,0
kofamscan/ko_tables/proline/MMETSP0941_clean.csv,1,0,0,0,0,0,0,0,0,1,0,1,1,0,0,0,0,0,0,0,0,0,0,0
kofamscan/ko_tables/proline/MMETSP0098_clean.csv,1,0,0,1,0,0,0,0,0,1,0,1,1,0,1,0,1,0,0,0,0,0,0,0
kofamscan/ko_tables/proline/MMETSP0924_clean.csv,0,0,0,0,0,0,0,0,0,0,0,0,0,0,1,0,0,0,0,0,0,0,0,0
kofamscan/ko_tables/proline/MMETSP0234_clean.csv,0,0,0,0,0,0,0,0,0,1,0,0,0,0,1,0,0,0,0,0,0,0,0,0
kofamscan/ko_tables/proline/MMETSP1106_clean.csv,1,0,0,0,0,1,0,0,0,1,0,0,0,0,1,0,0,0,0,0,0,0,0,1
kofamscan/ko_tables/proline/MMETSP0267_clean.csv,1,0,0,0,0,0,0,0,0,1,0,0,0,0,1,0,0,0,1,0,0,0,0,0
kofamscan/ko_tables/proline/MMETSP0091_clean.csv,1,0,0,1,0,0,0,0,0,1,0,0,0,0,1,0,0,0,0,0,0,0,0,0
kofamscan/ko_tables/proline/MMETSP0132_clean.csv,0,0,0,0,0,0,0,0,0,0,0,0,0,0,0,0,0,0,0,0,0,0,0,0
kofamscan/ko_tables/proline/MMETSP1417_clean.csv,1,0,0,1,0,0,0,0,0,1,0,0,0,0,1,0,1,0,1,0,0,0,0,0
kofamscan/ko_tables/proline/MMETSP1363_clean.csv,1,0,0,1,0,0,0,0,0,1,0,0,0,0,1,0,1,0,0,0,0,0,0,0
kofamscan/ko_tables/proline/MMETSP0316_clean.csv,1,0,0,0,0,0,0,0,0,1,0,0,0,0,1,0,0,0,1,0,0,0,0,0
kofamscan/ko_tables/proline/MMETSP0229_clean.csv,0,0,0,0,0,0,0,0,0,0,0,0,0,0,0,0,0,0,0,0,0,0,0,0
kofamscan/ko_tables/proline/MMETSP1408_clean.csv,1,0,0,1,0,0,0,0,0,1,0,0,0,0,1,0,0,0,1,0,0,0,0,0
kofamscan/ko_tables/proline/MMETSP0987_clean.csv,1,0,0,1,0,0,0,0,0,1,0,0,0,0,1,0,1,0,1,0,0,0,0,0
kofamscan/ko_tables/proline/MMETSP1333_clean.csv,1,0,0,1,0,0,0,0,0,1,0,0,0,0,1,0,1,0,0,0,0,0,0,0
kofamscan/ko_tables/proline/MMETSP1345_clean.csv,0,0,0,1,0,0,0,0,0,1,0,0,0,0,0,0,0,0,1,0,0,0,0,0
kofamscan/ko_tables/proline/MMETSP0878_clean.csv,1,0,0,1,0,0,0,0,0,1,0,0,0,0,1,0,1,0,1,0,0,0,0,0
kofamscan/ko_tables/proline/MMETSP1153_clean.csv,1,0,0,1,0,0,0,0,0,1,0,0,0,0,1,0,1,0,1,0,0,0,0,0
kofamscan/ko_tables/proline/MMETSP0288_clean.csv,0,0,0,1,0,0,0,0,0,1,0,0,0,0,1,0,0,0,1,0,0,0,0,0
kofamscan/ko_tables/proline/MMETSP1462_clean.csv,1,0,0,0,0,0,0,0,0,1,1,0,0,0,1,0,0,0,1,0,0,0,0,0
kofamscan/ko_tables/proline/MMETSP0139_clean.csv,1,0,0,1,0,0,0,0,0,1,0,0,1,0,1,0,1,0,1,0,0,0,0,0
kofamscan/ko_tables/proline/MMETSP1096_clean.csv,1,0,0,0,0,0,0,0,0,1,0,0,0,0,1,0,1,0,1,0,0,0,0,0
kofamscan/ko_tables/proline/MMETSP1418_clean.csv,1,0,0,1,0,0,0,0,0,1,0,0,0,0,1,0,1,0,1,0,0,0,0,0
kofamscan/ko_tables/proline/MMETSP0963_clean.csv,1,0,0,1,0,0,0,0,0,1,0,0,0,0,1,0,0,0,1,0,0,0,0,0
kofamscan/ko_tables/proline/MMETSP0171_clean.csv,1,0,0,1,0,0,0,0,0,1,0,0,0,0,1,0,1,0,1,0,0,0,0,0
kofamscan/ko_tables/proline/MMETSP0904_clean.csv,1,0,0,1,0,0,0,0,0,1,0,0,0,0,1,0,1,0,1,0,0,0,0,0
kofamscan/ko_tables/proline/MMETSP1040_clean.csv,1,0,0,0,0,0,0,0,0,1,0,0,0,0,1,0,1,0,1,0,0,0,0,0
kofamscan/ko_tables/proline/MMETSP1389_clean.csv,1,0,0,1,0,0,0,0,0,1,0,0,0,0,1,0,1,0,1,0,0,0,0,0
kofamscan/ko_tables/proline/MMETSP1415_clean.csv,1,0,0,1,0,0,0,0,0,1,0,0,0,0,1,0,1,0,1,0,0,0,0,0
kofamscan/ko_tables/proline/MMETSP0789_clean.csv,1,0,0,1,0,0,0,0,0,1,0,0,0,0,1,0,1,0,1,0,0,0,0,0
kofamscan/ko_tables/proline/MMETSP0169_clean.csv,1,0,0,1,0,0,0,0,0,1,0,0,0,0,1,0,1,0,1,0,0,0,0,0
kofamscan/ko_tables/proline/MMETSP1064_clean.csv,1,0,0,1,0,0,0,0,0,1,0,0,0,0,1,0,0,0,1,0,0,0,0,0
kofamscan/ko_tables/proline/MMETSP0015_clean.csv,1,0,0,1,0,0,0,0,0,1,0,0,1,0,1,0,1,0,1,0,0,0,0,0
kofamscan/ko_tables/proline/MMETSP1152_clean.csv,1,0,0,1,0,0,0,0,0,1,0,0,0,0,1,0,1,0,1,0,0,0,0,0
kofamscan/ko_tables/proline/MMETSP0106_clean.csv,1,0,0,1,0,0,0,1,0,1,0,1,1,0,1,0,1,0,1,0,0,0,0,0
kofamscan/ko_tables/proline/MMETSP1349_clean.csv,1,0,0,0,0,0,0,0,0,1,0,0,0,0,1,0,0,0,1,0,0,0,0,0
kofamscan/ko_tables/proline/MMETSP0727_clean.csv,1,0,0,1,0,0,0,0,0,1,0,0,0,0,1,0,0,0,1,0,0,0,0,0
kofamscan/ko_tables/proline/MMETSP1429_clean.csv,1,0,0,1,0,0,0,0,0,1,0,0,0,0,1,0,1,0,1,0,0,0,0,0
kofamscan/ko_tables/proline/MMETSP0911_clean.csv,1,0,0,1,0,0,0,0,0,1,0,0,0,0,1,0,1,0,1,0,0,0,0,0
kofamscan/ko_tables/proline/MMETSP0717_clean.csv,1,0,0,1,0,0,0,0,0,1,0,0,0,0,1,0,1,0,0,0,0,0,0,0
kofamscan/ko_tables/proline/MMETSP0901_clean.csv,1,0,0,1,0,0,0,0,0,1,0,0,0,0,1,0,0,0,1,0,0,0,0,0
kofamscan/ko_tables/proline/MMETSP0111_clean.csv,1,0,0,1,0,0,0,0,0,1,0,0,0,0,1,0,0,0,1,0,0,0,0,0
kofamscan/ko_tables/proline/MMETSP0411_clean.csv,1,0,0,0,0,0,0,0,0,1,0,0,0,0,1,0,0,0,0,0,0,0,0,0
kofamscan/ko_tables/proline/MMETSP0317_clean.csv,1,0,0,0,0,0,0,0,0,1,0,0,0,0,1,0,0,0,1,0,0,0,0,0
kofamscan/ko_tables/proline/MMETSP1148_clean.csv,0,0,0,0,0,0,0,0,0,0,0,0,0,0,0,0,0,0,0,0,0,0,0,0
kofamscan/ko_tables/proline/MMETSP0957_clean.csv,1,0,0,0,0,0,0,0,0,1,0,0,0,0,1,0,0,0,1,0,0,0,0,0
kofamscan/ko_tables/proline/MMETSP0914_clean.csv,1,0,0,1,0,0,0,0,0,1,0,0,0,0,1,0,1,0,1,0,0,0,0,0
kofamscan/ko_tables/proline/MMETSP0738_clean.csv,1,0,0,1,0,0,0,0,0,1,0,1,1,0,1,0,1,0,1,0,0,0,0,0
kofamscan/ko_tables/proline/MMETSP0010_clean.csv,1,0,0,0,0,0,0,0,0,1,0,0,0,0,1,0,1,0,1,0,0,0,0,0
kofamscan/ko_tables/proline/MMETSP0056_clean.csv,1,0,0,0,0,0,0,0,0,1,0,0,0,0,1,0,0,0,1,0,0,0,0,0
kofamscan/ko_tables/proline/MMETSP0595_clean.csv,1,0,0,1,0,0,0,0,0,1,0,0,0,0,1,0,0,0,1,0,0,0,0,0
kofamscan/ko_tables/proline/MMETSP0116_clean.csv,1,0,0,1,0,0,0,0,0,1,0,1,0,0,1,0,1,0,1,0,0,0,0,0
kofamscan/ko_tables/proline/MMETSP0368_clean.csv,1,0,0,1,0,0,0,0,0,1,0,0,0,0,1,0,1,0,1,0,0,0,0,0
kofamscan/ko_tables/proline/MMETSP1156_clean.csv,1,0,0,1,0,0,0,0,0,1,0,0,0,0,1,0,1,0,1,0,0,0,0,0
kofamscan/ko_tables/proline/MMETSP0881_clean.csv,1,0,0,1,0,0,0,0,0,1,0,0,0,0,1,0,1,0,1,0,0,0,0,0
kofamscan/ko_tables/proline/MMETSP0114_clean.csv,1,0,0,1,0,0,0,0,0,0,0,0,0,0,1,0,1,0,1,0,0,0,0,0
kofamscan/ko_tables/proline/MMETSP0706_clean.csv,1,0,0,0,0,0,0,0,0,1,0,0,0,0,1,0,1,0,1,0,0,0,0,0
kofamscan/ko_tables/proline/MMETSP0802_clean.csv,1,0,0,0,0,1,0,0,0,1,0,0,0,0,1,0,0,0,0,0,0,0,0,1
kofamscan/ko_tables/proline/MMETSP0371_clean.csv,1,0,0,1,0,0,0,0,0,1,0,0,0,0,1,0,1,0,1,0,0,0,0,0
kofamscan/ko_tables/proline/MMETSP1426_clean.csv,1,0,0,1,0,0,0,0,0,1,0,0,0,0,1,0,0,0,1,0,0,0,0,0
kofamscan/ko_tables/proline/MMETSP1173_clean.csv,1,0,0,1,0,0,0,0,0,1,0,0,0,0,1,0,1,0,1,0,0,0,0,0
kofamscan/ko_tables/proline/MMETSP0726_clean.csv,0,0,0,0,0,0,0,0,0,1,0,0,0,0,1,0,0,0,1,0,0,0,0,0
kofamscan/ko_tables/proline/MMETSP1330_clean.csv,1,0,0,0,0,0,0,0,0,1,0,0,0,0,1,0,0,0,0,0,0,0,0,0
kofamscan/ko_tables/proline/MMETSP0807_clean.csv,1,0,0,0,0,0,0,0,0,1,0,0,0,0,1,0,1,0,1,0,0,0,0,0
kofamscan/ko_tables/proline/MMETSP0125_clean.csv,0,0,0,1,0,0,0,0,0,1,0,0,0,0,1,0,0,0,0,0,0,0,0,0
kofamscan/ko_tables/proline/MMETSP1370_clean.csv,1,0,0,0,0,0,0,0,0,1,0,0,0,0,1,0,1,0,1,0,0,0,0,0
kofamscan/ko_tables/proline/MMETSP0033_clean.csv,1,0,0,0,0,0,0,0,0,1,0,0,0,0,1,0,1,0,0,0,0,0,0,0
kofamscan/ko_tables/proline/MMETSP0109_clean.csv,1,0,0,1,0,0,0,0,0,1,0,1,1,0,1,0,0,0,1,0,0,0,0,0
kofamscan/ko_tables/proline/MMETSP1329_clean.csv,1,0,0,1,0,0,0,0,0,1,0,0,0,0,1,0,1,0,0,0,0,0,0,0
kofamscan/ko_tables/proline/MMETSP0057_clean.csv,1,0,0,0,0,0,0,0,0,1,0,0,0,0,1,0,0,0,1,0,0,0,0,0
kofamscan/ko_tables/proline/MMETSP0990_clean.csv,1,0,0,1,0,0,0,0,0,1,0,0,0,0,1,0,0,0,1,0,0,0,0,0
kofamscan/ko_tables/proline/MMETSP1107_clean.csv,1,0,0,0,0,0,0,0,0,1,0,0,0,0,1,0,1,0,0,0,0,0,0,0
kofamscan/ko_tables/proline/MMETSP0766_clean.csv,1,0,0,0,0,0,0,0,0,1,0,0,0,0,1,0,1,0,1,0,0,0,0,0
kofamscan/ko_tables/proline/MMETSP1435_clean.csv,0,0,0,0,0,0,0,0,0,0,0,0,0,0,1,0,0,0,0,0,0,0,0,0
kofamscan/ko_tables/proline/MMETSP1416_clean.csv,1,0,0,1,0,0,0,0,0,1,0,0,0,0,1,0,1,0,1,0,0,0,0,0
kofamscan/ko_tables/proline/MMETSP0469_clean.csv,1,0,0,1,0,0,0,0,0,1,0,0,0,0,1,0,0,0,1,0,0,0,0,0
kofamscan/ko_tables/proline/MMETSP1038_clean.csv,1,0,0,1,0,0,0,0,0,1,0,0,0,0,1,0,1,0,1,0,0,0,0,0
kofamscan/ko_tables/proline/MMETSP0998_clean.csv,1,0,0,1,0,0,0,0,0,1,0,0,0,0,1,0,1,0,1,0,0,0,0,0
kofamscan/ko_tables/proline/MMETSP0988_clean.csv,1,0,0,1,0,0,0,0,0,1,0,0,0,0,1,0,0,0,1,0,0,0,0,0
kofamscan/ko_tables/proline/MMETSP1445_clean.csv,1,0,0,0,0,0,0,0,0,1,0,0,0,0,0,0,0,0,0,0,0,0,0,0
kofamscan/ko_tables/proline/MMETSP0562_clean.csv,1,0,0,0,0,0,0,0,0,1,0,0,0,0,1,0,0,0,1,0,0,0,0,0
kofamscan/ko_tables/proline/MMETSP1443_clean.csv,1,0,0,1,0,0,0,0,0,1,0,0,0,0,1,0,0,0,1,0,0,0,0,0
kofamscan/ko_tables/proline/MMETSP0983_clean.csv,1,0,0,1,0,0,0,0,0,1,0,0,0,0,1,0,1,0,0,0,0,0,0,1
kofamscan/ko_tables/proline/MMETSP0817_clean.csv,1,0,0,0,0,0,0,0,0,1,0,0,0,0,1,0,0,0,1,0,0,0,0,0
kofamscan/ko_tables/proline/MMETSP0733_clean.csv,1,0,0,1,0,0,0,0,0,1,0,0,0,0,1,0,1,0,0,0,0,0,0,0
kofamscan/ko_tables/proline/MMETSP1177_clean.csv,1,0,0,1,0,0,0,0,0,1,0,0,0,0,1,0,1,0,1,0,0,0,0,0
kofamscan/ko_tables/proline/MMETSP0698_clean.csv,1,0,0,1,0,0,0,0,0,1,0,0,0,0,1,0,1,0,1,0,0,0,0,0
kofamscan/ko_tables/proline/MMETSP0110_clean.csv,1,0,0,1,0,0,0,0,0,1,0,0,0,0,1,0,0,0,1,0,0,0,0,0
kofamscan/ko_tables/proline/MMETSP0753_clean.csv,1,0,0,1,0,0,0,0,0,1,0,0,0,0,1,0,0,0,1,0,0,0,0,0
kofamscan/ko_tables/proline/MMETSP1016_clean.csv,1,0,0,1,0,0,0,0,0,1,0,0,0,0,1,0,1,0,1,0,0,0,0,0
kofamscan/ko_tables/proline/MMETSP0449_clean.csv,0,0,0,0,0,0,0,0,0,1,0,0,0,0,1,0,0,0,1,0,0,0,0,0
kofamscan/ko_tables/proline/MMETSP1105_clean.csv,1,0,0,1,0,0,0,0,0,1,0,0,1,0,1,0,1,0,1,0,0,0,0,0
kofamscan/ko_tables/proline/MMETSP1463_clean.csv,1,0,0,1,0,0,0,0,0,1,0,0,0,0,1,0,1,0,0,0,0,0,0,0
kofamscan/ko_tables/proline/MMETSP0962_clean.csv,1,0,0,1,0,0,0,0,0,0,0,0,0,0,0,0,0,0,0,0,0,0,0,0
kofamscan/ko_tables/proline/MMETSP1098_clean.csv,1,0,0,1,0,0,0,0,0,1,0,0,0,0,0,0,1,0,1,0,0,0,0,0
kofamscan/ko_tables/proline/MMETSP1441_clean.csv,1,0,0,0,0,0,0,0,0,1,0,0,0,0,1,0,1,0,1,0,0,0,0,0
kofamscan/ko_tables/proline/MMETSP1074_clean.csv,1,0,0,1,0,0,0,0,0,1,0,0,0,0,1,0,1,0,1,0,0,0,0,0
kofamscan/ko_tables/proline/MMETSP0908_clean.csv,1,0,0,0,0,0,0,0,0,1,0,0,0,0,1,0,1,0,0,0,0,0,0,0
kofamscan/ko_tables/proline/MMETSP0484_clean.csv,1,0,0,1,0,1,0,0,0,1,0,0,1,0,1,0,0,0,1,0,0,0,0,0
kofamscan/ko_tables/proline/MMETSP0044_clean.csv,0,0,0,0,0,0,0,0,0,0,0,0,0,0,0,0,0,0,0,0,0,0,0,0
kofamscan/ko_tables/proline/MMETSP0795_clean.csv,1,0,0,1,0,0,0,0,0,1,0,0,0,0,1,0,0,0,0,0,0,0,0,0
kofamscan/ko_tables/proline/MMETSP1362_clean.csv,1,0,0,0,0,0,0,0,0,1,0,0,0,0,1,0,0,0,1,0,0,0,0,0
kofamscan/ko_tables/proline/MMETSP1041_clean.csv,1,0,0,1,0,0,0,0,0,1,0,0,0,0,1,0,0,0,1,0,0,0,0,0
kofamscan/ko_tables/proline/MMETSP0403_clean.csv,1,0,0,1,0,0,0,0,0,1,0,0,0,0,1,0,1,0,1,0,0,0,0,0
kofamscan/ko_tables/proline/MMETSP0949_clean.csv,1,0,0,0,0,0,0,0,0,1,0,0,0,0,1,0,1,0,0,0,0,0,0,1
kofamscan/ko_tables/proline/MMETSP1010_clean.csv,1,0,0,0,0,0,0,0,0,1,0,0,0,0,1,0,1,0,1,0,0,0,0,0
kofamscan/ko_tables/proline/MMETSP1353_clean.csv,0,0,0,0,0,0,0,0,0,1,0,0,0,0,1,0,0,0,1,0,0,0,0,0
kofamscan/ko_tables/proline/MMETSP0150_clean.csv,1,0,0,1,0,0,0,0,0,1,0,0,0,0,1,0,1,0,0,0,0,0,0,0
kofamscan/ko_tables/proline/MMETSP0893_clean.csv,1,0,0,1,0,0,0,0,0,1,0,0,0,0,0,0,1,0,0,0,0,0,0,0
kofamscan/ko_tables/proline/MMETSP0294_clean.csv,1,0,0,0,0,0,0,0,0,1,0,0,0,0,1,0,1,0,0,0,0,0,0,0
kofamscan/ko_tables/proline/MMETSP0145_clean.csv,1,0,0,1,0,0,1,0,0,1,0,0,0,0,1,0,0,0,1,0,0,0,0,0
kofamscan/ko_tables/proline/MMETSP1405_clean.csv,1,0,0,1,0,0,0,0,0,1,0,0,0,0,1,0,0,0,1,0,0,0,0,0
kofamscan/ko_tables/proline/MMETSP0046_clean.csv,1,0,0,1,0,0,0,0,0,1,0,0,0,0,1,0,1,0,1,0,0,0,0,0
kofamscan/ko_tables/proline/MMETSP1083_clean.csv,1,0,0,1,0,0,0,0,0,1,0,0,0,0,1,0,0,0,1,0,0,0,0,0
kofamscan/ko_tables/proline/MMETSP0724_clean.csv,1,0,0,1,0,0,0,0,0,1,0,1,1,0,1,0,0,0,1,0,0,0,0,0
kofamscan/ko_tables/proline/MMETSP0472_clean.csv,1,0,0,1,0,0,0,0,0,1,0,0,0,0,1,0,1,0,1,0,0,0,0,0
kofamscan/ko_tables/proline/MMETSP1352_clean.csv,1,0,0,1,0,0,0,0,0,1,0,0,0,0,1,0,1,0,1,0,0,0,0,0
kofamscan/ko_tables/proline/MMETSP1364_clean.csv,1,0,0,1,0,0,0,0,0,1,0,0,0,0,1,0,1,0,0,0,0,0,0,0
kofamscan/ko_tables/proline/MMETSP0174_clean.csv,1,0,0,1,0,0,0,0,0,1,0,0,0,0,1,0,1,0,0,0,0,0,0,1
kofamscan/ko_tables/proline/MMETSP1365_clean.csv,1,0,0,1,0,0,0,0,0,1,0,0,0,0,1,0,1,0,1,0,0,0,0,0
kofamscan/ko_tables/proline/MMETSP0971_clean.csv,1,0,0,1,0,0,0,0,0,1,0,0,0,0,1,0,1,0,1,0,0,0,0,0
kofamscan/ko_tables/proline/MMETSP0896_clean.csv,1,0,0,0,0,0,0,0,0,1,0,0,0,0,1,0,0,0,0,0,0,0,0,0
kofamscan/ko_tables/proline/MMETSP0879_clean.csv,1,0,0,1,0,0,0,0,0,1,0,0,0,0,1,0,1,0,1,0,0,0,0,0
kofamscan/ko_tables/proline/MMETSP1359_clean.csv,1,0,0,1,0,0,0,0,0,1,0,0,0,0,1,0,1,0,1,0,0,0,0,0
kofamscan/ko_tables/proline/MMETSP0972_clean.csv,1,0,0,1,0,0,0,0,0,1,0,0,1,0,1,0,1,0,1,0,0,0,0,0
kofamscan/ko_tables/proline/MMETSP1323_clean.csv,1,0,0,0,0,0,0,0,0,1,0,0,0,0,1,0,1,0,1,0,0,0,0,0
kofamscan/ko_tables/proline/MMETSP0156_clean.csv,1,0,0,0,0,0,0,0,0,1,0,0,0,0,1,0,1,0,1,0,0,0,0,0
kofamscan/ko_tables/proline/MMETSP0142_clean.csv,1,0,0,1,0,0,0,0,0,1,0,0,0,0,1,0,1,0,1,0,0,0,0,0
kofamscan/ko_tables/proline/MMETSP0123_clean.csv,0,0,0,0,0,0,0,0,0,1,0,0,0,0,0,0,0,0,0,0,0,0,0,0
kofamscan/ko_tables/proline/MMETSP0107_clean.csv,1,0,0,1,0,0,0,0,0,1,0,0,0,0,1,0,1,0,1,0,0,0,0,0
kofamscan/ko_tables/proline/MMETSP1367_clean.csv,1,0,0,0,0,0,0,0,0,1,0,0,0,0,1,0,1,0,1,0,0,0,0,0
kofamscan/ko_tables/proline/MMETSP0029_clean.csv,1,0,0,0,0,0,0,0,0,1,0,0,0,0,1,0,1,0,1,0,0,0,0,0
kofamscan/ko_tables/proline/MMETSP1324_clean.csv,1,0,0,0,0,0,0,0,0,1,0,0,0,0,0,0,0,0,1,0,0,0,0,0
kofamscan/ko_tables/proline/MMETSP0916_clean.csv,1,0,0,1,0,0,0,0,0,1,0,0,0,0,1,0,1,0,1,0,0,0,0,0
kofamscan/ko_tables/proline/MMETSP0108_clean.csv,1,0,0,1,0,0,0,0,0,1,0,0,0,0,1,0,1,0,1,0,0,0,0,0
kofamscan/ko_tables/proline/MMETSP0027_clean.csv,1,0,0,0,0,0,0,0,0,1,0,0,0,0,1,0,1,0,1,0,0,0,0,0
kofamscan/ko_tables/proline/MMETSP0251_clean.csv,0,0,0,0,0,0,0,0,0,0,0,0,0,0,0,0,0,0,0,0,0,0,0,0
kofamscan/ko_tables/proline/MMETSP1018_clean.csv,0,0,0,0,0,0,0,0,0,0,0,0,0,0,0,0,0,0,0,0,0,0,0,0
kofamscan/ko_tables/proline/MMETSP1089_clean.csv,1,0,0,1,0,0,0,0,0,1,0,0,0,0,1,0,1,0,1,0,0,0,0,0
kofamscan/ko_tables/proline/MMETSP1369_clean.csv,1,0,0,0,0,0,0,0,0,1,0,0,0,0,1,0,1,0,1,0,0,0,0,0
kofamscan/ko_tables/proline/MMETSP1144_clean.csv,1,0,0,0,0,0,0,0,0,1,0,1,1,0,1,0,1,0,1,0,0,0,0,0
kofamscan/ko_tables/proline/MMETSP1143_clean.csv,1,0,0,0,0,0,0,0,0,1,0,1,1,0,1,0,1,0,1,0,0,0,0,0
kofamscan/ko_tables/proline/MMETSP0944_clean.csv,1,0,0,1,0,0,0,0,0,1,0,0,0,0,1,0,0,0,1,0,0,0,0,0
kofamscan/ko_tables/proline/MMETSP1310_clean.csv,1,0,0,0,0,0,0,0,0,1,0,0,0,0,1,0,0,0,1,0,0,0,0,0
kofamscan/ko_tables/proline/MMETSP0382_clean.csv,1,0,0,0,0,0,0,0,0,1,0,0,1,0,1,0,1,0,1,0,0,0,0,0
kofamscan/ko_tables/proline/MMETSP1402_clean.csv,1,0,0,0,0,1,0,0,0,1,0,0,0,0,1,0,0,0,0,0,0,0,0,1
kofamscan/ko_tables/proline/MMETSP1315_clean.csv,1,0,0,0,0,0,0,0,0,1,0,0,0,0,1,0,0,0,0,0,0,0,0,1
kofamscan/ko_tables/proline/MMETSP0956_clean.csv,1,0,0,0,0,0,0,0,0,1,0,0,0,0,0,0,0,0,1,0,0,0,0,0
kofamscan/ko_tables/proline/MMETSP0166_clean.csv,1,0,0,1,0,0,0,0,0,1,0,0,0,0,1,0,1,0,1,0,0,0,0,0
kofamscan/ko_tables/proline/MMETSP0939_clean.csv,1,0,0,0,0,0,0,0,0,1,0,0,0,0,1,0,0,0,0,0,0,0,0,0
kofamscan/ko_tables/proline/MMETSP1140_clean.csv,1,0,0,1,0,0,0,0,0,1,0,0,0,0,1,0,1,0,0,0,0,0,0,0
kofamscan/ko_tables/proline/MMETSP1377_clean.csv,0,0,0,1,0,0,0,0,0,1,0,0,0,0,1,0,1,0,1,0,0,0,0,0
kofamscan/ko_tables/proline/MMETSP1434_clean.csv,1,0,0,0,0,0,0,0,0,0,0,0,0,0,1,0,0,0,0,0,0,0,0,0
kofamscan/ko_tables/proline/MMETSP0121_clean.csv,1,0,0,1,0,0,0,0,0,1,0,0,0,0,1,0,1,0,1,0,0,0,0,0
kofamscan/ko_tables/proline/MMETSP1390_clean.csv,1,0,0,0,0,1,0,0,0,1,0,0,0,0,1,0,0,0,0,0,0,0,0,1
kofamscan/ko_tables/proline/MMETSP0994_clean.csv,1,0,0,1,0,0,0,0,0,1,0,0,0,0,1,0,1,0,0,0,0,0,0,0
kofamscan/ko_tables/proline/MMETSP1012_clean.csv,1,0,0,1,0,0,0,0,0,1,0,0,0,0,1,0,1,0,1,0,0,0,0,0
kofamscan/ko_tables/proline/MMETSP0047_clean.csv,1,0,0,1,0,0,0,0,0,1,0,0,0,0,1,0,0,0,1,0,0,0,0,0
kofamscan/ko_tables/proline/MMETSP0410_clean.csv,1,0,0,0,0,0,0,0,0,1,0,0,0,0,1,0,0,0,0,0,0,0,0,0
kofamscan/ko_tables/proline/MMETSP0295_clean.csv,1,0,0,0,0,0,0,0,0,1,0,0,0,0,1,0,1,0,0,0,0,0,0,0
kofamscan/ko_tables/proline/MMETSP0803_clean.csv,1,0,0,0,0,0,0,0,0,1,0,0,0,0,1,0,0,0,0,0,0,0,0,0
kofamscan/ko_tables/proline/MMETSP1066_clean.csv,1,0,0,0,0,0,0,0,0,1,0,0,0,0,1,0,0,0,1,0,0,0,0,0
kofamscan/ko_tables/proline/MMETSP0814_clean.csv,1,0,0,0,0,0,0,0,0,1,0,1,1,0,1,0,0,0,1,0,0,0,0,0
kofamscan/ko_tables/proline/MMETSP0697_clean.csv,1,0,0,1,0,0,0,0,0,1,0,0,0,0,1,0,1,0,1,0,0,0,0,0
kofamscan/ko_tables/proline/MMETSP0228_clean.csv,1,0,0,0,0,0,0,0,0,1,0,0,1,0,1,0,0,0,1,0,0,0,0,0
kofamscan/ko_tables/proline/MMETSP0725_clean.csv,1,0,0,1,0,0,0,0,0,1,0,0,0,0,1,0,0,0,1,0,0,0,0,0
kofamscan/ko_tables/proline/MMETSP0492_clean.csv,1,0,0,1,0,0,0,0,0,1,0,0,0,0,1,0,1,0,1,0,0,0,0,0
kofamscan/ko_tables/proline/MMETSP1065_clean.csv,1,0,0,1,0,0,0,0,0,1,0,0,0,0,1,0,0,0,1,0,0,0,0,0
kofamscan/ko_tables/proline/MMETSP1006_clean.csv,1,0,0,1,0,0,0,0,0,1,0,0,0,0,0,0,0,0,1,0,0,0,0,0
kofamscan/ko_tables/proline/MMETSP0143_clean.csv,1,0,0,1,0,0,1,0,0,1,0,0,0,0,1,0,0,0,1,0,0,0,0,0
kofamscan/ko_tables/proline/MMETSP1033_clean.csv,1,0,0,0,0,0,0,0,0,1,0,0,0,0,1,0,0,0,1,0,0,0,0,0
kofamscan/ko_tables/proline/MMETSP0974_clean.csv,1,0,0,1,0,0,0,0,0,1,0,0,0,0,1,0,1,0,1,0,0,0,0,0
kofamscan/ko_tables/proline/MMETSP1147_clean.csv,0,0,0,0,0,0,0,0,0,0,0,0,0,0,0,0,0,0,0,0,0,0,0,0
kofamscan/ko_tables/proline/MMETSP1404_clean.csv,1,0,0,1,0,1,0,0,0,1,0,0,0,0,0,0,0,0,0,0,0,0,0,1
kofamscan/ko_tables/proline/MMETSP1048_clean.csv,1,0,0,1,0,0,0,0,0,1,0,0,0,0,1,0,0,0,1,0,0,0,0,0
kofamscan/ko_tables/proline/MMETSP0970_clean.csv,1,0,0,1,0,0,0,0,0,1,0,0,1,0,1,0,1,0,1,0,0,0,0,0
kofamscan/ko_tables/proline/MMETSP0747_clean.csv,1,0,0,1,0,0,0,0,0,1,0,0,0,0,1,0,0,0,1,0,0,0,0,0
kofamscan/ko_tables/proline/MMETSP0020_clean.csv,1,0,0,0,0,0,0,0,0,1,0,0,0,0,0,0,1,0,0,0,0,0,0,0
kofamscan/ko_tables/proline/MMETSP0019_clean.csv,1,0,0,0,0,0,0,0,0,1,0,0,0,0,1,0,1,0,1,0,0,0,0,0
kofamscan/ko_tables/proline/MMETSP0216_clean.csv,0,0,0,1,0,0,0,0,0,1,0,0,0,0,1,0,1,0,1,0,0,0,0,0
kofamscan/ko_tables/proline/MMETSP1170_clean.csv,1,0,0,0,0,0,0,0,0,0,0,0,0,0,0,0,0,0,0,0,0,0,0,0
kofamscan/ko_tables/proline/MMETSP0031_clean.csv,1,0,0,0,0,0,0,0,0,1,0,0,0,0,1,0,1,0,1,0,0,0,0,0
kofamscan/ko_tables/proline/MMETSP1328_clean.csv,1,0,0,0,0,0,0,0,0,1,0,0,0,0,1,0,1,0,1,0,0,0,0,0
kofamscan/ko_tables/proline/MMETSP1175_clean.csv,1,0,0,1,0,0,0,0,0,1,0,0,0,0,1,0,0,0,1,0,0,0,0,0
kofamscan/ko_tables/proline/MMETSP0985_clean.csv,1,0,0,1,0,0,0,0,0,1,0,0,0,0,1,0,1,0,0,0,0,0,0,1
kofamscan/ko_tables/proline/MMETSP0936_clean.csv,1,0,0,0,0,0,0,0,0,1,0,0,0,0,1,0,0,0,0,0,0,0,0,0
kofamscan/ko_tables/proline/MMETSP1129_clean.csv,1,0,0,1,0,0,0,0,0,1,0,0,0,0,1,0,0,0,1,0,0,0,0,0
kofamscan/ko_tables/proline/MMETSP1102_clean.csv,1,0,0,1,0,0,0,0,0,1,0,0,0,0,1,0,0,0,1,0,0,0,0,0
kofamscan/ko_tables/proline/MMETSP0232_clean.csv,0,0,0,0,0,0,0,0,0,1,0,0,0,0,1,0,0,0,0,0,0,0,0,0
kofamscan/ko_tables/proline/MMETSP0127_clean.csv,0,0,0,0,0,0,0,0,0,1,0,0,0,0,1,0,1,0,1,0,0,0,0,0
kofamscan/ko_tables/proline/MMETSP0491_clean.csv,1,0,0,0,0,0,0,0,0,1,0,0,0,0,1,0,1,0,1,0,0,0,0,0
kofamscan/ko_tables/proline/MMETSP0167_clean.csv,0,0,0,0,0,0,0,0,0,1,0,0,0,0,0,0,0,0,1,0,0,0,0,0
kofamscan/ko_tables/proline/MMETSP1335_clean.csv,1,0,0,1,0,0,0,0,0,1,0,0,0,0,1,0,1,0,0,0,0,0,0,0
kofamscan/ko_tables/proline/MMETSP0897_clean.csv,1,0,0,0,0,0,0,0,0,1,0,0,0,0,1,0,1,0,0,0,0,0,0,0
kofamscan/ko_tables/proline/MMETSP0708_clean.csv,1,0,0,0,0,0,0,0,0,1,0,0,0,0,1,0,0,0,1,0,0,0,0,0
kofamscan/ko_tables/proline/MMETSP0528_clean.csv,1,0,0,0,0,0,0,0,0,1,0,0,0,0,1,0,1,0,1,0,0,0,0,0
kofamscan/ko_tables/proline/MMETSP0101_clean.csv,1,0,0,1,0,0,0,0,0,1,0,1,1,0,0,0,1,0,1,0,0,0,0,0
kofamscan/ko_tables/proline/MMETSP0235_clean.csv,0,0,0,1,0,0,0,0,0,1,0,0,0,0,1,0,0,0,1,0,0,0,0,0
kofamscan/ko_tables/proline/MMETSP0196_clean.csv,0,0,0,0,0,0,0,0,0,0,0,0,0,0,0,0,0,0,0,0,0,0,0,0
kofamscan/ko_tables/proline/MMETSP0752_clean.csv,1,0,0,1,0,0,0,0,0,1,0,0,0,0,1,0,0,0,1,0,0,0,0,0
kofamscan/ko_tables/proline/MMETSP0948_clean.csv,1,0,0,0,0,0,0,0,0,1,0,0,0,0,1,0,1,0,0,0,0,0,0,1
kofamscan/ko_tables/proline/MMETSP0648_clean.csv,1,0,0,0,0,0,0,0,0,1,0,0,0,0,1,0,1,0,1,0,0,0,0,0
kofamscan/ko_tables/proline/MMETSP0905_clean.csv,1,0,0,1,0,0,0,0,0,1,0,0,0,0,1,0,1,0,1,0,0,0,0,0
kofamscan/ko_tables/proline/MMETSP1164_clean.csv,1,0,0,0,0,0,0,0,0,1,0,0,0,0,0,0,1,0,0,0,0,0,0,0
kofamscan/ko_tables/proline/MMETSP0190_clean.csv,1,0,0,0,0,0,0,0,0,1,0,0,0,0,1,0,0,0,1,0,0,0,0,0
kofamscan/ko_tables/proline/MMETSP0161_clean.csv,1,0,0,0,0,0,0,0,0,1,0,0,0,0,1,0,1,0,1,1,0,0,0,0
kofamscan/ko_tables/proline/MMETSP0090_clean.csv,1,0,0,1,0,0,0,0,0,1,0,0,0,0,1,0,1,0,1,0,0,0,0,0
kofamscan/ko_tables/proline/MMETSP0895_clean.csv,1,0,0,0,0,0,0,0,0,1,0,0,0,0,1,0,1,0,0,0,0,0,0,0
kofamscan/ko_tables/proline/MMETSP0946_clean.csv,1,0,0,0,0,0,0,0,0,1,0,0,0,0,1,0,0,0,0,0,0,0,0,0
kofamscan/ko_tables/proline/MMETSP0943_clean.csv,1,0,0,1,0,0,0,0,0,1,0,0,0,0,1,0,0,0,1,0,0,0,0,0
kofamscan/ko_tables/proline/MMETSP0439_clean.csv,0,0,0,0,0,0,0,0,0,1,0,0,0,0,1,0,1,0,1,0,0,0,0,0
kofamscan/ko_tables/proline/MMETSP0053_clean.csv,1,0,0,0,0,0,0,0,0,1,0,0,0,0,1,0,0,0,1,0,0,0,0,0
kofamscan/ko_tables/proline/MMETSP0030_clean.csv,1,0,0,0,0,0,0,0,0,1,0,0,0,0,1,0,1,0,1,0,0,0,0,0
kofamscan/ko_tables/proline/MMETSP0886_clean.csv,1,0,0,0,0,0,0,0,0,1,0,0,0,0,0,0,0,0,0,0,0,0,0,0
kofamscan/ko_tables/proline/MMETSP0735_clean.csv,1,0,0,1,0,0,0,0,0,1,0,0,0,0,1,0,1,0,0,0,0,0,0,0
kofamscan/ko_tables/proline/MMETSP1423_clean.csv,1,0,0,1,0,0,0,0,0,1,0,0,0,0,1,0,1,0,1,0,0,0,0,0
kofamscan/ko_tables/proline/MMETSP1356_clean.csv,1,0,0,1,0,0,0,0,0,1,0,0,0,0,1,0,0,0,1,0,0,0,0,0
kofamscan/ko_tables/proline/MMETSP1451_clean.csv,0,0,0,1,0,0,0,0,0,1,0,0,0,0,1,0,0,0,1,0,0,0,0,0
kofamscan/ko_tables/proline/MMETSP1334_clean.csv,1,0,0,1,0,0,0,0,0,1,0,0,0,0,1,0,1,0,1,0,0,0,0,0
kofamscan/ko_tables/proline/MMETSP1327_clean.csv,1,0,0,0,0,1,0,0,0,1,0,0,0,0,0,0,0,0,0,0,0,0,0,1
kofamscan/ko_tables/proline/MMETSP1116_clean.csv,1,0,0,0,0,0,0,0,0,1,0,0,0,0,1,0,1,0,1,0,0,0,0,0
kofamscan/ko_tables/proline/MMETSP0313_clean.csv,1,0,0,0,0,0,0,0,0,1,0,0,0,0,1,0,0,0,1,0,0,0,0,0
kofamscan/ko_tables/proline/MMETSP0580_clean.csv,1,0,0,1,0,0,0,0,0,1,0,0,0,0,1,0,0,0,0,0,0,0,0,0
kofamscan/ko_tables/proline/MMETSP0315_clean.csv,0,0,0,0,0,0,0,0,0,1,0,0,0,0,1,0,0,0,1,0,0,0,0,0
kofamscan/ko_tables/proline/MMETSP0958_clean.csv,1,0,0,1,0,0,0,0,0,1,0,0,0,0,1,0,0,0,1,0,0,0,0,0
kofamscan/ko_tables/proline/MMETSP0915_clean.csv,1,0,0,1,0,0,0,0,0,1,0,0,0,0,1,0,1,0,1,0,0,0,0,0
kofamscan/ko_tables/proline/MMETSP1167_clean.csv,1,0,0,0,0,0,0,0,0,1,0,0,0,0,1,0,0,0,1,0,0,0,0,0
kofamscan/ko_tables/proline/MMETSP1468_clean.csv,1,0,0,0,0,1,0,0,0,1,0,0,0,0,1,0,0,0,0,0,0,0,0,1
kofamscan/ko_tables/proline/MMETSP0806_clean.csv,1,0,0,0,0,0,0,0,0,1,0,0,0,0,1,0,1,0,0,0,0,0,0,1
kofamscan/ko_tables/proline/MMETSP0903_clean.csv,1,0,0,1,0,0,0,0,0,1,0,0,0,0,1,0,1,0,1,1,0,0,0,0
kofamscan/ko_tables/proline/MMETSP1391_clean.csv,1,0,0,0,0,0,0,0,0,1,0,0,0,0,1,0,0,0,1,0,0,0,0,0
kofamscan/ko_tables/proline/MMETSP1142_clean.csv,1,0,0,0,0,0,0,0,0,1,0,0,0,0,1,0,1,0,1,0,0,0,0,0
kofamscan/ko_tables/proline/MMETSP0369_clean.csv,1,0,0,1,0,0,0,0,0,1,0,0,0,0,1,0,1,0,1,0,0,0,0,0
kofamscan/ko_tables/proline/MMETSP0414_clean.csv,1,0,0,1,0,1,0,0,0,1,0,0,0,0,1,0,0,0,0,0,0,0,0,0
kofamscan/ko_tables/proline/MMETSP1138_clean.csv,1,0,0,1,0,0,0,0,0,1,0,0,0,0,1,0,1,0,1,0,0,0,0,0
kofamscan/ko_tables/proline/MMETSP0707_clean.csv,1,0,0,0,0,0,0,0,0,1,0,0,0,0,1,0,1,0,1,0,0,0,0,0
kofamscan/ko_tables/proline/MMETSP0314_clean.csv,0,0,0,0,0,0,0,0,0,1,0,0,0,0,1,0,0,0,1,0,0,0,0,0
kofamscan/ko_tables/proline/MMETSP1410_clean.csv,1,0,0,1,0,0,0,0,0,1,0,0,0,0,1,0,1,0,1,0,0,0,0,0
kofamscan/ko_tables/proline/MMETSP0152_clean.csv,1,0,0,0,0,0,0,0,0,1,0,0,0,0,1,0,1,0,0,0,0,0,0,0
kofamscan/ko_tables/proline/MMETSP0321_clean.csv,1,0,0,1,0,0,0,0,0,1,0,1,1,0,1,0,0,0,1,0,0,0,0,0
kofamscan/ko_tables/proline/MMETSP0201_clean.csv,1,0,0,0,0,0,0,0,0,1,0,0,0,0,1,0,1,0,1,0,0,0,0,0
kofamscan/ko_tables/proline/MMETSP0882_clean.csv,1,0,0,0,0,0,0,0,0,1,0,0,0,0,1,0,1,0,0,0,0,0,0,0
kofamscan/ko_tables/proline/MMETSP1456_clean.csv,1,0,0,0,0,0,0,0,0,1,0,0,0,0,1,0,0,0,0,0,0,0,0,0
kofamscan/ko_tables/proline/MMETSP0503_clean.csv,1,0,0,0,0,0,0,0,0,1,0,0,0,0,1,0,1,0,1,0,0,0,0,0
kofamscan/ko_tables/proline/MMETSP0158_clean.csv,1,0,0,0,0,0,0,0,0,1,0,0,0,0,1,0,1,0,1,0,0,0,0,0
kofamscan/ko_tables/proline/MMETSP0463_clean.csv,0,0,0,1,0,0,0,0,0,0,0,0,0,0,0,0,0,0,0,0,0,0,0,0
kofamscan/ko_tables/proline/MMETSP0804_clean.csv,1,0,0,0,0,1,0,0,0,1,0,0,0,0,1,0,0,0,1,0,0,0,0,0
kofamscan/ko_tables/proline/MMETSP1424_clean.csv,1,0,0,1,0,0,0,0,0,1,0,0,0,0,1,0,0,0,0,0,0,0,0,0
kofamscan/ko_tables/proline/MMETSP0325_clean.csv,1,0,0,1,0,0,0,0,0,1,0,0,0,0,1,0,0,0,1,0,0,0,0,0
kofamscan/ko_tables/proline/MMETSP1009_clean.csv,1,0,0,1,0,0,0,0,0,1,0,0,0,0,0,0,0,0,1,0,0,0,0,0
kofamscan/ko_tables/proline/MMETSP1094_clean.csv,1,0,0,0,0,0,0,0,0,1,0,0,0,0,1,0,1,0,1,0,0,0,0,0
kofamscan/ko_tables/proline/MMETSP0370_clean.csv,1,0,0,1,0,0,0,0,0,1,0,0,0,0,1,0,1,0,1,0,0,0,0,0
kofamscan/ko_tables/proline/MMETSP0405_clean.csv,1,0,0,1,0,0,0,0,0,1,0,0,0,0,0,0,1,0,0,0,0,0,0,0
kofamscan/ko_tables/proline/MMETSP0009_clean.csv,1,0,0,0,0,0,0,0,0,1,0,0,0,0,1,0,0,0,1,0,0,0,0,0
kofamscan/ko_tables/proline/MMETSP1034_clean.csv,1,0,0,0,0,0,0,0,0,1,0,0,0,0,1,0,0,0,1,0,0,0,0,0
kofamscan/ko_tables/proline/MMETSP0448_clean.csv,1,0,0,0,0,0,0,0,0,1,0,0,0,0,1,0,1,0,1,0,0,0,0,0
kofamscan/ko_tables/proline/MMETSP0982_clean.csv,1,0,0,1,0,0,0,0,0,1,0,0,0,0,1,0,1,0,0,0,0,0,0,1
kofamscan/ko_tables/proline/MMETSP0758_clean.csv,0,0,0,0,0,0,0,0,0,1,0,0,0,0,0,0,0,0,1,0,0,0,0,0
kofamscan/ko_tables/proline/MMETSP1084_clean.csv,1,0,0,1,0,0,0,0,0,1,0,0,0,0,0,0,0,0,0,0,0,0,0,1
kofamscan/ko_tables/proline/MMETSP1339_clean.csv,1,0,0,0,0,0,0,0,0,1,0,0,0,0,1,0,0,0,0,0,0,0,0,0
kofamscan/ko_tables/proline/MMETSP0164_clean.csv,1,0,0,1,0,0,0,0,0,1,0,0,0,0,1,0,1,0,1,0,0,0,0,0
kofamscan/ko_tables/proline/MMETSP0740_clean.csv,1,0,0,0,0,0,0,0,0,1,0,0,0,0,1,0,1,0,1,0,0,0,0,0
kofamscan/ko_tables/proline/MMETSP0268_clean.csv,1,0,0,0,0,0,0,0,0,1,0,0,0,0,1,0,0,0,1,0,0,0,0,0
kofamscan/ko_tables/proline/MMETSP1309_clean.csv,0,0,0,0,0,0,0,0,0,1,0,0,0,0,1,0,0,0,0,0,0,0,0,0
kofamscan/ko_tables/proline/MMETSP0287_clean.csv,1,0,0,1,0,0,0,0,0,1,0,0,0,0,1,0,1,0,1,0,0,0,0,0
kofamscan/ko_tables/proline/MMETSP0884_clean.csv,1,0,0,1,0,0,0,0,0,1,0,0,0,0,1,0,1,0,0,0,0,0,0,0
kofamscan/ko_tables/proline/MMETSP1163_clean.csv,1,0,0,0,0,0,0,0,0,1,0,0,0,0,1,0,1,0,1,0,0,0,0,0
kofamscan/ko_tables/proline/MMETSP0997_clean.csv,1,0,0,1,0,0,0,0,0,1,0,0,0,0,1,0,1,0,0,0,0,0,0,0
kofamscan/ko_tables/proline/MMETSP1136_clean.csv,1,0,0,1,0,0,0,0,0,1,0,0,0,0,1,0,1,0,1,0,0,0,0,0
kofamscan/ko_tables/proline/MMETSP0384_clean.csv,1,0,0,0,0,0,0,0,0,1,0,0,0,0,1,0,1,0,1,0,0,0,0,0
kofamscan/ko_tables/proline/MMETSP0989_clean.csv,1,0,0,1,0,0,0,0,0,1,0,0,0,0,1,0,1,0,1,0,0,0,0,0
kofamscan/ko_tables/proline/MMETSP0191_clean.csv,1,0,0,0,0,0,0,0,0,0,0,0,0,0,1,0,0,0,0,0,0,0,0,0
kofamscan/ko_tables/proline/MMETSP0043_clean.csv,1,0,0,1,0,0,0,0,0,1,0,0,0,0,1,0,0,0,1,0,0,0,0,0
kofamscan/ko_tables/proline/MMETSP1124_clean.csv,1,0,0,0,0,0,0,0,0,1,0,0,0,0,1,0,1,0,1,0,0,0,0,0
kofamscan/ko_tables/proline/MMETSP1311_clean.csv,1,0,0,0,0,0,0,0,0,0,0,0,0,0,0,0,0,0,1,0,0,0,0,0
kofamscan/ko_tables/proline/MMETSP0319_clean.csv,1,0,0,0,0,0,0,0,0,1,0,0,0,0,1,0,1,0,1,0,0,0,0,0
kofamscan/ko_tables/proline/MMETSP0045_clean.csv,1,0,0,1,0,0,0,0,0,1,0,0,0,0,1,0,0,0,1,0,0,0,0,0
kofamscan/ko_tables/proline/MMETSP1166_clean.csv,1,0,0,1,0,0,0,0,0,1,0,0,0,0,1,0,1,0,0,0,0,0,0,1
kofamscan/ko_tables/proline/MMETSP1440_clean.csv,1,0,0,1,0,0,0,0,0,1,0,0,0,0,1,0,1,0,1,0,0,0,0,0
kofamscan/ko_tables/proline/MMETSP1071_clean.csv,1,0,0,1,0,0,0,0,0,1,0,0,0,0,1,0,1,0,0,0,0,0,0,0
kofamscan/ko_tables/proline/MMETSP0850_clean.csv,1,0,0,1,0,0,0,0,0,1,0,0,0,0,1,0,0,0,1,0,0,0,0,0
kofamscan/ko_tables/proline/MMETSP0113_clean.csv,1,0,0,1,0,0,0,0,0,1,0,0,0,0,1,0,0,0,1,0,0,0,0,0
kofamscan/ko_tables/proline/MMETSP1180_clean.csv,1,0,0,0,0,0,0,0,0,1,0,0,0,0,1,0,0,0,1,0,0,0,0,0
kofamscan/ko_tables/proline/MMETSP0103_clean.csv,1,0,0,1,0,0,0,0,0,1,0,0,0,0,1,0,0,0,1,0,0,0,0,0
kofamscan/ko_tables/proline/MMETSP0126_clean.csv,0,0,0,1,0,0,0,0,0,1,0,0,0,0,0,0,0,0,0,0,0,0,0,0
kofamscan/ko_tables/proline/MMETSP1354_clean.csv,0,0,0,0,0,0,0,0,0,1,0,0,0,0,0,0,0,0,0,0,0,0,0,0
kofamscan/ko_tables/proline/MMETSP0468_clean.csv,1,0,0,1,0,0,0,0,0,1,0,0,0,0,1,0,0,0,1,0,0,0,0,0
kofamscan/ko_tables/proline/MMETSP0954_clean.csv,1,0,0,0,0,0,0,0,0,1,0,0,0,0,1,0,0,0,1,0,0,0,0,0
kofamscan/ko_tables/proline/MMETSP1054_clean.csv,1,0,0,1,0,0,0,0,0,1,0,0,0,0,1,0,1,0,1,0,0,0,0,0
kofamscan/ko_tables/proline/MMETSP0397_clean.csv,1,0,0,0,0,0,0,0,0,1,0,0,0,0,1,0,1,0,1,0,0,0,0,0
kofamscan/ko_tables/proline/MMETSP1122_clean.csv,1,0,0,0,0,0,0,0,0,1,0,0,0,0,1,0,1,0,1,0,0,0,0,0
kofamscan/ko_tables/proline/MMETSP1320_clean.csv,1,0,0,0,0,0,0,0,0,1,0,0,0,0,1,0,1,0,1,0,0,0,0,0
kofamscan/ko_tables/proline/MMETSP1081_clean.csv,1,0,0,0,0,0,0,0,0,1,0,0,0,0,1,0,1,0,0,0,0,0,0,0
kofamscan/ko_tables/proline/MMETSP0206_clean.csv,0,0,0,0,0,0,0,0,0,1,0,0,0,0,1,0,0,0,1,0,0,0,0,0
kofamscan/ko_tables/proline/MMETSP0039_clean.csv,1,0,0,1,0,0,0,0,0,1,0,0,0,0,1,0,0,0,1,0,0,0,0,0
kofamscan/ko_tables/proline/MMETSP0815_clean.csv,1,0,0,1,0,0,0,0,0,1,0,1,1,0,1,0,1,0,1,0,0,0,0,0
kofamscan/ko_tables/proline/MMETSP0040_clean.csv,1,0,0,0,0,0,0,0,0,0,0,0,0,0,1,0,0,0,1,0,0,0,0,0
kofamscan/ko_tables/proline/MMETSP0359_clean.csv,1,0,0,1,0,0,0,0,0,1,0,0,0,0,1,0,1,0,1,0,0,0,0,0
kofamscan/ko_tables/proline/MMETSP0784_clean.csv,1,0,0,0,0,0,0,0,0,1,0,0,0,0,1,0,1,0,1,0,0,0,0,0
kofamscan/ko_tables/proline/MMETSP0223_clean.csv,0,0,0,0,0,0,0,0,0,0,0,0,0,0,0,0,0,0,0,0,0,0,0,0
kofamscan/ko_tables/proline/MMETSP1386_clean.csv,1,0,0,1,0,1,0,0,0,1,0,0,0,0,0,0,0,0,0,0,0,0,1,1
kofamscan/ko_tables/proline/MMETSP0785_clean.csv,1,0,0,1,0,0,0,0,0,1,0,0,0,0,1,0,1,0,1,0,0,0,0,0
kofamscan/ko_tables/proline/MMETSP0892_clean.csv,1,0,0,0,0,0,0,0,0,1,0,0,0,0,1,0,1,0,0,0,0,0,0,0
kofamscan/ko_tables/proline/MMETSP1393_clean.csv,1,0,0,1,0,0,0,0,0,1,0,0,0,0,1,0,0,0,0,0,0,0,0,0
kofamscan/ko_tables/proline/MMETSP0945_clean.csv,1,0,0,0,0,0,0,0,0,1,0,0,0,0,1,0,0,0,0,0,0,0,0,0
kofamscan/ko_tables/proline/MMETSP1075_clean.csv,1,0,0,1,0,0,0,0,0,1,0,0,0,0,1,0,1,0,1,0,0,0,0,0
kofamscan/ko_tables/proline/MMETSP1131_clean.csv,1,0,0,0,0,0,0,0,0,0,0,0,0,0,0,0,0,0,0,0,0,0,0,0
kofamscan/ko_tables/proline/MMETSP0327_clean.csv,1,0,0,1,0,0,0,0,0,1,0,0,0,0,1,0,0,0,1,0,0,0,0,0
kofamscan/ko_tables/proline/MMETSP1325_clean.csv,0,0,0,0,0,0,0,0,0,1,0,0,0,0,0,0,0,0,0,0,0,0,0,0
kofamscan/ko_tables/proline/MMETSP1428_clean.csv,1,0,0,0,0,0,0,0,0,1,0,0,0,0,1,0,1,0,0,0,0,0,0,0
kofamscan/ko_tables/proline/MMETSP0225_clean.csv,0,0,0,0,0,0,0,0,0,0,0,0,0,0,0,0,0,0,0,0,0,0,0,0
kofamscan/ko_tables/proline/MMETSP0329_clean.csv,1,0,0,1,0,0,0,0,0,1,0,0,0,0,1,0,0,0,0,0,0,0,0,0
kofamscan/ko_tables/proline/MMETSP1162_clean.csv,1,0,0,0,0,0,0,0,0,1,0,0,0,0,1,0,1,0,0,0,0,0,0,0
kofamscan/ko_tables/proline/MMETSP0739_clean.csv,1,0,0,1,0,0,0,0,0,1,0,0,0,0,1,0,0,0,1,0,0,0,0,0
kofamscan/ko_tables/proline/MMETSP0416_clean.csv,1,0,0,0,0,0,0,0,0,1,0,0,0,0,1,0,0,0,0,0,0,0,0,0
kofamscan/ko_tables/proline/MMETSP1347_clean.csv,1,0,0,0,0,0,0,0,0,1,0,0,0,0,1,0,0,0,1,0,0,0,0,0
kofamscan/ko_tables/proline/MMETSP0205_clean.csv,0,0,0,0,0,0,0,0,0,0,0,0,0,0,0,0,0,0,1,0,0,0,0,0
kofamscan/ko_tables/proline/MMETSP1414_clean.csv,1,0,0,1,0,0,0,0,0,1,0,0,0,0,1,0,1,0,1,0,0,0,0,0
kofamscan/ko_tables/proline/MMETSP0888_clean.csv,1,0,0,1,0,0,0,0,0,1,0,0,0,0,1,0,1,0,0,0,0,0,0,0
kofamscan/ko_tables/proline/MMETSP0052_clean.csv,1,0,0,0,0,0,0,0,0,1,0,0,0,0,1,0,0,0,0,0,0,0,0,0
kofamscan/ko_tables/proline/MMETSP0018_clean.csv,0,0,0,0,0,0,0,0,0,0,0,0,0,0,0,0,0,0,0,0,0,0,0,0
kofamscan/ko_tables/proline/MMETSP0008_clean.csv,1,0,0,1,0,0,0,0,0,1,0,1,1,0,1,0,1,0,1,0,0,0,0,0
kofamscan/ko_tables/proline/MMETSP1346_clean.csv,1,0,0,0,0,0,0,0,0,1,0,0,0,0,1,0,0,0,1,0,0,0,0,0
kofamscan/ko_tables/proline/MMETSP0233_clean.csv,0,0,0,0,0,0,0,0,0,1,0,0,0,0,1,0,0,0,0,0,0,0,0,0
kofamscan/ko_tables/proline/MMETSP0118_clean.csv,1,0,0,1,0,0,0,0,0,1,0,0,0,0,1,0,0,0,1,0,0,0,0,0
kofamscan/ko_tables/proline/MMETSP1141_clean.csv,1,0,0,1,0,0,0,0,0,1,0,1,1,0,1,0,1,0,1,0,0,0,0,0
kofamscan/ko_tables/proline/MMETSP0208_clean.csv,0,0,0,1,0,0,0,0,0,1,0,0,0,0,1,0,0,0,0,0,0,0,0,0
kofamscan/ko_tables/proline/MMETSP0883_clean.csv,1,0,0,1,0,0,0,0,0,1,0,0,0,0,1,0,1,0,0,0,0,0,0,0
kofamscan/ko_tables/proline/MMETSP0918_clean.csv,1,0,0,0,0,0,0,0,0,1,0,0,0,0,1,0,1,0,0,0,0,0,0,0
kofamscan/ko_tables/proline/MMETSP1015_clean.csv,1,0,0,1,0,0,0,0,0,1,0,0,0,0,1,0,1,0,1,0,0,0,0,0
kofamscan/ko_tables/proline/MMETSP0147_clean.csv,1,0,0,1,0,0,1,0,0,1,0,0,0,0,1,0,0,0,1,0,0,0,0,0
kofamscan/ko_tables/proline/MMETSP0959_clean.csv,1,0,0,1,0,0,0,0,0,1,0,0,0,0,1,0,0,0,1,0,0,0,0,0
kofamscan/ko_tables/proline/MMETSP1067_clean.csv,1,0,0,0,0,0,0,0,0,1,0,0,0,0,1,0,1,0,0,0,0,0,0,0
kofamscan/ko_tables/proline/MMETSP1091_clean.csv,1,0,0,1,0,0,0,0,0,0,0,0,0,0,1,0,0,0,1,0,0,0,0,0
kofamscan/ko_tables/proline/MMETSP0013_clean.csv,1,0,0,0,0,0,0,0,0,1,0,0,0,0,1,0,1,0,1,0,0,0,0,0
kofamscan/ko_tables/proline/MMETSP1385_clean.csv,1,0,0,1,0,0,0,0,0,1,0,0,0,0,1,0,0,0,1,0,0,0,0,0
kofamscan/ko_tables/proline/MMETSP0253_clean.csv,1,0,0,1,0,0,0,0,0,1,0,0,0,0,1,0,0,0,1,0,0,0,0,0
kofamscan/ko_tables/proline/MMETSP1139_clean.csv,1,0,0,1,0,0,0,0,0,1,0,0,0,0,1,0,1,0,0,0,0,0,0,0
kofamscan/ko_tables/proline/MMETSP1348_clean.csv,1,0,0,0,0,0,0,0,0,1,0,0,0,0,1,0,0,0,1,0,0,0,0,0
kofamscan/ko_tables/proline/MMETSP0995_clean.csv,1,0,0,1,0,0,0,0,0,1,0,0,0,0,1,0,1,0,0,0,0,0,0,0
kofamscan/ko_tables/proline/MMETSP0420_clean.csv,1,0,0,1,0,0,0,0,0,1,0,0,0,0,0,0,1,0,0,0,0,0,0,0
kofamscan/ko_tables/proline/MMETSP0324_clean.csv,1,0,0,1,0,0,0,0,0,1,0,0,0,0,1,0,0,0,1,0,0,0,0,0
kofamscan/ko_tables/proline/MMETSP1318_clean.csv,1,0,0,1,0,0,0,0,0,1,0,0,0,0,1,0,0,0,1,0,0,0,0,0
kofamscan/ko_tables/proline/MMETSP1453_clean.csv,1,0,0,0,0,0,0,0,0,1,0,0,0,0,0,0,0,0,1,0,0,0,0,0
kofamscan/ko_tables/proline/MMETSP1037_clean.csv,1,0,0,1,0,0,0,0,0,1,0,0,0,0,1,0,1,0,1,0,0,0,0,0
kofamscan/ko_tables/proline/MMETSP1085_clean.csv,1,0,0,0,0,0,0,0,0,1,0,0,0,0,1,0,0,0,0,0,0,0,0,0
kofamscan/ko_tables/proline/MMETSP0119_clean.csv,1,0,0,1,0,0,0,0,0,1,0,0,0,0,1,0,0,0,1,0,0,0,0,0
kofamscan/ko_tables/proline/MMETSP1060_clean.csv,1,0,0,1,0,0,0,0,0,1,0,0,0,0,1,0,0,0,1,0,0,0,0,0
kofamscan/ko_tables/proline/MMETSP0447_clean.csv,1,0,0,1,0,0,0,0,0,1,0,0,0,0,1,0,1,0,1,1,0,0,0,0
kofamscan/ko_tables/proline/MMETSP0906_clean.csv,1,0,0,0,0,0,0,0,0,1,0,0,0,0,1,0,1,0,1,0,0,0,0,0
kofamscan/ko_tables/proline/MMETSP0937_clean.csv,1,0,0,0,0,0,0,0,0,1,0,0,0,0,1,0,0,0,0,0,0,0,0,0
kofamscan/ko_tables/proline/MMETSP0146_clean.csv,1,0,0,1,0,0,1,0,0,1,0,0,0,0,1,0,0,0,1,0,0,0,0,0
kofamscan/ko_tables/proline/MMETSP0367_clean.csv,1,0,0,1,0,0,0,0,0,1,0,0,0,0,1,0,1,0,1,0,0,0,0,0
kofamscan/ko_tables/proline/MMETSP0885_clean.csv,1,0,0,1,0,0,0,0,0,1,0,0,0,0,1,0,1,0,0,0,0,0,0,0
kofamscan/ko_tables/proline/MMETSP1358_clean.csv,1,0,0,0,0,0,0,0,0,1,0,0,0,0,1,0,1,0,1,0,0,0,0,0
kofamscan/ko_tables/proline/MMETSP0745_clean.csv,1,0,0,1,0,0,0,0,0,1,0,0,0,0,1,0,0,0,1,0,0,0,0,0
kofamscan/ko_tables/proline/MMETSP0975_clean.csv,1,0,0,1,0,0,0,0,0,1,0,0,0,0,1,0,1,0,1,0,0,0,0,0
kofamscan/ko_tables/proline/MMETSP0754_clean.csv,1,0,0,1,0,0,0,0,0,1,0,0,0,0,1,0,0,0,1,0,0,0,0,0
kofamscan/ko_tables/proline/MMETSP0224_clean.csv,1,0,0,1,0,0,0,0,0,1,0,0,0,0,1,0,1,0,1,0,0,0,0,0
kofamscan/ko_tables/proline/MMETSP0965_clean.csv,1,0,0,0,0,0,0,0,0,1,0,0,0,0,1,0,0,0,1,0,0,0,0,0
kofamscan/ko_tables/proline/MMETSP0186_clean.csv,0,0,0,0,0,0,0,0,0,0,0,0,0,0,0,0,0,0,0,0,0,0,0,0
kofamscan/ko_tables/proline/MMETSP1470_clean.csv,1,0,0,1,0,0,0,0,0,1,0,0,0,0,1,0,1,0,1,0,0,0,0,0
kofamscan/ko_tables/proline/MMETSP0913_clean.csv,1,0,0,1,0,0,0,0,0,1,0,0,0,0,1,0,1,0,1,0,0,0,0,0
kofamscan/ko_tables/proline/MMETSP0437_clean.csv,1,0,0,1,0,0,0,0,0,1,0,0,0,0,0,0,0,0,1,0,0,0,0,0
kofamscan/ko_tables/proline/MMETSP0102_clean.csv,1,0,0,1,0,0,0,0,0,0,0,1,1,0,0,0,1,0,0,0,0,0,0,0
kofamscan/ko_tables/proline/MMETSP1103_clean.csv,1,0,0,1,0,0,0,0,0,1,0,0,0,0,1,0,1,0,1,0,0,0,0,0
kofamscan/ko_tables/proline/MMETSP0689_clean.csv,1,0,0,1,0,0,0,0,0,1,0,0,0,0,1,0,0,0,1,0,0,0,0,0
kofamscan/ko_tables/proline/MMETSP0436_clean.csv,0,0,0,0,0,0,0,0,0,1,0,0,0,0,0,0,0,0,0,0,0,0,0,0
kofamscan/ko_tables/proline/MMETSP0055_clean.csv,1,0,0,0,0,0,0,0,0,1,0,0,0,0,1,0,1,0,1,0,0,0,0,0
kofamscan/ko_tables/proline/MMETSP1126_clean.csv,1,0,0,0,0,0,0,0,0,1,0,0,0,0,1,0,0,0,0,0,0,0,0,0
kofamscan/ko_tables/proline/MMETSP0992_clean.csv,1,0,0,0,0,0,0,0,0,1,0,0,0,0,0,0,1,0,1,0,0,0,0,0
kofamscan/ko_tables/proline/MMETSP0451_clean.csv,0,0,0,0,0,0,0,0,0,0,0,0,0,0,0,0,0,0,0,0,0,0,0,0
kofamscan/ko_tables/proline/MMETSP0996_clean.csv,1,0,0,1,0,0,0,0,0,1,0,0,0,0,1,0,1,0,0,0,0,0,0,0
kofamscan/ko_tables/proline/MMETSP1460_clean.csv,1,0,0,0,0,0,0,0,0,1,0,0,0,0,0,0,0,0,0,0,0,0,0,0
kofamscan/ko_tables/proline/MMETSP0853_clean.csv,1,0,0,1,0,0,0,0,0,1,0,0,0,0,1,0,0,0,1,0,0,0,0,0
kofamscan/ko_tables/proline/MMETSP0296_clean.csv,1,0,0,0,0,0,0,0,0,1,0,0,0,0,1,0,0,0,0,0,0,0,0,0
kofamscan/ko_tables/proline/MMETSP0977_clean.csv,1,0,0,1,0,0,0,0,0,1,0,0,0,0,1,0,1,0,1,0,0,0,0,0
kofamscan/ko_tables/proline/MMETSP0809_clean.csv,0,0,0,0,0,0,0,0,0,1,1,0,0,0,1,0,0,0,1,0,0,0,0,0
kofamscan/ko_tables/proline/MMETSP0851_clean.csv,1,0,0,1,0,0,0,0,0,1,0,0,0,0,1,0,0,0,1,0,0,0,0,0
kofamscan/ko_tables/proline/MMETSP1317_clean.csv,0,0,0,0,0,0,0,0,0,0,0,0,1,0,1,0,0,0,0,0,0,0,0,0
kofamscan/ko_tables/proline/MMETSP0034_clean.csv,1,0,0,0,0,0,0,0,0,1,0,0,0,0,1,0,1,0,1,0,0,0,0,0
kofamscan/ko_tables/proline/MMETSP1001_clean.csv,1,0,0,1,0,0,0,0,0,1,0,0,0,0,1,0,1,0,1,0,0,0,0,0
kofamscan/ko_tables/proline/MMETSP0649_clean.csv,1,0,0,0,0,0,0,0,0,1,0,0,0,0,1,0,1,0,1,0,0,0,0,0
kofamscan/ko_tables/proline/MMETSP0269_clean.csv,1,0,0,0,0,0,0,0,0,1,0,0,0,0,1,0,0,0,1,0,0,0,0,0
kofamscan/ko_tables/proline/MMETSP0168_clean.csv,1,0,0,1,0,0,0,0,0,1,0,0,0,0,1,0,1,0,1,0,0,0,0,0
kofamscan/ko_tables/proline/MMETSP1392_clean.csv,1,0,0,0,0,0,0,0,0,1,0,0,0,0,1,0,0,0,1,0,0,0,0,0
kofamscan/ko_tables/proline/MMETSP0361_clean.csv,1,0,0,1,0,0,0,0,0,1,0,0,0,0,1,0,1,0,1,0,0,0,0,0
kofamscan/ko_tables/proline/MMETSP1008_clean.csv,1,0,0,1,0,0,0,0,0,1,0,0,0,0,1,0,1,0,0,0,0,0,0,0
kofamscan/ko_tables/proline/MMETSP0494_clean.csv,1,0,0,1,0,0,0,0,0,1,0,0,0,0,1,0,1,0,1,0,0,0,0,0
kofamscan/ko_tables/proline/MMETSP0563_clean.csv,1,0,0,0,0,0,0,0,0,1,0,0,0,0,1,0,0,0,1,0,0,0,0,0
kofamscan/ko_tables/proline/MMETSP1344_clean.csv,1,0,0,1,0,0,0,0,0,1,0,0,0,0,1,0,1,0,1,0,0,0,0,0
kofamscan/ko_tables/proline/MMETSP0917_clean.csv,1,0,0,1,0,0,0,0,0,1,0,0,0,0,1,0,1,0,1,0,0,0,0,0
kofamscan/ko_tables/proline/MMETSP1017_clean.csv,1,0,0,1,0,0,0,0,0,1,0,0,0,0,1,0,1,0,1,0,0,0,0,0
kofamscan/ko_tables/proline/MMETSP0902_clean.csv,1,0,0,1,0,0,0,0,0,1,0,0,0,0,1,0,1,0,1,0,0,0,0,0
kofamscan/ko_tables/proline/MMETSP0933_clean.csv,1,0,0,0,0,0,0,0,0,1,0,0,0,0,1,0,0,0,0,0,0,0,0,0
kofamscan/ko_tables/proline/MMETSP0290_clean.csv,0,0,0,1,0,0,0,0,0,1,0,0,0,0,1,0,0,0,1,0,0,0,0,0
kofamscan/ko_tables/proline/MMETSP1475_clean.csv,0,0,0,0,0,0,0,0,0,1,0,0,0,0,1,0,0,0,1,0,0,0,0,0
kofamscan/ko_tables/proline/MMETSP0042_clean.csv,1,0,0,1,0,0,0,0,0,1,0,1,1,0,1,0,0,0,1,0,0,0,0,0
kofamscan/ko_tables/proline/MMETSP0604_clean.csv,1,0,0,0,0,0,0,0,0,1,0,0,0,0,1,0,0,0,1,0,0,0,0,0
kofamscan/ko_tables/proline/MMETSP0292_clean.csv,1,0,0,0,0,0,0,0,0,1,0,0,0,0,1,0,1,0,0,0,0,0,0,1
kofamscan/ko_tables/proline/MMETSP0017_clean.csv,1,0,0,1,0,0,0,0,0,1,0,0,0,0,1,0,0,0,1,0,0,0,0,0
kofamscan/ko_tables/proline/MMETSP0961_clean.csv,1,0,0,1,0,0,0,0,0,1,0,0,0,0,1,0,0,0,1,0,0,0,0,0
kofamscan/ko_tables/proline/MMETSP0213_clean.csv,0,0,0,0,0,0,0,0,0,1,0,0,0,0,0,0,0,0,0,0,0,0,0,0
kofamscan/ko_tables/proline/MMETSP0005_clean.csv,1,0,0,1,0,0,0,0,0,1,0,0,0,0,1,0,1,0,1,0,0,0,0,0
kofamscan/ko_tables/proline/MMETSP1082_clean.csv,1,0,0,1,0,0,0,0,0,1,0,0,0,0,1,0,0,0,0,0,0,0,0,1
kofamscan/ko_tables/proline/MMETSP1110_clean.csv,1,0,0,0,0,0,0,0,0,1,0,0,0,0,1,0,1,0,1,0,0,0,0,0
kofamscan/ko_tables/proline/MMETSP0154_clean.csv,1,0,0,0,0,0,0,0,0,1,0,0,0,0,1,0,1,0,0,0,0,0,0,0
kofamscan/ko_tables/proline/MMETSP0713_clean.csv,1,0,0,0,0,0,0,0,0,1,0,0,0,0,1,0,1,0,0,0,0,0,0,0
kofamscan/ko_tables/proline/MMETSP1036_clean.csv,0,0,0,1,0,0,0,0,0,1,0,0,0,0,1,0,1,0,1,0,0,0,0,0
kofamscan/ko_tables/proline/MMETSP1062_clean.csv,1,0,0,0,0,0,0,0,0,1,0,0,0,0,1,0,1,0,1,0,0,0,0,0
kofamscan/ko_tables/proline/MMETSP1467_clean.csv,1,0,0,1,0,0,0,0,0,1,0,0,0,0,1,0,0,0,0,0,0,0,0,1
kofamscan/ko_tables/proline/MMETSP1068_clean.csv,1,0,0,0,0,0,0,0,0,1,0,0,0,0,1,0,1,0,1,0,0,0,0,0
kofamscan/ko_tables/proline/MMETSP0890_clean.csv,1,0,0,1,0,0,0,0,0,1,0,0,0,0,1,0,1,0,0,0,0,0,0,0
kofamscan/ko_tables/proline/MMETSP1387_clean.csv,1,0,0,1,0,1,0,0,0,1,0,0,0,0,1,0,0,0,0,0,0,0,0,1
kofamscan/ko_tables/proline/MMETSP1355_clean.csv,1,0,0,1,0,0,0,0,0,1,0,0,0,0,1,0,0,0,1,0,0,0,0,0
kofamscan/ko_tables/proline/MMETSP1059_clean.csv,1,0,0,1,0,0,0,0,0,1,0,0,0,0,1,0,1,0,1,0,0,0,0,0
kofamscan/ko_tables/proline/MMETSP1438_clean.csv,1,0,0,0,0,0,0,0,0,1,0,0,0,0,1,0,0,0,1,0,0,0,0,0
kofamscan/ko_tables/proline/MMETSP1409_clean.csv,1,0,0,1,0,0,0,0,0,1,0,0,0,0,1,0,0,0,1,0,0,0,0,0
kofamscan/ko_tables/proline/MMETSP0786_clean.csv,1,0,0,1,0,0,0,0,0,1,0,0,0,0,1,0,1,0,1,0,0,0,0,0
kofamscan/ko_tables/proline/MMETSP0744_clean.csv,1,0,0,1,0,0,0,0,0,1,0,0,0,0,1,0,0,0,1,0,0,0,0,0
kofamscan/ko_tables/proline/MMETSP1132_clean.csv,1,0,0,1,0,0,0,0,0,1,0,0,0,0,1,0,0,0,1,0,0,0,0,0
kofamscan/ko_tables/proline/MMETSP1471_clean.csv,1,0,0,0,0,0,0,0,0,1,0,0,0,0,1,0,0,0,0,0,0,0,0,0
kofamscan/ko_tables/proline/MMETSP0493_clean.csv,1,0,0,1,0,0,0,0,0,1,0,0,0,0,1,0,1,0,1,0,0,0,0,0
kofamscan/ko_tables/proline/MMETSP0038_clean.csv,1,0,0,0,0,0,0,0,0,1,0,0,0,0,1,0,0,0,1,0,0,0,0,0
kofamscan/ko_tables/proline/MMETSP1086_clean.csv,0,0,0,0,0,0,0,0,0,1,0,0,0,0,0,0,1,0,1,0,0,0,0,0
kofamscan/ko_tables/proline/MMETSP1338_clean.csv,1,0,0,1,0,0,0,0,0,1,0,0,0,0,1,0,0,0,1,0,0,0,0,0
kofamscan/ko_tables/proline/MMETSP0819_clean.csv,1,0,0,0,0,0,0,0,0,1,0,0,0,0,1,0,1,0,1,0,0,0,0,0
kofamscan/ko_tables/proline/MMETSP1446_clean.csv,1,0,0,0,0,0,0,0,0,1,0,0,0,0,1,0,0,0,1,0,0,0,0,0
kofamscan/ko_tables/proline/MMETSP0947_clean.csv,1,0,0,0,0,0,0,0,0,0,0,0,0,0,1,0,1,0,0,0,0,0,0,1
kofamscan/ko_tables/proline/MMETSP0097_clean.csv,1,0,0,0,0,0,0,0,0,1,0,0,0,0,1,0,1,0,1,0,0,0,0,0
kofamscan/ko_tables/proline/MMETSP1444_clean.csv,1,0,0,1,0,0,0,0,0,1,0,0,0,0,1,0,1,0,0,0,0,0,0,0
kofamscan/ko_tables/proline/MMETSP1160_clean.csv,1,0,0,1,0,0,0,0,0,1,0,0,0,0,1,0,0,0,1,0,0,0,0,0
kofamscan/ko_tables/proline/MMETSP0929_clean.csv,1,0,0,0,0,0,0,0,0,1,0,0,0,0,1,0,0,0,0,0,0,0,0,0
kofamscan/ko_tables/proline/MMETSP0270_clean.csv,1,0,0,1,0,0,0,0,0,1,0,0,0,0,1,0,1,0,1,0,0,0,0,0
kofamscan/ko_tables/proline/MMETSP0964_clean.csv,1,0,0,1,0,0,0,0,0,1,0,0,0,0,1,0,0,0,0,0,0,0,0,0
kofamscan/ko_tables/proline/MMETSP1449_clean.csv,1,0,0,1,0,0,0,0,0,1,0,0,0,0,1,0,1,0,1,0,0,0,0,0
kofamscan/ko_tables/proline/MMETSP1039_clean.csv,1,0,0,0,0,0,0,0,0,1,0,0,0,0,1,0,1,0,1,0,0,0,0,0
kofamscan/ko_tables/proline/MMETSP0799_clean.csv,1,0,0,1,0,0,0,0,0,1,0,0,0,0,1,0,1,0,1,0,0,0,0,0
kofamscan/ko_tables/proline/MMETSP1322_clean.csv,1,0,0,1,0,0,0,0,0,1,0,0,0,0,1,0,1,0,1,0,0,0,0,0
kofamscan/ko_tables/proline/MMETSP0176_clean.csv,1,0,0,1,0,0,0,0,0,1,0,0,0,0,1,0,1,0,0,0,0,0,0,1
kofamscan/ko_tables/proline/MMETSP0800_clean.csv,1,0,0,1,0,0,0,0,0,1,0,0,0,0,1,0,0,0,0,0,0,0,0,0
kofamscan/ko_tables/proline/MMETSP0986_clean.csv,1,0,0,1,0,0,0,0,0,1,0,0,0,0,1,0,1,0,1,0,0,0,0,0
kofamscan/ko_tables/proline/MMETSP0470_clean.csv,1,0,0,1,0,0,0,0,0,1,0,0,0,0,1,0,0,0,1,0,0,0,0,0
kofamscan/ko_tables/proline/MMETSP0984_clean.csv,1,0,0,1,0,0,0,0,0,1,0,0,0,0,1,0,1,0,0,0,0,0,0,1
kofamscan/ko_tables/proline/MMETSP0880_clean.csv,1,0,0,1,0,0,0,0,0,1,0,0,0,0,1,0,1,0,1,0,0,0,0,0
kofamscan/ko_tables/proline/MMETSP0932_clean.csv,1,0,0,0,0,0,0,0,0,1,0,0,0,0,1,0,0,0,0,0,0,0,0,0
kofamscan/ko_tables/proline/MMETSP0794_clean.csv,1,0,0,1,0,0,0,0,0,1,0,1,1,0,1,0,0,0,1,0,0,0,0,0
kofamscan/ko_tables/proline/MMETSP0059_clean.csv,1,0,0,0,0,0,0,0,0,1,0,0,0,0,1,0,0,0,1,0,0,0,0,0
kofamscan/ko_tables/proline/MMETSP1114_clean.csv,1,0,0,1,0,0,0,0,0,1,0,0,0,0,1,0,0,0,1,0,0,0,0,0
kofamscan/ko_tables/proline/MMETSP1472_clean.csv,1,0,0,0,0,0,0,0,0,0,0,0,0,0,1,0,0,0,1,0,0,0,0,0
kofamscan/ko_tables/proline/MMETSP1154_clean.csv,1,0,0,1,0,0,0,0,0,1,0,0,0,0,1,0,1,0,1,0,0,0,0,0
kofamscan/ko_tables/proline/MMETSP1159_clean.csv,1,0,0,0,0,0,0,0,0,0,0,0,0,0,1,0,1,0,1,0,0,0,0,0
kofamscan/ko_tables/proline/MMETSP1005_clean.csv,1,0,0,1,0,0,0,0,0,1,0,0,0,0,1,0,1,0,1,0,0,0,0,0
kofamscan/ko_tables/proline/MMETSP1336_clean.csv,1,0,0,1,0,0,0,0,0,1,0,0,0,0,1,0,1,0,1,0,0,0,0,0
kofamscan/ko_tables/proline/MMETSP0104_clean.csv,1,0,0,1,0,0,0,0,0,1,0,0,0,0,0,0,1,0,1,0,0,0,0,0
kofamscan/ko_tables/proline/MMETSP1436_clean.csv,0,0,0,0,0,0,0,0,0,1,0,0,0,0,0,0,0,0,0,0,0,0,0,0
kofamscan/ko_tables/proline/MMETSP1090_clean.csv,1,0,0,1,0,0,0,0,0,1,0,0,0,0,1,0,1,0,0,0,0,0,0,0
kofamscan/ko_tables/proline/MMETSP0198_clean.csv,1,0,0,1,0,0,0,0,0,0,0,0,0,0,1,0,0,0,1,0,0,0,0,0
kofamscan/ko_tables/proline/MMETSP0210_clean.csv,0,0,0,0,0,0,0,0,0,0,0,0,0,0,0,0,0,0,0,0,0,0,0,0
kofamscan/ko_tables/proline/MMETSP1150_clean.csv,1,0,0,1,0,0,0,0,0,1,0,0,0,0,1,0,1,0,1,0,0,0,0,0
kofamscan/ko_tables/proline/MMETSP1312_clean.csv,0,0,0,0,0,0,0,0,0,1,0,0,0,0,1,0,0,0,0,0,0,0,0,0
kofamscan/ko_tables/proline/MMETSP0112_clean.csv,1,0,0,1,0,0,0,0,0,1,0,0,0,0,1,0,0,0,0,0,0,0,0,0
kofamscan/ko_tables/proline/MMETSP0360_clean.csv,1,0,0,1,0,0,0,0,0,1,0,0,0,0,1,0,1,0,1,0,0,0,0,0
kofamscan/ko_tables/proline/MMETSP0419_clean.csv,1,0,0,0,0,0,0,0,0,1,0,1,0,0,1,0,1,0,1,0,0,0,0,0
kofamscan/ko_tables/proline/MMETSP0099_clean.csv,1,0,0,1,0,0,0,0,0,1,0,0,0,0,1,0,1,0,1,0,0,0,0,0
kofamscan/ko_tables/proline/MMETSP0960_clean.csv,1,0,0,1,0,0,0,0,0,1,0,0,0,0,1,0,0,0,1,0,0,0,0,0
kofamscan/ko_tables/proline/MMETSP1442_clean.csv,1,0,0,1,0,0,0,0,0,0,0,0,0,0,1,0,0,0,1,0,0,0,0,0
kofamscan/ko_tables/proline/MMETSP0173_clean.csv,0,0,0,1,0,0,0,0,0,1,0,0,0,0,1,0,1,0,1,1,0,0,0,0
kofamscan/ko_tables/proline/MMETSP1450_clean.csv,1,0,0,0,0,0,0,0,0,1,0,0,0,0,1,0,0,0,1,0,0,0,0,0
kofamscan/ko_tables/proline/MMETSP0322_clean.csv,1,0,0,0,0,0,0,0,0,1,0,0,0,0,1,0,0,0,1,0,0,0,0,0
kofamscan/ko_tables/proline/MMETSP0578_clean.csv,1,0,0,1,0,0,0,0,0,1,0,0,0,0,1,0,0,0,1,0,0,0,0,0
kofamscan/ko_tables/proline/MMETSP0810_clean.csv,0,0,0,0,0,0,0,0,0,1,0,0,0,0,1,0,0,0,1,0,0,0,0,0
kofamscan/ko_tables/proline/MMETSP0372_clean.csv,0,0,0,0,0,0,0,0,0,0,0,0,0,0,0,0,0,0,0,0,0,0,0,0
kofamscan/ko_tables/proline/MMETSP1061_clean.csv,1,0,0,1,0,0,0,0,0,1,0,0,0,0,1,0,0,0,1,0,0,0,0,0
kofamscan/ko_tables/proline/MMETSP1130_clean.csv,1,0,0,1,0,0,0,0,0,1,0,0,0,0,0,0,0,0,0,0,0,0,0,0
kofamscan/ko_tables/proline/MMETSP0063_clean.csv,1,0,0,0,0,0,0,0,0,1,0,0,0,0,1,0,0,0,1,0,0,0,0,0
kofamscan/ko_tables/proline/MMETSP1466_clean.csv,1,0,0,1,0,0,0,0,0,1,0,0,0,0,1,0,0,0,0,0,0,0,0,0
kofamscan/ko_tables/proline/MMETSP0323_clean.csv,1,0,0,0,0,0,0,0,0,1,0,0,0,0,0,0,0,0,0,0,0,0,0,0
kofamscan/ko_tables/proline/MMETSP1050_clean.csv,1,0,0,0,0,0,0,0,0,1,0,0,0,0,1,0,0,0,1,0,0,0,0,0
kofamscan/ko_tables/proline/MMETSP1101_clean.csv,1,0,0,1,0,0,0,0,0,1,0,0,0,0,1,0,0,0,1,0,0,0,0,0
kofamscan/ko_tables/proline/MMETSP0312_clean.csv,0,0,0,0,0,0,0,0,0,1,0,0,0,0,1,0,0,0,0,0,0,0,0,0
kofamscan/ko_tables/proline/MMETSP0889_clean.csv,1,0,0,0,0,0,0,0,0,0,0,0,0,0,0,0,0,0,1,0,0,0,0,0
kofamscan/ko_tables/proline/MMETSP0007_clean.csv,1,0,0,0,0,0,0,0,0,0,0,0,0,0,1,0,0,0,1,0,0,0,0,0
kofamscan/ko_tables/proline/MMETSP0271_clean.csv,1,0,0,0,0,0,0,0,0,1,0,0,0,0,1,0,1,0,1,0,0,0,0,0
kofamscan/ko_tables/proline/MMETSP1052_clean.csv,1,0,0,1,0,0,0,0,0,1,0,0,0,0,1,0,0,0,1,0,0,0,0,0
kofamscan/ko_tables/proline/MMETSP0737_clean.csv,1,0,0,1,0,0,0,0,0,1,0,0,0,0,1,0,1,0,1,0,0,0,0,0
kofamscan/ko_tables/proline/MMETSP0286_clean.csv,1,0,0,1,0,0,0,0,0,1,0,0,0,0,1,0,1,0,1,0,0,0,0,0
kofamscan/ko_tables/proline/MMETSP1125_clean.csv,1,0,0,0,0,0,0,0,0,1,0,0,0,0,1,0,1,0,1,0,0,0,0,0
kofamscan/ko_tables/proline/MMETSP0894_clean.csv,1,0,0,0,0,0,0,0,0,1,0,0,0,0,1,0,1,0,0,0,0,0,0,0
kofamscan/ko_tables/proline/MMETSP0699_clean.csv,1,0,0,1,0,0,0,0,0,1,0,0,0,0,1,0,0,0,0,0,0,0,0,0
kofamscan/ko_tables/proline/MMETSP0058_clean.csv,1,0,0,0,0,0,0,0,0,1,0,0,0,0,1,0,0,0,1,0,0,0,0,0
kofamscan/ko_tables/proline/MMETSP0696_clean.csv,1,0,0,1,0,0,0,0,0,1,0,0,0,0,1,0,1,0,1,0,0,0,0,0
kofamscan/ko_tables/proline/MMETSP1019_clean.csv,0,0,0,0,0,0,0,0,0,0,0,0,0,0,0,0,0,0,0,0,0,0,0,0
kofamscan/ko_tables/proline/MMETSP0093_clean.csv,1,0,0,0,0,0,0,0,0,1,0,0,0,0,1,0,1,0,1,0,0,0,0,0
kofamscan/ko_tables/proline/MMETSP1433_clean.csv,1,0,0,1,0,0,0,0,0,1,0,1,1,0,1,0,1,0,1,0,0,0,0,0
kofamscan/ko_tables/proline/MMETSP0736_clean.csv,1,0,0,1,0,0,0,0,0,1,0,0,0,0,1,0,1,0,0,0,0,0,0,0
kofamscan/ko_tables/proline/MMETSP0418_clean.csv,1,0,0,1,0,0,0,0,0,1,0,1,1,0,1,0,1,0,1,0,0,0,0,0
