,K18897,K00305,K01473,K01485,K00130,K00544,K00314,K24071,K00315,K11440,K00304,K00552,K00499,K00306,K00302,K03365,K08687,K00309,K14085,K00613,K00108,K08688,K17755,K00542,K00303,K01474,K00301
kofamscan/ko_tables/sacrosine/MMETSP1380_clean.csv,0,0,0,0,0,0,0,0,0,0,0,0,0,0,0,0,0,0,1,0,0,0,0,0,0,0,0
kofamscan/ko_tables/sacrosine/MMETSP0409_clean.csv,0,0,0,0,0,0,0,0,0,0,0,0,0,0,0,0,0,0,0,0,1,0,0,0,0,0,0
kofamscan/ko_tables/sacrosine/MMETSP0320_clean.csv,0,0,0,0,0,0,0,0,0,0,0,0,0,0,0,0,0,0,0,0,0,0,0,0,0,0,0
kofamscan/ko_tables/sacrosine/MMETSP1374_clean.csv,0,0,0,1,0,0,1,0,0,0,0,0,0,0,0,0,0,0,0,1,1,0,0,0,0,0,0
kofamscan/ko_tables/sacrosine/MMETSP0907_clean.csv,0,0,0,0,0,0,0,0,0,0,0,0,0,0,0,0,0,0,0,0,1,0,0,0,0,0,0
kofamscan/ko_tables/sacrosine/MMETSP1407_clean.csv,0,0,0,0,0,0,0,0,0,0,0,0,0,0,0,0,0,0,0,0,0,0,0,0,0,0,0
kofamscan/ko_tables/sacrosine/MMETSP0816_clean.csv,0,0,0,0,0,0,0,0,0,0,0,0,0,0,0,0,0,0,0,0,1,0,0,0,0,0,0
kofamscan/ko_tables/sacrosine/MMETSP0661_clean.csv,0,0,0,0,0,0,1,0,0,0,0,0,0,0,0,0,0,0,0,1,1,0,0,0,0,0,0
kofamscan/ko_tables/sacrosine/MMETSP1165_clean.csv,0,0,0,1,0,0,0,0,0,0,0,0,0,0,0,0,0,0,0,0,1,0,0,0,0,0,0
kofamscan/ko_tables/sacrosine/MMETSP1411_clean.csv,0,0,0,0,0,0,0,0,0,0,0,0,0,0,0,0,0,0,0,0,0,0,0,0,0,0,0
kofamscan/ko_tables/sacrosine/MMETSP0759_clean.csv,0,0,0,0,0,0,0,0,0,0,0,0,0,0,0,1,0,0,1,0,0,0,0,0,0,0,0
kofamscan/ko_tables/sacrosine/MMETSP1319_clean.csv,0,0,0,0,0,0,0,0,0,0,0,0,0,0,0,0,0,0,0,0,1,1,0,0,0,0,0
kofamscan/ko_tables/sacrosine/MMETSP0117_clean.csv,0,0,0,0,0,0,0,0,0,0,0,0,0,0,0,0,0,0,1,1,0,0,0,0,0,0,0
kofamscan/ko_tables/sacrosine/MMETSP0887_clean.csv,0,0,0,1,0,0,0,0,0,0,0,0,0,0,0,0,0,0,0,0,1,0,0,0,0,0,0
kofamscan/ko_tables/sacrosine/MMETSP1174_clean.csv,0,0,0,0,0,0,0,0,0,0,0,0,0,0,0,0,0,0,0,1,1,0,0,0,0,0,0
kofamscan/ko_tables/sacrosine/MMETSP0898_clean.csv,0,0,0,0,0,0,0,0,0,0,0,0,0,0,0,0,0,0,0,0,0,0,0,0,0,0,0
kofamscan/ko_tables/sacrosine/MMETSP0088_clean.csv,0,0,0,0,0,0,0,0,0,0,0,0,0,0,0,0,0,0,0,0,0,0,0,0,0,0,0
kofamscan/ko_tables/sacrosine/MMETSP1395_clean.csv,0,0,0,0,0,0,0,0,0,0,0,0,0,0,0,0,0,0,1,0,0,0,0,0,0,0,0
kofamscan/ko_tables/sacrosine/MMETSP0398_clean.csv,0,0,0,0,0,0,0,0,0,0,0,0,0,0,0,0,0,0,0,0,0,0,0,0,0,0,0
kofamscan/ko_tables/sacrosine/MMETSP0922_clean.csv,0,0,0,0,0,0,0,0,0,0,0,0,0,0,0,0,0,0,0,0,0,0,0,0,0,0,0
kofamscan/ko_tables/sacrosine/MMETSP0780_clean.csv,0,0,0,0,0,0,0,0,0,0,0,0,0,0,0,0,0,0,1,0,1,0,0,0,0,0,0
kofamscan/ko_tables/sacrosine/MMETSP0227_clean.csv,0,0,0,0,0,0,1,0,1,0,0,0,0,0,0,0,0,0,0,1,1,0,0,1,0,0,0
kofamscan/ko_tables/sacrosine/MMETSP0141_clean.csv,0,0,0,0,0,0,0,0,0,0,0,0,0,0,0,0,0,0,0,0,1,0,0,0,0,0,0
kofamscan/ko_tables/sacrosine/MMETSP1007_clean.csv,0,0,0,0,0,0,1,0,0,0,0,0,0,0,0,0,0,0,0,0,1,0,0,0,0,0,0
kofamscan/ko_tables/sacrosine/MMETSP0852_clean.csv,0,0,0,0,0,0,0,0,0,0,0,0,0,0,0,0,0,0,0,0,0,0,0,0,0,0,0
kofamscan/ko_tables/sacrosine/MMETSP0812_clean.csv,0,0,0,0,0,0,0,0,0,0,0,0,0,0,0,0,0,0,0,1,1,0,0,0,0,0,0
kofamscan/ko_tables/sacrosine/MMETSP0105_clean.csv,0,0,0,0,0,1,0,0,0,0,0,0,0,0,0,0,0,0,0,0,1,0,0,0,0,0,0
kofamscan/ko_tables/sacrosine/MMETSP1384_clean.csv,0,0,0,0,0,0,1,0,0,0,0,0,1,0,0,0,0,0,1,0,1,0,0,0,0,0,0
kofamscan/ko_tables/sacrosine/MMETSP1063_clean.csv,0,0,0,0,0,0,0,0,0,0,0,0,0,0,0,0,0,0,0,0,1,0,0,0,0,0,0
kofamscan/ko_tables/sacrosine/MMETSP0467_clean.csv,0,0,0,0,0,0,0,0,0,0,0,0,0,0,0,0,0,0,1,1,0,0,0,0,0,0,0
kofamscan/ko_tables/sacrosine/MMETSP0086_clean.csv,0,0,0,0,0,0,0,0,0,0,0,0,0,0,0,0,0,0,0,0,0,0,0,0,0,0,0
kofamscan/ko_tables/sacrosine/MMETSP1366_clean.csv,0,0,0,0,0,0,1,0,0,0,0,0,0,0,0,0,0,0,0,0,1,0,0,0,0,0,0
kofamscan/ko_tables/sacrosine/MMETSP1439_clean.csv,0,0,0,0,0,1,1,0,0,0,0,0,0,0,0,0,0,0,0,0,0,0,0,0,0,0,0
kofamscan/ko_tables/sacrosine/MMETSP0693_clean.csv,0,0,0,0,0,0,0,0,0,0,0,0,0,0,0,0,0,0,0,0,0,0,0,0,0,0,0
kofamscan/ko_tables/sacrosine/MMETSP1032_clean.csv,0,0,0,0,0,1,1,0,1,0,0,0,0,0,0,0,0,0,0,0,1,1,0,0,0,0,0
kofamscan/ko_tables/sacrosine/MMETSP1399_clean.csv,0,0,0,1,0,0,0,0,0,0,0,0,0,0,0,0,0,0,0,0,0,0,0,0,0,0,0
kofamscan/ko_tables/sacrosine/MMETSP0100_clean.csv,0,0,0,0,0,0,1,0,0,0,0,0,0,0,0,1,0,0,1,0,1,0,0,0,0,0,0
kofamscan/ko_tables/sacrosine/MMETSP0328_clean.csv,0,0,0,0,0,0,0,0,0,0,0,0,0,0,0,0,0,0,0,0,0,0,0,0,0,0,0
kofamscan/ko_tables/sacrosine/MMETSP1042_clean.csv,1,0,0,0,0,0,0,0,0,0,0,0,0,0,0,0,0,0,0,1,0,0,0,0,0,0,0
kofamscan/ko_tables/sacrosine/MMETSP1171_clean.csv,0,0,0,0,0,0,0,0,0,0,0,0,0,0,0,0,0,0,0,0,1,0,0,0,0,0,0
kofamscan/ko_tables/sacrosine/MMETSP0209_clean.csv,0,0,0,0,0,0,0,0,0,0,0,0,0,0,0,1,0,0,0,0,1,0,0,0,0,0,0
kofamscan/ko_tables/sacrosine/MMETSP0252_clean.csv,0,0,0,0,0,0,0,0,0,0,0,0,0,0,0,0,0,0,0,0,0,0,0,0,0,0,0
kofamscan/ko_tables/sacrosine/MMETSP0471_clean.csv,0,0,1,0,0,0,1,0,0,0,0,0,0,0,0,0,0,0,0,1,1,0,0,1,0,0,0
kofamscan/ko_tables/sacrosine/MMETSP0955_clean.csv,0,0,0,0,0,0,0,0,0,0,0,0,0,0,0,0,0,0,1,0,1,0,0,0,0,0,0
kofamscan/ko_tables/sacrosine/MMETSP0199_clean.csv,0,0,0,0,0,0,0,0,0,0,0,0,0,0,0,0,0,0,1,0,1,0,0,0,0,0,0
kofamscan/ko_tables/sacrosine/MMETSP1057_clean.csv,0,0,0,0,0,0,0,0,0,0,0,0,0,0,0,0,0,0,0,0,0,0,0,0,0,0,0
kofamscan/ko_tables/sacrosine/MMETSP0434_clean.csv,0,0,0,0,0,0,0,0,0,0,0,0,0,0,0,0,0,0,1,0,0,0,0,0,0,0,0
kofamscan/ko_tables/sacrosine/MMETSP1097_clean.csv,0,0,0,0,0,0,0,0,0,0,0,0,0,0,0,0,0,0,0,0,0,0,0,0,0,0,0
kofamscan/ko_tables/sacrosine/MMETSP0115_clean.csv,0,0,0,0,1,0,0,0,0,0,0,0,0,0,0,0,0,0,1,1,0,0,0,0,0,0,0
kofamscan/ko_tables/sacrosine/MMETSP0593_clean.csv,0,0,0,0,0,0,0,0,0,0,0,0,0,0,0,0,0,0,0,0,0,0,0,0,0,0,0
kofamscan/ko_tables/sacrosine/MMETSP0798_clean.csv,0,0,0,0,0,0,0,0,0,0,0,0,0,0,0,0,0,0,0,0,0,0,0,0,0,0,0
kofamscan/ko_tables/sacrosine/MMETSP0318_clean.csv,0,0,0,1,0,0,0,0,0,0,0,0,0,0,0,0,0,0,0,0,1,0,0,0,0,0,0
kofamscan/ko_tables/sacrosine/MMETSP0527_clean.csv,0,0,0,0,0,1,1,0,1,0,0,0,0,0,0,0,0,0,0,1,1,0,0,0,0,0,0
kofamscan/ko_tables/sacrosine/MMETSP1357_clean.csv,1,0,0,0,0,0,0,0,0,0,0,0,0,0,0,0,0,0,0,1,0,0,0,0,0,0,0
kofamscan/ko_tables/sacrosine/MMETSP1058_clean.csv,0,0,0,0,0,0,0,0,0,0,0,0,0,0,0,0,0,0,0,0,0,0,0,0,0,0,0
kofamscan/ko_tables/sacrosine/MMETSP0095_clean.csv,0,0,0,0,0,1,1,0,1,0,0,0,1,0,0,0,0,0,0,1,1,0,0,0,1,0,0
kofamscan/ko_tables/sacrosine/MMETSP0950_clean.csv,0,0,0,0,0,0,0,0,0,0,0,0,0,0,0,0,0,0,0,0,1,0,0,0,0,0,0
kofamscan/ko_tables/sacrosine/MMETSP1321_clean.csv,0,0,0,0,0,0,1,0,0,0,0,0,0,0,0,0,0,0,0,0,1,1,0,0,0,0,1
kofamscan/ko_tables/sacrosine/MMETSP0211_clean.csv,0,0,0,0,0,0,0,0,0,0,0,0,0,0,0,0,0,0,0,0,0,0,0,0,0,0,0
kofamscan/ko_tables/sacrosine/MMETSP1326_clean.csv,0,0,0,1,0,0,0,0,0,0,0,0,0,1,0,0,0,0,0,0,0,0,0,0,0,0,0
kofamscan/ko_tables/sacrosine/MMETSP1002_clean.csv,0,0,0,0,0,0,0,0,0,0,0,0,0,0,0,0,0,0,0,0,0,0,0,0,0,0,0
kofamscan/ko_tables/sacrosine/MMETSP0818_clean.csv,0,0,0,1,0,0,0,0,0,0,0,0,0,0,0,0,0,0,0,1,0,0,0,0,0,0,1
kofamscan/ko_tables/sacrosine/MMETSP0718_clean.csv,0,0,0,0,0,0,0,0,0,0,0,0,0,0,0,0,0,0,0,0,0,0,0,0,0,0,0
kofamscan/ko_tables/sacrosine/MMETSP0415_clean.csv,0,0,0,0,0,0,0,0,0,0,0,0,0,0,0,0,0,0,0,0,1,0,0,0,0,0,0
kofamscan/ko_tables/sacrosine/MMETSP0976_clean.csv,0,0,0,0,0,0,0,0,0,0,0,0,0,0,0,0,0,0,0,0,1,0,0,0,0,0,0
kofamscan/ko_tables/sacrosine/MMETSP0751_clean.csv,0,0,0,0,0,0,0,0,0,0,0,0,0,0,0,0,0,0,0,0,0,0,0,0,0,0,0
kofamscan/ko_tables/sacrosine/MMETSP1371_clean.csv,0,0,0,0,0,0,1,0,1,0,0,0,0,0,0,0,0,0,0,1,1,0,0,1,0,0,0
kofamscan/ko_tables/sacrosine/MMETSP1422_clean.csv,0,0,0,0,0,0,0,0,0,0,0,0,0,0,0,0,0,0,0,0,0,0,0,0,0,0,0
kofamscan/ko_tables/sacrosine/MMETSP1419_clean.csv,0,0,0,0,0,0,0,0,0,0,0,0,0,0,0,0,0,0,0,0,0,0,0,0,0,0,0
kofamscan/ko_tables/sacrosine/MMETSP1421_clean.csv,0,0,0,0,0,0,0,0,0,0,0,0,0,0,0,0,0,0,0,0,0,0,0,0,0,0,0
kofamscan/ko_tables/sacrosine/MMETSP1396_clean.csv,0,0,0,0,0,0,0,0,0,0,0,0,1,0,0,0,0,0,1,0,0,0,0,0,0,0,0
kofamscan/ko_tables/sacrosine/MMETSP0404_clean.csv,0,0,0,0,0,0,0,0,0,0,0,0,0,0,0,0,0,0,0,0,0,0,0,0,0,0,0
kofamscan/ko_tables/sacrosine/MMETSP0041_clean.csv,0,0,0,1,0,0,0,0,0,0,0,0,0,0,0,0,0,0,0,0,1,0,0,0,0,0,0
kofamscan/ko_tables/sacrosine/MMETSP1425_clean.csv,0,0,0,0,0,0,1,0,0,0,0,0,0,0,0,0,0,0,0,1,1,0,0,1,0,0,0
kofamscan/ko_tables/sacrosine/MMETSP0308_clean.csv,0,0,0,0,0,0,0,0,0,0,0,0,0,0,0,0,0,0,1,0,1,0,0,0,0,0,0
kofamscan/ko_tables/sacrosine/MMETSP0910_clean.csv,0,0,0,0,0,0,0,0,0,0,0,0,0,0,0,0,0,0,0,0,0,0,0,0,0,0,0
kofamscan/ko_tables/sacrosine/MMETSP1432_clean.csv,0,0,0,0,0,0,0,0,0,0,0,0,0,0,0,0,0,0,0,0,1,0,0,0,0,0,0
kofamscan/ko_tables/sacrosine/MMETSP0259_clean.csv,0,0,0,1,0,0,1,0,1,0,0,0,0,0,0,0,0,0,0,1,1,0,0,0,0,0,0
kofamscan/ko_tables/sacrosine/MMETSP1176_clean.csv,0,0,0,0,0,0,0,0,0,0,0,0,0,0,0,0,0,0,0,0,1,0,0,0,0,0,0
kofamscan/ko_tables/sacrosine/MMETSP1465_clean.csv,0,0,0,0,0,0,0,0,0,0,0,0,0,0,0,0,0,0,0,0,0,0,0,0,0,0,0
kofamscan/ko_tables/sacrosine/MMETSP1104_clean.csv,0,0,0,0,1,0,0,0,0,0,0,0,0,0,0,0,0,0,1,0,0,0,0,0,0,0,0
kofamscan/ko_tables/sacrosine/MMETSP0004_clean.csv,0,0,0,0,1,0,0,0,0,0,0,0,0,0,0,0,0,0,1,1,1,0,0,0,0,0,0
kofamscan/ko_tables/sacrosine/MMETSP1172_clean.csv,0,0,0,0,0,0,0,0,0,0,0,0,0,0,0,0,0,0,0,0,1,0,0,0,0,0,0
kofamscan/ko_tables/sacrosine/MMETSP1055_clean.csv,0,0,0,1,0,0,0,0,0,0,0,0,0,0,0,0,0,0,0,0,1,0,0,0,0,0,0
kofamscan/ko_tables/sacrosine/MMETSP1403_clean.csv,0,0,0,1,0,0,0,0,0,0,0,0,1,0,0,0,0,0,0,0,0,0,0,0,0,0,0
kofamscan/ko_tables/sacrosine/MMETSP0574_clean.csv,0,0,0,0,0,1,1,0,1,0,0,0,0,0,0,0,0,0,0,1,1,0,0,0,0,0,0
kofamscan/ko_tables/sacrosine/MMETSP0202_clean.csv,0,0,0,0,0,1,1,0,0,0,0,0,0,0,0,0,0,0,0,1,1,0,0,0,0,0,0
kofamscan/ko_tables/sacrosine/MMETSP0796_clean.csv,0,0,0,1,0,0,1,0,1,0,0,0,0,0,0,0,0,0,0,0,1,1,0,1,0,0,0
kofamscan/ko_tables/sacrosine/MMETSP0797_clean.csv,0,0,0,0,0,0,1,0,0,0,0,0,0,0,0,0,0,0,0,0,1,0,0,1,0,0,0
kofamscan/ko_tables/sacrosine/MMETSP1127_clean.csv,0,0,0,0,0,0,0,0,0,0,0,0,0,0,0,0,0,0,0,0,1,0,0,0,0,0,0
kofamscan/ko_tables/sacrosine/MMETSP1413_clean.csv,0,0,0,0,0,0,0,0,0,0,0,0,0,0,0,0,0,0,0,0,0,0,0,0,0,0,0
kofamscan/ko_tables/sacrosine/MMETSP0991_clean.csv,0,0,0,0,0,0,0,0,0,0,0,0,0,0,0,0,0,0,0,0,1,0,0,0,0,0,0
kofamscan/ko_tables/sacrosine/MMETSP1474_clean.csv,0,0,0,0,1,0,0,0,0,0,0,0,0,0,0,0,0,0,1,0,1,0,0,0,0,0,0
kofamscan/ko_tables/sacrosine/MMETSP1406_clean.csv,0,0,0,0,0,0,0,0,0,0,0,0,0,0,0,0,0,0,0,0,0,0,0,0,0,0,0
kofamscan/ko_tables/sacrosine/MMETSP1123_clean.csv,0,0,0,0,0,0,0,0,0,0,0,0,0,0,0,0,0,0,0,0,1,0,0,1,0,0,0
kofamscan/ko_tables/sacrosine/MMETSP0930_clean.csv,0,0,0,1,0,0,0,0,0,0,0,0,0,0,0,0,0,0,0,0,0,0,0,0,0,0,0
kofamscan/ko_tables/sacrosine/MMETSP0573_clean.csv,0,0,0,0,0,1,1,0,1,0,0,0,0,0,0,0,0,0,0,1,1,0,0,0,0,0,0
kofamscan/ko_tables/sacrosine/MMETSP1013_clean.csv,0,0,0,0,0,0,0,0,0,0,0,0,0,0,0,0,0,0,0,0,0,0,0,0,0,0,0
kofamscan/ko_tables/sacrosine/MMETSP1080_clean.csv,0,0,0,1,0,0,0,0,0,0,0,0,1,0,0,0,0,0,0,0,0,0,0,0,0,0,0
kofamscan/ko_tables/sacrosine/MMETSP1464_clean.csv,0,0,0,0,0,0,0,0,0,0,0,0,0,0,0,0,0,0,0,0,1,0,0,0,0,0,0
kofamscan/ko_tables/sacrosine/MMETSP0891_clean.csv,0,0,0,1,0,0,1,0,0,0,0,0,0,0,0,0,0,0,0,0,0,0,0,0,0,0,0
kofamscan/ko_tables/sacrosine/MMETSP1169_clean.csv,0,0,0,0,1,0,0,0,0,0,0,0,1,1,0,0,0,0,0,0,0,0,0,0,0,0,1
kofamscan/ko_tables/sacrosine/MMETSP1128_clean.csv,0,0,0,0,0,0,0,0,0,0,0,0,0,0,0,0,0,0,0,0,1,0,0,0,0,0,0
kofamscan/ko_tables/sacrosine/MMETSP1155_clean.csv,0,0,0,1,0,0,1,0,0,0,0,0,0,0,0,0,0,0,0,0,1,0,0,0,0,0,0
kofamscan/ko_tables/sacrosine/MMETSP0149_clean.csv,0,0,0,0,0,0,0,0,0,0,0,0,0,0,0,0,0,0,0,0,0,0,0,0,0,0,0
kofamscan/ko_tables/sacrosine/MMETSP1100_clean.csv,0,0,0,0,0,0,0,0,0,0,0,0,0,0,0,0,0,0,0,1,1,0,0,1,0,0,0
kofamscan/ko_tables/sacrosine/MMETSP0942_clean.csv,0,0,0,0,0,0,0,0,0,0,0,0,0,0,0,0,0,0,0,0,0,0,0,0,0,0,0
kofamscan/ko_tables/sacrosine/MMETSP1137_clean.csv,0,0,0,0,0,0,0,0,0,0,0,0,0,0,0,0,0,0,0,0,1,0,0,0,0,0,0
kofamscan/ko_tables/sacrosine/MMETSP0973_clean.csv,0,0,0,0,0,0,0,0,0,0,0,0,0,0,0,0,0,0,0,0,0,0,0,0,0,0,0
kofamscan/ko_tables/sacrosine/MMETSP0413_clean.csv,0,0,0,0,1,0,0,0,0,0,0,0,0,1,0,0,0,0,1,0,1,0,0,0,0,0,0
kofamscan/ko_tables/sacrosine/MMETSP0200_clean.csv,0,0,0,0,0,0,0,0,0,0,0,0,0,0,0,0,0,0,0,0,0,0,0,0,0,0,0
kofamscan/ko_tables/sacrosine/MMETSP1047_clean.csv,0,0,0,0,0,0,0,0,0,0,0,0,0,0,0,0,0,0,0,0,1,0,0,0,0,0,0
kofamscan/ko_tables/sacrosine/MMETSP0347_clean.csv,0,0,0,0,0,0,0,0,0,0,0,0,0,0,0,0,0,0,0,0,0,0,0,0,0,0,0
kofamscan/ko_tables/sacrosine/MMETSP1394_clean.csv,0,0,0,0,0,0,0,0,0,0,0,0,0,0,0,0,0,0,0,0,0,0,0,0,0,0,0
kofamscan/ko_tables/sacrosine/MMETSP0096_clean.csv,0,0,0,0,0,1,1,0,1,0,0,0,0,0,0,0,0,0,0,1,1,0,0,1,1,0,0
kofamscan/ko_tables/sacrosine/MMETSP0811_clean.csv,1,0,0,0,0,0,0,0,0,0,0,0,0,0,0,0,0,0,0,0,1,0,0,0,0,0,0
kofamscan/ko_tables/sacrosine/MMETSP0417_clean.csv,0,0,0,0,0,0,0,0,0,0,0,0,0,1,0,0,0,0,1,0,1,0,0,0,0,0,0
kofamscan/ko_tables/sacrosine/MMETSP0087_clean.csv,0,0,0,0,1,0,1,0,0,0,0,0,0,0,0,0,0,0,0,1,1,0,0,1,0,0,0
kofamscan/ko_tables/sacrosine/MMETSP1117_clean.csv,0,0,0,0,0,0,0,0,1,0,0,0,0,0,0,0,0,0,0,1,1,0,0,0,0,0,0
kofamscan/ko_tables/sacrosine/MMETSP0603_clean.csv,0,0,0,0,0,0,0,0,0,0,0,0,0,0,0,0,0,0,0,0,0,0,0,0,0,0,0
kofamscan/ko_tables/sacrosine/MMETSP0734_clean.csv,0,0,0,0,0,0,0,0,0,0,0,0,0,0,0,0,0,0,0,0,1,0,0,0,0,0,0
kofamscan/ko_tables/sacrosine/MMETSP0011_clean.csv,0,0,0,0,0,0,0,0,0,0,0,0,0,0,0,0,0,0,0,0,1,0,0,0,0,0,0
kofamscan/ko_tables/sacrosine/MMETSP1401_clean.csv,0,0,0,1,0,0,0,0,0,0,0,0,1,0,0,0,0,0,0,0,0,0,0,0,0,0,0
kofamscan/ko_tables/sacrosine/MMETSP1412_clean.csv,0,0,0,0,0,0,0,0,0,0,0,0,0,0,0,0,0,0,0,0,0,0,0,0,0,0,0
kofamscan/ko_tables/sacrosine/MMETSP1469_clean.csv,0,0,0,0,0,0,0,0,0,0,0,0,0,0,0,0,0,0,0,0,0,0,0,0,0,0,0
kofamscan/ko_tables/sacrosine/MMETSP1035_clean.csv,0,0,0,0,0,1,1,0,1,0,0,0,0,0,0,0,0,0,0,0,1,1,0,1,1,0,0
kofamscan/ko_tables/sacrosine/MMETSP0938_clean.csv,0,0,0,1,0,0,0,0,0,0,0,0,0,0,0,0,0,0,0,0,0,0,0,0,0,0,0
kofamscan/ko_tables/sacrosine/MMETSP0092_clean.csv,0,0,0,0,0,0,0,0,0,0,0,0,0,0,0,0,0,0,0,0,0,0,0,0,0,0,0
kofamscan/ko_tables/sacrosine/MMETSP0820_clean.csv,0,0,0,1,0,0,0,0,0,0,0,0,0,0,0,0,0,0,0,0,0,0,0,0,0,0,0
kofamscan/ko_tables/sacrosine/MMETSP0993_clean.csv,0,0,0,0,0,0,0,0,0,0,0,0,0,0,0,0,0,0,0,0,1,0,0,0,0,0,0
kofamscan/ko_tables/sacrosine/MMETSP0909_clean.csv,0,0,0,0,0,0,0,0,0,0,0,0,0,0,0,0,0,0,0,0,1,0,0,0,0,0,0
kofamscan/ko_tables/sacrosine/MMETSP0160_clean.csv,0,0,0,0,0,0,0,0,0,0,0,0,0,0,0,0,0,0,0,0,0,0,0,0,0,0,0
kofamscan/ko_tables/sacrosine/MMETSP1049_clean.csv,0,0,0,0,0,0,0,0,0,0,0,0,0,0,0,0,0,0,0,1,0,0,0,0,0,0,0
kofamscan/ko_tables/sacrosine/MMETSP1459_clean.csv,0,0,0,0,0,0,0,0,0,0,0,0,0,0,0,0,0,0,0,0,0,0,0,0,0,0,0
kofamscan/ko_tables/sacrosine/MMETSP1388_clean.csv,0,0,0,1,0,0,1,0,0,0,0,0,0,0,0,0,0,0,0,0,1,0,0,0,0,0,0
kofamscan/ko_tables/sacrosine/MMETSP0920_clean.csv,0,0,0,0,0,0,0,0,0,0,0,0,0,0,0,0,0,0,0,0,0,0,0,0,0,0,0
kofamscan/ko_tables/sacrosine/MMETSP1095_clean.csv,0,0,0,0,0,0,0,0,0,0,0,0,0,0,0,0,0,0,0,0,1,0,0,0,0,0,0
kofamscan/ko_tables/sacrosine/MMETSP0120_clean.csv,0,0,0,0,0,0,1,0,1,0,0,0,0,0,0,0,0,0,0,0,1,0,0,1,0,0,0
kofamscan/ko_tables/sacrosine/MMETSP1151_clean.csv,0,0,0,1,0,0,1,0,0,0,0,0,0,0,0,0,0,0,0,0,1,0,0,0,0,0,0
kofamscan/ko_tables/sacrosine/MMETSP0006_clean.csv,0,0,0,0,0,0,0,0,0,0,0,0,1,0,0,0,0,0,0,0,1,0,0,0,0,0,0
kofamscan/ko_tables/sacrosine/MMETSP1473_clean.csv,0,0,0,0,1,0,0,0,0,0,0,0,0,0,0,0,0,0,0,0,1,0,0,0,0,0,1
kofamscan/ko_tables/sacrosine/MMETSP0272_clean.csv,0,0,0,0,0,1,1,0,1,0,0,0,1,0,0,0,0,0,0,1,1,0,0,1,0,0,0
kofamscan/ko_tables/sacrosine/MMETSP0899_clean.csv,0,0,0,0,0,0,0,0,0,0,0,0,0,0,0,0,0,0,0,0,0,0,0,0,0,0,0
kofamscan/ko_tables/sacrosine/MMETSP0151_clean.csv,0,0,0,0,0,0,1,0,0,0,0,0,0,0,0,1,0,0,1,0,1,0,0,0,0,0,0
kofamscan/ko_tables/sacrosine/MMETSP1381_clean.csv,0,0,0,0,0,0,0,0,0,0,0,0,0,0,0,0,0,0,0,0,0,0,0,0,0,0,0
kofamscan/ko_tables/sacrosine/MMETSP0326_clean.csv,0,0,0,0,0,0,1,0,0,0,0,0,1,0,0,0,0,0,0,0,0,0,0,0,0,0,0
kofamscan/ko_tables/sacrosine/MMETSP0912_clean.csv,0,0,0,0,0,0,0,0,0,0,0,0,0,0,0,0,0,0,0,0,0,0,0,0,0,0,0
kofamscan/ko_tables/sacrosine/MMETSP1070_clean.csv,0,0,0,0,0,0,0,0,0,0,0,0,0,0,0,0,0,0,0,0,0,0,0,0,0,0,0
kofamscan/ko_tables/sacrosine/MMETSP0900_clean.csv,0,0,0,0,0,0,0,0,0,0,0,0,0,0,0,0,0,0,0,0,0,0,0,0,0,0,0
kofamscan/ko_tables/sacrosine/MMETSP0014_clean.csv,0,0,0,0,0,0,0,0,0,0,0,0,0,0,0,0,0,0,0,0,1,0,0,0,0,0,0
kofamscan/ko_tables/sacrosine/MMETSP1400_clean.csv,0,0,0,1,0,0,0,0,0,0,0,0,1,0,0,0,0,0,0,0,0,0,0,0,0,0,0
kofamscan/ko_tables/sacrosine/MMETSP1437_clean.csv,0,0,0,0,0,0,0,0,0,0,0,0,0,0,0,0,0,0,0,0,0,0,0,0,0,0,0
kofamscan/ko_tables/sacrosine/MMETSP1447_clean.csv,0,0,0,0,0,0,0,0,0,0,0,0,0,0,0,0,0,0,0,0,0,0,0,0,0,0,0
kofamscan/ko_tables/sacrosine/MMETSP0140_clean.csv,0,0,0,0,0,0,0,0,0,0,0,0,0,0,0,0,0,0,0,0,1,0,0,0,0,0,0
kofamscan/ko_tables/sacrosine/MMETSP1161_clean.csv,0,0,0,1,0,0,0,0,0,0,0,0,0,0,0,0,0,0,0,0,1,0,0,0,0,0,0
kofamscan/ko_tables/sacrosine/MMETSP1043_clean.csv,1,0,0,0,0,0,0,0,0,0,0,0,0,0,0,0,0,0,0,1,0,0,0,0,0,0,0
kofamscan/ko_tables/sacrosine/MMETSP1316_clean.csv,0,0,0,0,0,0,0,0,0,0,0,0,0,0,0,0,0,0,0,0,0,0,0,0,0,0,0
kofamscan/ko_tables/sacrosine/MMETSP1157_clean.csv,0,0,0,0,0,0,1,0,0,0,0,0,0,0,0,0,0,0,0,0,1,0,0,0,0,0,0
kofamscan/ko_tables/sacrosine/MMETSP0790_clean.csv,0,0,0,0,0,0,1,0,1,0,0,0,0,0,0,0,0,0,0,0,1,0,0,0,0,0,0
kofamscan/ko_tables/sacrosine/MMETSP1360_clean.csv,0,0,0,1,0,0,0,0,0,0,0,0,0,0,0,0,0,0,0,0,1,0,0,0,0,0,0
kofamscan/ko_tables/sacrosine/MMETSP0258_clean.csv,0,0,0,1,0,0,1,0,1,0,0,0,0,0,0,0,0,0,0,1,1,0,0,0,0,0,0
kofamscan/ko_tables/sacrosine/MMETSP0746_clean.csv,0,0,0,0,0,0,0,0,0,0,0,0,0,0,0,0,0,0,0,0,0,0,0,0,0,0,0
kofamscan/ko_tables/sacrosine/MMETSP1420_clean.csv,0,0,0,0,0,0,0,0,0,0,0,0,0,0,0,0,0,0,0,0,0,0,0,0,0,0,0
kofamscan/ko_tables/sacrosine/MMETSP1397_clean.csv,0,0,0,0,0,0,0,0,0,0,0,0,0,0,0,0,0,0,1,0,0,0,0,0,0,0,0
kofamscan/ko_tables/sacrosine/MMETSP1452_clean.csv,0,0,0,0,0,0,0,0,0,0,0,0,0,0,0,0,0,0,0,0,1,0,0,0,0,0,0
kofamscan/ko_tables/sacrosine/MMETSP1178_clean.csv,0,0,0,0,0,0,0,0,0,0,0,0,0,0,0,0,0,0,0,0,0,0,0,0,0,0,0
kofamscan/ko_tables/sacrosine/MMETSP1115_clean.csv,0,0,0,0,0,0,1,0,1,0,0,0,0,0,0,0,0,0,0,1,1,0,0,0,0,0,0
kofamscan/ko_tables/sacrosine/MMETSP1361_clean.csv,0,0,0,0,0,0,0,0,0,0,0,0,0,0,0,0,0,0,0,0,0,0,0,0,0,0,0
kofamscan/ko_tables/sacrosine/MMETSP0941_clean.csv,0,0,0,0,0,0,0,0,0,0,0,0,1,0,0,0,0,0,0,0,0,0,0,0,0,0,0
kofamscan/ko_tables/sacrosine/MMETSP0098_clean.csv,1,0,0,0,0,0,1,0,0,0,0,0,0,0,0,0,0,0,0,0,1,0,0,0,0,0,0
kofamscan/ko_tables/sacrosine/MMETSP0924_clean.csv,0,0,0,0,0,0,0,0,0,0,0,0,0,0,0,0,0,0,0,0,0,0,0,0,0,0,0
kofamscan/ko_tables/sacrosine/MMETSP0234_clean.csv,0,0,0,0,0,0,0,0,0,0,0,0,0,0,0,0,0,0,0,0,0,0,0,0,0,0,0
kofamscan/ko_tables/sacrosine/MMETSP1106_clean.csv,0,0,0,0,0,0,0,0,0,0,0,0,0,0,0,0,0,0,0,0,0,0,0,0,0,0,0
kofamscan/ko_tables/sacrosine/MMETSP0267_clean.csv,0,0,0,0,0,0,1,0,1,0,0,0,0,0,0,0,0,0,0,1,0,0,0,0,0,0,0
kofamscan/ko_tables/sacrosine/MMETSP0091_clean.csv,0,0,0,0,0,0,0,0,0,0,0,0,0,0,0,0,0,0,0,0,0,0,0,0,0,0,0
kofamscan/ko_tables/sacrosine/MMETSP0132_clean.csv,0,0,0,0,0,0,0,0,0,0,0,0,0,0,0,0,0,0,0,0,0,0,0,0,0,0,0
kofamscan/ko_tables/sacrosine/MMETSP1417_clean.csv,0,0,0,0,0,0,0,0,0,0,0,0,0,0,0,0,0,0,0,0,0,0,0,0,0,0,0
kofamscan/ko_tables/sacrosine/MMETSP1363_clean.csv,0,0,0,0,0,0,1,0,0,0,0,0,0,0,0,0,0,0,0,0,1,0,0,0,0,0,0
kofamscan/ko_tables/sacrosine/MMETSP0316_clean.csv,0,0,0,0,0,0,0,0,0,0,0,0,0,0,0,0,0,0,0,0,0,0,0,0,0,0,0
kofamscan/ko_tables/sacrosine/MMETSP0229_clean.csv,0,0,0,0,0,0,0,0,0,0,0,0,0,0,0,0,0,0,0,0,0,0,0,0,0,0,0
kofamscan/ko_tables/sacrosine/MMETSP1408_clean.csv,0,0,0,0,0,0,0,0,0,0,0,0,0,0,0,0,0,0,0,0,0,0,0,0,0,0,0
kofamscan/ko_tables/sacrosine/MMETSP0987_clean.csv,0,0,0,0,0,0,0,0,0,0,0,0,0,0,0,0,0,0,0,1,0,0,0,0,0,0,0
kofamscan/ko_tables/sacrosine/MMETSP1333_clean.csv,0,0,0,0,0,0,0,0,0,0,0,0,1,0,0,0,0,0,0,1,1,0,0,1,0,0,0
kofamscan/ko_tables/sacrosine/MMETSP1345_clean.csv,0,0,0,0,0,0,0,0,0,0,0,0,0,0,0,0,0,0,0,0,0,0,0,0,0,0,0
kofamscan/ko_tables/sacrosine/MMETSP0878_clean.csv,0,0,0,0,0,0,0,0,0,0,0,0,0,0,0,0,0,0,0,0,0,0,0,0,0,0,0
kofamscan/ko_tables/sacrosine/MMETSP1153_clean.csv,0,0,0,1,0,0,1,0,0,0,0,0,0,0,0,0,0,0,0,0,1,0,0,0,0,0,0
kofamscan/ko_tables/sacrosine/MMETSP0288_clean.csv,0,0,0,0,0,0,1,0,1,0,0,0,0,0,0,0,0,0,1,0,0,0,0,0,0,0,0
kofamscan/ko_tables/sacrosine/MMETSP1462_clean.csv,0,0,0,0,0,1,1,0,1,0,0,0,0,0,0,0,0,0,0,1,1,0,0,1,0,0,0
kofamscan/ko_tables/sacrosine/MMETSP0139_clean.csv,0,0,0,0,0,0,0,0,0,0,0,0,0,0,0,0,0,0,0,0,1,0,0,0,0,0,0
kofamscan/ko_tables/sacrosine/MMETSP1096_clean.csv,0,0,0,0,0,0,0,0,0,0,0,0,0,0,0,0,0,0,0,0,1,0,0,0,0,0,0
kofamscan/ko_tables/sacrosine/MMETSP1418_clean.csv,0,0,0,0,0,0,0,0,0,0,0,0,0,0,0,0,0,0,0,0,0,0,0,0,0,0,0
kofamscan/ko_tables/sacrosine/MMETSP0963_clean.csv,0,0,0,0,0,0,0,0,0,0,0,0,0,0,0,0,0,0,0,0,1,0,0,0,0,0,0
kofamscan/ko_tables/sacrosine/MMETSP0171_clean.csv,0,0,0,0,0,0,0,0,0,0,0,0,0,0,0,0,0,0,0,0,1,0,0,0,0,0,0
kofamscan/ko_tables/sacrosine/MMETSP0904_clean.csv,0,0,0,0,0,0,0,0,0,0,0,0,0,0,0,0,0,0,0,0,0,0,0,0,0,0,0
kofamscan/ko_tables/sacrosine/MMETSP1040_clean.csv,0,0,0,0,0,0,0,0,0,0,0,0,0,0,0,0,0,0,0,0,0,0,0,0,0,0,0
kofamscan/ko_tables/sacrosine/MMETSP1389_clean.csv,0,0,0,0,0,0,0,0,0,0,0,0,0,0,0,0,0,0,0,0,0,0,0,0,0,0,0
kofamscan/ko_tables/sacrosine/MMETSP1415_clean.csv,0,0,0,0,0,0,0,0,0,0,0,0,0,0,0,0,0,0,0,0,0,0,0,0,0,0,0
kofamscan/ko_tables/sacrosine/MMETSP0789_clean.csv,0,0,0,0,0,0,0,0,0,0,0,0,0,0,0,0,0,0,0,0,0,0,0,0,0,0,0
kofamscan/ko_tables/sacrosine/MMETSP0169_clean.csv,0,0,0,0,0,0,0,0,0,0,0,0,0,0,0,0,0,0,0,1,1,0,0,0,0,0,0
kofamscan/ko_tables/sacrosine/MMETSP1064_clean.csv,0,0,0,0,0,0,0,0,0,0,0,0,0,0,0,0,0,0,0,0,0,0,0,0,0,0,0
kofamscan/ko_tables/sacrosine/MMETSP0015_clean.csv,0,0,0,0,0,0,0,0,0,0,0,0,0,0,0,0,0,0,0,0,0,0,0,0,0,0,0
kofamscan/ko_tables/sacrosine/MMETSP1152_clean.csv,0,0,0,1,0,0,1,0,0,0,0,0,0,0,0,0,0,0,0,0,1,0,0,0,0,0,0
kofamscan/ko_tables/sacrosine/MMETSP0106_clean.csv,0,0,0,0,0,1,0,0,0,0,0,0,0,0,0,0,0,0,0,0,1,0,0,0,0,0,0
kofamscan/ko_tables/sacrosine/MMETSP1349_clean.csv,0,0,0,0,0,0,0,0,0,0,0,0,0,0,0,0,0,0,1,0,0,0,0,0,0,0,0
kofamscan/ko_tables/sacrosine/MMETSP0727_clean.csv,0,0,0,0,0,0,0,0,0,0,0,0,0,0,0,0,0,0,0,0,1,0,0,0,0,0,0
kofamscan/ko_tables/sacrosine/MMETSP1429_clean.csv,0,0,0,0,0,0,0,0,0,0,0,0,0,0,0,0,0,0,0,0,0,0,0,0,0,0,0
kofamscan/ko_tables/sacrosine/MMETSP0911_clean.csv,0,0,0,0,0,0,0,0,0,0,0,0,0,0,0,0,0,0,0,0,0,0,0,0,0,0,0
kofamscan/ko_tables/sacrosine/MMETSP0717_clean.csv,0,0,0,0,0,0,0,0,0,0,0,0,0,0,0,0,0,0,0,0,0,0,0,0,0,0,0
kofamscan/ko_tables/sacrosine/MMETSP0901_clean.csv,0,0,0,0,0,0,0,0,0,0,0,0,0,0,0,0,0,0,0,0,0,0,0,0,0,0,0
kofamscan/ko_tables/sacrosine/MMETSP0111_clean.csv,0,0,0,1,0,0,0,0,0,0,0,0,0,0,0,0,0,0,0,0,1,0,0,0,0,0,0
kofamscan/ko_tables/sacrosine/MMETSP0411_clean.csv,0,0,0,0,0,0,0,0,0,0,0,0,0,0,0,0,0,0,0,0,1,0,0,0,0,0,0
kofamscan/ko_tables/sacrosine/MMETSP0317_clean.csv,0,0,0,0,0,0,0,0,0,0,0,0,0,0,0,0,0,0,0,0,0,0,0,0,0,0,0
kofamscan/ko_tables/sacrosine/MMETSP1148_clean.csv,0,0,0,0,0,0,0,0,0,0,0,0,0,0,0,0,0,0,0,0,0,0,0,0,0,0,0
kofamscan/ko_tables/sacrosine/MMETSP0957_clean.csv,0,0,0,0,0,0,1,0,0,0,0,0,0,0,0,0,0,0,0,0,1,0,0,0,0,0,0
kofamscan/ko_tables/sacrosine/MMETSP0914_clean.csv,0,0,0,0,0,0,1,0,0,0,0,0,0,0,0,0,0,0,0,0,1,0,0,0,0,0,0
kofamscan/ko_tables/sacrosine/MMETSP0738_clean.csv,0,1,0,0,1,0,1,0,1,0,1,0,0,0,1,0,0,1,0,0,1,1,0,0,1,0,0
kofamscan/ko_tables/sacrosine/MMETSP0010_clean.csv,0,0,0,0,0,0,0,0,0,0,0,0,0,0,0,0,0,0,0,0,1,0,0,0,0,0,0
kofamscan/ko_tables/sacrosine/MMETSP0056_clean.csv,0,0,0,0,0,0,1,0,1,0,0,0,0,0,0,0,0,0,0,1,1,0,0,0,0,0,0
kofamscan/ko_tables/sacrosine/MMETSP0595_clean.csv,0,0,0,0,0,0,0,0,0,0,0,0,0,0,0,0,0,0,0,0,1,0,0,0,0,0,0
kofamscan/ko_tables/sacrosine/MMETSP0116_clean.csv,0,0,0,0,0,0,1,0,1,0,0,0,0,0,0,0,0,0,0,0,1,0,0,1,0,0,0
kofamscan/ko_tables/sacrosine/MMETSP0368_clean.csv,0,0,0,0,0,0,1,0,1,0,0,0,0,0,0,0,0,0,0,1,1,0,0,1,0,0,0
kofamscan/ko_tables/sacrosine/MMETSP1156_clean.csv,0,0,0,0,0,0,1,0,0,0,0,0,0,0,0,0,0,0,0,0,1,0,0,0,0,0,0
kofamscan/ko_tables/sacrosine/MMETSP0881_clean.csv,0,0,0,0,0,0,0,0,0,0,0,0,0,0,0,0,0,0,0,0,0,0,0,0,0,0,0
kofamscan/ko_tables/sacrosine/MMETSP0114_clean.csv,0,0,0,0,1,0,0,0,0,0,0,0,0,0,0,0,0,0,1,1,1,0,0,0,0,0,0
kofamscan/ko_tables/sacrosine/MMETSP0706_clean.csv,0,0,0,0,0,0,0,0,0,0,0,0,0,0,0,0,0,0,0,0,0,0,0,0,0,0,0
kofamscan/ko_tables/sacrosine/MMETSP0802_clean.csv,0,0,0,1,0,0,0,0,0,0,0,0,0,0,0,0,0,0,0,0,0,0,0,0,0,0,0
kofamscan/ko_tables/sacrosine/MMETSP0371_clean.csv,0,0,0,0,0,0,1,0,0,0,0,0,0,0,0,0,0,0,0,0,1,0,0,1,0,0,0
kofamscan/ko_tables/sacrosine/MMETSP1426_clean.csv,0,0,1,0,0,0,1,0,0,0,0,0,0,0,0,0,0,0,0,1,1,0,0,1,0,0,0
kofamscan/ko_tables/sacrosine/MMETSP1173_clean.csv,0,0,0,0,0,0,0,0,0,0,0,0,0,0,0,0,0,0,0,0,1,0,0,0,0,0,0
kofamscan/ko_tables/sacrosine/MMETSP0726_clean.csv,0,0,0,0,0,0,0,0,0,0,0,0,0,0,0,0,0,0,0,0,0,0,0,0,0,0,0
kofamscan/ko_tables/sacrosine/MMETSP1330_clean.csv,0,0,0,1,0,0,0,0,0,0,0,0,0,0,0,0,0,0,0,0,0,0,0,0,0,0,0
kofamscan/ko_tables/sacrosine/MMETSP0807_clean.csv,0,0,0,1,0,0,0,0,0,0,0,0,0,0,0,0,0,0,0,0,1,0,0,0,0,0,0
kofamscan/ko_tables/sacrosine/MMETSP0125_clean.csv,0,0,0,0,0,0,0,0,0,0,0,0,0,0,0,1,0,0,1,0,0,0,0,0,0,0,0
kofamscan/ko_tables/sacrosine/MMETSP1370_clean.csv,0,0,0,0,0,0,1,0,0,0,0,0,0,0,0,0,0,0,0,1,1,0,0,0,0,0,0
kofamscan/ko_tables/sacrosine/MMETSP0033_clean.csv,0,0,0,1,0,0,0,0,0,0,0,0,1,0,0,0,0,0,0,0,0,0,0,0,0,0,1
kofamscan/ko_tables/sacrosine/MMETSP0109_clean.csv,0,0,0,0,0,0,1,0,0,0,0,0,0,0,0,0,0,0,0,0,1,0,0,0,0,0,0
kofamscan/ko_tables/sacrosine/MMETSP1329_clean.csv,0,0,0,1,0,0,0,0,0,0,0,0,1,0,0,0,0,0,0,0,1,0,0,0,0,0,0
kofamscan/ko_tables/sacrosine/MMETSP0057_clean.csv,0,0,0,0,0,0,1,0,1,0,0,0,0,0,0,0,0,0,0,1,0,0,0,0,0,0,0
kofamscan/ko_tables/sacrosine/MMETSP0990_clean.csv,0,0,0,0,0,0,0,0,0,0,0,0,0,0,0,0,0,0,0,0,1,0,0,0,0,0,0
kofamscan/ko_tables/sacrosine/MMETSP1107_clean.csv,0,0,0,0,0,0,0,0,0,0,0,0,0,0,0,0,0,0,0,1,0,0,0,0,0,0,0
kofamscan/ko_tables/sacrosine/MMETSP0766_clean.csv,0,0,0,0,0,0,0,0,1,0,0,0,0,0,0,0,0,0,0,0,1,0,0,0,0,0,0
kofamscan/ko_tables/sacrosine/MMETSP1435_clean.csv,0,0,0,0,0,0,0,0,0,0,0,0,0,0,0,0,0,0,0,0,0,0,0,0,0,0,0
kofamscan/ko_tables/sacrosine/MMETSP1416_clean.csv,0,0,0,0,0,0,0,0,0,0,0,0,0,0,0,0,0,0,0,0,0,0,0,0,0,0,0
kofamscan/ko_tables/sacrosine/MMETSP0469_clean.csv,0,0,1,0,0,0,1,0,0,0,0,0,0,0,0,1,0,0,0,1,1,0,0,1,0,0,0
kofamscan/ko_tables/sacrosine/MMETSP1038_clean.csv,0,0,0,0,0,0,1,0,1,0,0,0,1,0,0,0,0,0,0,0,1,0,0,1,0,0,0
kofamscan/ko_tables/sacrosine/MMETSP0998_clean.csv,0,0,0,0,0,0,0,0,0,0,0,0,0,0,0,0,0,0,0,0,0,0,0,0,0,0,0
kofamscan/ko_tables/sacrosine/MMETSP0988_clean.csv,0,0,0,0,0,0,0,0,0,0,0,0,0,0,0,0,0,0,0,1,0,0,0,0,0,0,0
kofamscan/ko_tables/sacrosine/MMETSP1445_clean.csv,0,0,0,0,0,0,0,0,0,0,0,0,0,1,0,0,0,0,0,0,0,0,0,0,0,0,1
kofamscan/ko_tables/sacrosine/MMETSP0562_clean.csv,0,0,0,0,0,0,0,0,0,0,0,0,0,0,0,0,0,0,0,0,0,0,0,0,0,0,0
kofamscan/ko_tables/sacrosine/MMETSP1443_clean.csv,0,0,0,0,0,0,0,0,0,0,0,0,0,0,0,0,0,0,0,0,0,0,0,0,0,0,0
kofamscan/ko_tables/sacrosine/MMETSP0983_clean.csv,0,0,0,0,0,0,0,0,0,0,0,0,0,0,0,0,0,0,0,0,1,0,0,0,0,0,0
kofamscan/ko_tables/sacrosine/MMETSP0817_clean.csv,0,0,0,1,0,0,0,0,0,0,0,0,0,0,0,0,0,0,0,1,0,0,0,0,0,0,1
kofamscan/ko_tables/sacrosine/MMETSP0733_clean.csv,0,0,0,0,0,0,0,0,0,0,0,0,0,0,0,0,0,0,0,0,1,0,0,0,0,0,0
kofamscan/ko_tables/sacrosine/MMETSP1177_clean.csv,0,0,0,0,0,0,0,0,0,0,0,0,0,0,0,0,0,0,0,1,1,0,0,0,0,0,1
kofamscan/ko_tables/sacrosine/MMETSP0698_clean.csv,0,0,0,0,0,0,0,0,0,0,0,0,0,0,0,0,0,0,0,0,0,0,0,0,0,0,0
kofamscan/ko_tables/sacrosine/MMETSP0110_clean.csv,0,0,0,1,0,0,1,0,0,0,0,0,1,0,0,0,0,0,0,0,1,1,0,0,0,0,0
kofamscan/ko_tables/sacrosine/MMETSP0753_clean.csv,0,0,0,0,0,0,0,0,0,0,0,0,0,0,0,0,0,0,0,0,0,0,0,0,0,0,0
kofamscan/ko_tables/sacrosine/MMETSP1016_clean.csv,0,0,0,1,0,0,1,0,1,0,0,0,0,0,0,0,0,0,0,0,1,0,0,0,0,0,0
kofamscan/ko_tables/sacrosine/MMETSP0449_clean.csv,0,0,0,0,0,0,0,0,0,0,0,0,0,0,0,0,0,0,1,0,0,0,0,0,0,0,0
kofamscan/ko_tables/sacrosine/MMETSP1105_clean.csv,0,0,0,0,0,0,0,0,0,0,0,0,0,0,0,0,0,0,1,1,0,0,0,0,0,0,0
kofamscan/ko_tables/sacrosine/MMETSP1463_clean.csv,0,0,0,0,0,0,0,0,0,0,0,0,0,0,0,0,0,0,0,0,1,0,0,0,0,0,0
kofamscan/ko_tables/sacrosine/MMETSP0962_clean.csv,0,0,0,0,0,0,0,0,0,0,0,0,0,0,0,0,0,0,0,0,0,0,0,0,0,0,0
kofamscan/ko_tables/sacrosine/MMETSP1098_clean.csv,0,0,0,0,0,0,1,0,0,0,0,0,0,0,0,1,0,0,1,1,0,0,0,0,0,0,1
kofamscan/ko_tables/sacrosine/MMETSP1441_clean.csv,0,0,0,0,0,0,0,0,0,0,0,0,0,0,0,0,0,0,0,0,1,0,0,1,0,0,0
kofamscan/ko_tables/sacrosine/MMETSP1074_clean.csv,0,0,0,0,0,1,1,0,1,0,0,0,0,0,0,0,0,0,0,1,1,1,0,1,0,0,0
kofamscan/ko_tables/sacrosine/MMETSP0908_clean.csv,0,0,0,0,0,0,0,0,0,0,0,0,0,0,0,0,0,0,0,0,1,0,0,0,0,0,0
kofamscan/ko_tables/sacrosine/MMETSP0484_clean.csv,0,0,0,0,0,0,0,0,0,0,0,0,0,0,0,0,0,0,0,0,1,0,0,0,0,0,0
kofamscan/ko_tables/sacrosine/MMETSP0044_clean.csv,0,0,0,0,0,0,0,0,0,0,0,0,0,0,0,0,0,0,0,0,0,0,0,0,0,0,0
kofamscan/ko_tables/sacrosine/MMETSP0795_clean.csv,0,0,0,0,0,0,0,0,0,0,0,0,0,0,0,0,0,0,0,0,1,0,0,1,0,0,0
kofamscan/ko_tables/sacrosine/MMETSP1362_clean.csv,0,0,0,0,0,0,0,0,0,0,0,0,0,0,0,0,0,0,0,0,1,0,0,0,0,0,0
kofamscan/ko_tables/sacrosine/MMETSP1041_clean.csv,1,0,0,0,0,0,0,0,0,0,0,0,0,0,0,0,0,0,0,1,0,0,0,0,0,0,0
kofamscan/ko_tables/sacrosine/MMETSP0403_clean.csv,0,0,0,0,0,0,0,0,0,0,0,0,0,0,0,0,0,0,0,0,0,0,0,0,0,0,0
kofamscan/ko_tables/sacrosine/MMETSP0949_clean.csv,0,0,0,0,0,0,0,0,0,0,0,0,0,0,0,0,0,0,0,0,1,0,0,0,0,0,0
kofamscan/ko_tables/sacrosine/MMETSP1010_clean.csv,0,0,0,0,0,0,0,0,0,0,0,0,0,0,0,0,0,0,0,0,1,0,0,0,0,0,0
kofamscan/ko_tables/sacrosine/MMETSP1353_clean.csv,0,0,0,0,0,0,0,0,0,0,0,0,0,0,0,0,0,0,0,0,1,0,0,0,0,0,0
kofamscan/ko_tables/sacrosine/MMETSP0150_clean.csv,0,0,0,0,0,0,0,0,0,0,0,0,0,0,0,0,0,0,0,0,0,0,0,0,0,0,0
kofamscan/ko_tables/sacrosine/MMETSP0893_clean.csv,0,0,0,1,0,0,0,0,0,0,0,0,0,0,0,0,0,0,0,0,0,0,0,0,0,0,0
kofamscan/ko_tables/sacrosine/MMETSP0294_clean.csv,0,0,0,0,0,0,0,0,0,0,0,0,0,0,0,0,0,0,0,0,0,0,0,0,0,0,0
kofamscan/ko_tables/sacrosine/MMETSP0145_clean.csv,0,0,0,0,0,0,0,0,0,0,0,0,0,0,0,0,0,0,0,0,1,0,0,1,0,0,0
kofamscan/ko_tables/sacrosine/MMETSP1405_clean.csv,0,0,0,0,0,0,0,0,0,0,0,0,0,0,0,0,0,0,0,0,0,0,0,0,0,0,0
kofamscan/ko_tables/sacrosine/MMETSP0046_clean.csv,0,0,0,0,0,0,0,0,0,0,0,0,0,0,0,0,0,0,0,0,1,0,0,0,0,0,0
kofamscan/ko_tables/sacrosine/MMETSP1083_clean.csv,0,0,0,0,0,0,0,0,0,0,0,0,1,0,0,0,0,0,0,0,1,0,0,0,0,0,0
kofamscan/ko_tables/sacrosine/MMETSP0724_clean.csv,0,0,0,0,0,0,0,0,0,0,0,0,0,0,0,0,0,0,0,0,0,0,0,0,0,0,0
kofamscan/ko_tables/sacrosine/MMETSP0472_clean.csv,0,0,0,0,0,0,0,0,0,0,0,0,0,0,0,0,0,0,1,0,0,0,0,0,0,0,0
kofamscan/ko_tables/sacrosine/MMETSP1352_clean.csv,0,0,0,0,0,0,0,0,0,0,0,0,0,0,0,0,0,0,0,0,0,0,0,0,0,0,0
kofamscan/ko_tables/sacrosine/MMETSP1364_clean.csv,0,0,0,0,0,0,1,0,0,0,0,0,0,0,0,0,0,0,0,0,1,0,0,0,0,0,0
kofamscan/ko_tables/sacrosine/MMETSP0174_clean.csv,0,0,0,0,0,0,0,0,0,0,0,0,0,1,0,0,0,0,0,0,1,0,0,0,0,0,0
kofamscan/ko_tables/sacrosine/MMETSP1365_clean.csv,0,0,0,1,0,0,1,0,0,0,0,0,0,0,0,0,0,0,0,0,1,0,0,0,0,0,0
kofamscan/ko_tables/sacrosine/MMETSP0971_clean.csv,0,0,0,0,0,0,0,0,0,0,0,0,0,0,0,0,0,0,0,0,0,0,0,0,0,0,0
kofamscan/ko_tables/sacrosine/MMETSP0896_clean.csv,0,0,0,0,0,0,0,0,0,0,0,0,0,0,0,0,0,0,0,0,0,0,0,0,0,0,0
kofamscan/ko_tables/sacrosine/MMETSP0879_clean.csv,0,0,0,0,0,0,0,0,0,0,0,0,0,0,0,0,0,0,0,0,0,0,0,0,0,0,0
kofamscan/ko_tables/sacrosine/MMETSP1359_clean.csv,0,0,0,1,0,0,0,0,0,0,0,0,0,0,0,0,0,0,0,0,0,0,0,0,0,0,0
kofamscan/ko_tables/sacrosine/MMETSP0972_clean.csv,0,0,0,0,0,0,0,0,0,0,0,0,0,0,0,0,0,0,0,0,0,0,0,0,0,0,0
kofamscan/ko_tables/sacrosine/MMETSP1323_clean.csv,0,0,0,0,0,0,0,0,0,0,0,0,0,0,0,0,0,0,0,0,1,0,0,0,0,0,0
kofamscan/ko_tables/sacrosine/MMETSP0156_clean.csv,0,0,0,0,0,0,0,0,0,0,0,0,0,0,0,0,0,0,0,0,0,0,0,0,0,0,0
kofamscan/ko_tables/sacrosine/MMETSP0142_clean.csv,0,0,0,0,0,0,0,0,0,0,0,0,0,0,0,0,0,0,0,0,1,0,0,0,0,0,0
kofamscan/ko_tables/sacrosine/MMETSP0123_clean.csv,0,0,0,0,0,0,0,0,0,0,0,0,0,0,0,0,0,0,0,0,0,0,0,0,0,0,0
kofamscan/ko_tables/sacrosine/MMETSP0107_clean.csv,0,0,0,0,0,0,0,0,0,0,0,0,0,0,0,0,0,0,1,0,1,0,0,0,0,0,0
kofamscan/ko_tables/sacrosine/MMETSP1367_clean.csv,0,0,0,0,0,0,1,0,1,0,0,0,0,0,0,0,0,0,0,0,1,0,0,0,0,0,0
kofamscan/ko_tables/sacrosine/MMETSP0029_clean.csv,0,0,0,0,0,1,1,0,1,0,0,0,1,0,0,0,0,0,0,0,1,0,0,0,0,0,0
kofamscan/ko_tables/sacrosine/MMETSP1324_clean.csv,0,0,0,0,0,0,1,0,0,0,0,0,0,0,0,1,0,0,0,0,1,0,0,0,0,0,0
kofamscan/ko_tables/sacrosine/MMETSP0916_clean.csv,0,0,0,0,0,0,1,0,0,0,0,0,0,0,0,0,0,0,0,0,1,0,0,0,0,0,0
kofamscan/ko_tables/sacrosine/MMETSP0108_clean.csv,0,0,0,0,0,0,0,0,0,0,0,0,0,0,0,0,0,0,1,1,1,0,0,0,0,0,0
kofamscan/ko_tables/sacrosine/MMETSP0027_clean.csv,0,0,0,0,0,1,1,0,1,0,0,0,1,0,0,0,0,0,0,1,1,0,0,0,0,0,0
kofamscan/ko_tables/sacrosine/MMETSP0251_clean.csv,0,0,0,0,0,0,0,0,0,0,0,0,0,0,0,0,0,0,0,0,0,0,0,0,0,0,0
kofamscan/ko_tables/sacrosine/MMETSP1018_clean.csv,0,0,0,0,0,0,0,0,0,0,0,0,0,0,0,0,0,0,0,0,0,0,0,0,0,0,0
kofamscan/ko_tables/sacrosine/MMETSP1089_clean.csv,0,0,0,0,0,0,0,0,0,0,0,0,0,0,0,0,0,0,1,0,1,0,0,0,0,0,0
kofamscan/ko_tables/sacrosine/MMETSP1369_clean.csv,0,0,0,0,0,0,1,0,1,0,0,0,0,0,0,0,0,0,0,0,1,0,0,0,0,0,0
kofamscan/ko_tables/sacrosine/MMETSP1144_clean.csv,0,0,0,0,0,0,0,0,0,0,0,0,0,0,0,0,0,0,0,1,1,0,0,0,0,0,0
kofamscan/ko_tables/sacrosine/MMETSP1143_clean.csv,0,0,0,0,0,0,0,0,0,0,0,0,0,0,0,0,0,0,0,1,1,0,0,0,0,0,0
kofamscan/ko_tables/sacrosine/MMETSP0944_clean.csv,0,0,0,0,0,0,0,0,0,0,0,0,0,0,0,0,0,0,0,0,1,0,0,0,0,0,0
kofamscan/ko_tables/sacrosine/MMETSP1310_clean.csv,0,0,0,1,0,0,0,0,0,0,0,0,0,0,0,1,0,0,1,0,1,0,0,0,0,0,0
kofamscan/ko_tables/sacrosine/MMETSP0382_clean.csv,0,0,0,1,0,1,1,0,1,0,0,0,1,0,0,0,0,0,0,1,1,0,0,0,1,0,0
kofamscan/ko_tables/sacrosine/MMETSP1402_clean.csv,0,0,0,1,0,0,0,0,0,0,0,0,0,0,0,0,0,0,0,0,0,0,0,0,0,0,0
kofamscan/ko_tables/sacrosine/MMETSP1315_clean.csv,0,0,0,0,0,0,0,0,0,0,0,0,0,0,0,0,0,0,0,0,1,0,0,0,0,0,0
kofamscan/ko_tables/sacrosine/MMETSP0956_clean.csv,0,0,0,0,0,0,1,0,0,0,0,0,0,0,0,0,0,0,0,0,1,0,0,0,0,0,0
kofamscan/ko_tables/sacrosine/MMETSP0166_clean.csv,0,0,0,0,1,0,0,0,0,0,0,0,0,0,0,0,0,0,1,0,1,0,0,0,0,0,0
kofamscan/ko_tables/sacrosine/MMETSP0939_clean.csv,0,0,0,0,1,0,0,0,0,0,0,0,0,0,0,0,0,0,0,0,0,0,0,0,0,0,0
kofamscan/ko_tables/sacrosine/MMETSP1140_clean.csv,0,0,0,0,0,0,0,0,0,0,0,0,0,0,0,0,0,0,0,0,1,0,0,0,0,0,0
kofamscan/ko_tables/sacrosine/MMETSP1377_clean.csv,0,0,0,0,0,0,0,0,0,0,0,0,0,0,0,0,0,0,1,0,0,0,0,0,0,0,0
kofamscan/ko_tables/sacrosine/MMETSP1434_clean.csv,0,0,0,0,0,0,0,0,0,0,0,0,0,0,0,0,0,0,0,0,0,0,0,0,0,0,0
kofamscan/ko_tables/sacrosine/MMETSP0121_clean.csv,0,0,0,0,0,0,1,0,0,0,0,0,0,0,0,0,0,0,1,0,0,0,0,1,0,0,0
kofamscan/ko_tables/sacrosine/MMETSP1390_clean.csv,0,0,0,1,0,0,0,0,0,0,0,0,0,0,0,0,0,0,0,0,0,0,0,0,0,0,0
kofamscan/ko_tables/sacrosine/MMETSP0994_clean.csv,0,0,0,0,0,0,1,0,0,0,0,0,0,0,0,0,0,0,0,0,1,0,0,0,0,0,0
kofamscan/ko_tables/sacrosine/MMETSP1012_clean.csv,0,0,0,0,0,0,0,0,0,0,0,0,0,0,0,0,0,0,0,0,0,0,0,0,0,0,0
kofamscan/ko_tables/sacrosine/MMETSP0047_clean.csv,0,0,0,0,0,0,0,0,0,0,0,0,0,0,0,0,0,0,0,1,0,0,0,0,0,0,0
kofamscan/ko_tables/sacrosine/MMETSP0410_clean.csv,0,0,0,0,0,0,0,0,0,0,0,0,0,0,0,0,0,0,0,0,1,0,0,0,0,0,0
kofamscan/ko_tables/sacrosine/MMETSP0295_clean.csv,0,0,0,0,0,0,0,0,0,0,0,0,0,0,0,0,0,0,0,0,1,0,0,0,0,0,0
kofamscan/ko_tables/sacrosine/MMETSP0803_clean.csv,0,0,0,1,0,0,0,0,0,0,0,0,0,0,0,0,0,0,0,0,0,0,0,0,0,0,0
kofamscan/ko_tables/sacrosine/MMETSP1066_clean.csv,0,0,0,0,0,0,0,0,0,0,0,0,0,0,0,0,0,0,0,0,1,0,0,0,0,0,0
kofamscan/ko_tables/sacrosine/MMETSP0814_clean.csv,0,0,0,0,0,0,0,0,0,0,0,0,1,0,0,0,0,0,0,0,1,0,0,0,0,0,0
kofamscan/ko_tables/sacrosine/MMETSP0697_clean.csv,0,0,0,0,0,0,0,0,0,0,0,0,0,0,0,0,0,0,0,0,0,0,0,0,0,0,0
kofamscan/ko_tables/sacrosine/MMETSP0228_clean.csv,0,0,0,1,0,1,1,0,1,0,0,0,0,0,0,0,0,0,0,1,1,0,0,1,0,0,0
kofamscan/ko_tables/sacrosine/MMETSP0725_clean.csv,0,0,0,0,0,0,0,0,0,0,0,0,0,0,0,0,0,0,0,0,0,0,0,0,0,0,0
kofamscan/ko_tables/sacrosine/MMETSP0492_clean.csv,0,0,0,0,0,0,0,0,0,0,0,0,0,0,0,0,0,0,0,0,0,0,0,0,0,0,0
kofamscan/ko_tables/sacrosine/MMETSP1065_clean.csv,0,0,0,0,0,0,0,0,0,0,0,0,0,0,0,0,0,0,0,0,1,0,0,0,0,0,0
kofamscan/ko_tables/sacrosine/MMETSP1006_clean.csv,0,0,0,0,0,0,1,0,0,0,0,0,0,0,0,0,0,0,0,0,1,0,0,0,0,0,0
kofamscan/ko_tables/sacrosine/MMETSP0143_clean.csv,0,0,0,0,0,0,0,0,0,0,0,0,0,0,0,0,0,0,0,0,1,0,0,1,0,0,0
kofamscan/ko_tables/sacrosine/MMETSP1033_clean.csv,0,0,0,0,0,1,1,0,1,0,0,0,0,0,0,0,0,0,0,0,1,1,0,0,0,0,0
kofamscan/ko_tables/sacrosine/MMETSP0974_clean.csv,0,0,0,0,0,0,0,0,0,0,0,0,0,0,0,0,0,0,0,0,1,0,0,0,0,0,0
kofamscan/ko_tables/sacrosine/MMETSP1147_clean.csv,0,0,0,0,0,0,0,0,0,0,0,0,0,0,0,0,0,0,0,0,0,0,0,0,0,0,0
kofamscan/ko_tables/sacrosine/MMETSP1404_clean.csv,0,0,0,1,0,0,0,0,0,0,0,0,0,0,0,0,0,0,0,0,0,0,0,0,0,0,0
kofamscan/ko_tables/sacrosine/MMETSP1048_clean.csv,0,0,0,0,0,0,0,0,0,0,0,0,0,0,0,0,0,0,0,0,0,0,0,0,0,0,0
kofamscan/ko_tables/sacrosine/MMETSP0970_clean.csv,0,0,0,0,0,0,0,0,0,0,0,0,0,0,0,0,0,0,0,0,0,0,0,0,0,0,0
kofamscan/ko_tables/sacrosine/MMETSP0747_clean.csv,0,0,0,0,0,0,0,0,0,0,0,0,0,0,0,0,0,0,0,0,0,0,0,0,0,0,0
kofamscan/ko_tables/sacrosine/MMETSP0020_clean.csv,0,0,0,0,0,0,0,0,0,0,0,0,0,0,0,0,0,0,1,1,1,0,0,0,0,0,0
kofamscan/ko_tables/sacrosine/MMETSP0019_clean.csv,0,0,0,1,0,0,0,0,0,0,0,0,0,0,0,0,0,0,0,1,1,0,0,0,0,0,0
kofamscan/ko_tables/sacrosine/MMETSP0216_clean.csv,0,0,0,0,0,0,0,0,0,0,0,0,0,0,0,0,0,0,1,0,0,0,0,0,0,0,0
kofamscan/ko_tables/sacrosine/MMETSP1170_clean.csv,0,0,0,0,0,0,0,0,0,0,0,0,0,0,0,0,0,0,0,0,0,0,0,0,0,0,0
kofamscan/ko_tables/sacrosine/MMETSP0031_clean.csv,0,0,0,0,0,1,1,0,1,0,0,0,0,0,0,0,0,0,0,0,1,0,0,0,0,0,0
kofamscan/ko_tables/sacrosine/MMETSP1328_clean.csv,0,0,0,1,0,0,0,0,0,0,0,0,0,0,0,0,0,0,0,0,1,0,0,0,0,0,0
kofamscan/ko_tables/sacrosine/MMETSP1175_clean.csv,0,0,0,0,0,0,0,0,0,0,0,0,0,0,0,0,0,0,0,0,0,0,0,0,0,0,0
kofamscan/ko_tables/sacrosine/MMETSP0985_clean.csv,0,0,0,0,0,0,0,0,0,0,0,0,0,0,0,0,0,0,0,0,1,0,0,0,0,0,0
kofamscan/ko_tables/sacrosine/MMETSP0936_clean.csv,0,0,0,1,0,0,0,0,0,0,0,0,0,0,0,0,0,0,0,0,0,0,0,0,0,0,0
kofamscan/ko_tables/sacrosine/MMETSP1129_clean.csv,0,0,0,0,0,0,0,0,0,0,0,0,0,0,0,0,0,0,0,0,1,0,0,0,0,0,0
kofamscan/ko_tables/sacrosine/MMETSP1102_clean.csv,0,0,0,0,0,0,0,0,0,0,0,0,0,0,0,0,0,0,0,1,1,0,0,0,0,0,0
kofamscan/ko_tables/sacrosine/MMETSP0232_clean.csv,0,0,0,0,0,0,0,0,0,0,0,0,0,0,0,0,0,0,0,0,0,0,0,0,0,0,0
kofamscan/ko_tables/sacrosine/MMETSP0127_clean.csv,0,0,0,0,0,0,0,0,0,0,0,0,0,0,0,0,0,0,1,0,0,0,0,0,0,0,0
kofamscan/ko_tables/sacrosine/MMETSP0491_clean.csv,0,0,0,1,1,0,0,0,0,0,0,0,0,0,0,0,0,0,0,0,0,0,0,0,0,0,1
kofamscan/ko_tables/sacrosine/MMETSP0167_clean.csv,0,0,0,0,0,0,0,0,0,0,0,0,0,0,0,0,0,0,0,0,1,0,0,0,0,0,0
kofamscan/ko_tables/sacrosine/MMETSP1335_clean.csv,0,0,0,0,0,0,0,0,0,0,0,0,0,0,0,0,0,0,0,0,1,0,0,0,0,0,0
kofamscan/ko_tables/sacrosine/MMETSP0897_clean.csv,0,0,0,0,0,0,0,0,0,0,0,0,0,0,0,0,0,0,0,0,1,0,0,0,0,0,0
kofamscan/ko_tables/sacrosine/MMETSP0708_clean.csv,0,0,0,0,0,0,0,0,0,0,0,0,0,0,0,0,0,0,0,0,0,0,0,0,0,0,0
kofamscan/ko_tables/sacrosine/MMETSP0528_clean.csv,0,0,0,0,0,1,1,0,1,0,0,0,0,0,0,0,0,0,0,1,1,0,0,1,0,0,0
kofamscan/ko_tables/sacrosine/MMETSP0101_clean.csv,0,0,0,0,0,0,1,0,0,0,0,0,0,0,0,0,0,0,1,0,0,0,0,0,0,0,0
kofamscan/ko_tables/sacrosine/MMETSP0235_clean.csv,0,0,0,0,0,0,0,0,0,0,0,0,0,0,0,1,0,0,0,0,0,0,0,0,0,0,0
kofamscan/ko_tables/sacrosine/MMETSP0196_clean.csv,0,0,0,0,0,0,0,0,0,0,0,0,0,0,0,0,0,0,0,0,0,0,0,0,0,0,0
kofamscan/ko_tables/sacrosine/MMETSP0752_clean.csv,0,0,0,0,0,0,0,0,0,0,0,0,0,0,0,0,0,0,0,0,0,0,0,0,0,0,0
kofamscan/ko_tables/sacrosine/MMETSP0948_clean.csv,0,0,0,0,0,0,0,0,0,0,0,0,0,0,0,0,0,0,0,0,1,0,0,0,0,0,0
kofamscan/ko_tables/sacrosine/MMETSP0648_clean.csv,0,0,0,0,0,1,1,0,1,0,0,0,0,0,0,0,0,0,0,1,1,0,0,0,1,0,0
kofamscan/ko_tables/sacrosine/MMETSP0905_clean.csv,0,0,0,0,0,0,0,0,0,0,0,0,0,0,0,0,0,0,0,0,0,0,0,0,0,0,0
kofamscan/ko_tables/sacrosine/MMETSP1164_clean.csv,0,0,0,1,0,0,0,0,0,0,0,0,0,0,0,0,0,0,0,0,1,0,0,0,0,0,0
kofamscan/ko_tables/sacrosine/MMETSP0190_clean.csv,0,0,0,0,0,0,0,0,0,0,0,0,0,0,0,0,0,0,0,0,0,0,0,0,0,0,0
kofamscan/ko_tables/sacrosine/MMETSP0161_clean.csv,0,0,0,0,0,0,0,0,0,0,0,0,0,0,0,1,0,0,0,0,1,0,0,1,0,0,0
kofamscan/ko_tables/sacrosine/MMETSP0090_clean.csv,0,0,0,0,0,0,0,0,0,0,0,0,0,0,0,0,0,0,0,0,0,0,0,0,0,0,0
kofamscan/ko_tables/sacrosine/MMETSP0895_clean.csv,0,0,0,0,0,0,0,0,0,0,0,0,0,0,0,0,0,0,0,0,0,0,0,0,0,0,0
kofamscan/ko_tables/sacrosine/MMETSP0946_clean.csv,0,0,0,0,0,0,0,0,0,0,0,0,0,0,0,0,0,0,0,0,0,0,0,0,0,0,0
kofamscan/ko_tables/sacrosine/MMETSP0943_clean.csv,0,0,0,0,0,0,0,0,0,0,0,0,0,0,0,0,0,0,0,0,1,0,0,0,0,0,0
kofamscan/ko_tables/sacrosine/MMETSP0439_clean.csv,0,0,0,0,0,1,1,0,1,0,0,0,1,0,0,0,0,0,1,0,1,0,0,0,0,0,0
kofamscan/ko_tables/sacrosine/MMETSP0053_clean.csv,0,0,0,0,0,0,1,0,1,0,0,0,0,0,0,0,0,0,0,1,0,0,0,0,0,0,0
kofamscan/ko_tables/sacrosine/MMETSP0030_clean.csv,0,0,0,0,0,1,1,0,1,0,0,0,1,0,0,0,0,0,0,1,1,0,0,0,0,0,0
kofamscan/ko_tables/sacrosine/MMETSP0886_clean.csv,0,0,0,1,0,0,0,0,0,0,0,0,0,0,0,0,0,0,0,0,0,0,0,0,0,0,0
kofamscan/ko_tables/sacrosine/MMETSP0735_clean.csv,0,0,0,0,0,0,0,0,0,0,0,0,0,0,0,0,0,0,0,0,1,0,0,0,0,0,0
kofamscan/ko_tables/sacrosine/MMETSP1423_clean.csv,0,0,0,0,0,0,0,0,0,0,0,0,0,0,0,0,0,0,0,0,1,0,0,0,0,0,0
kofamscan/ko_tables/sacrosine/MMETSP1356_clean.csv,1,0,0,0,0,0,0,0,0,0,0,0,0,0,0,0,0,0,0,1,0,0,0,0,0,0,0
kofamscan/ko_tables/sacrosine/MMETSP1451_clean.csv,0,0,0,0,0,0,1,0,1,0,0,0,0,0,0,0,0,0,0,0,0,0,0,0,0,0,0
kofamscan/ko_tables/sacrosine/MMETSP1334_clean.csv,0,0,0,1,0,0,0,0,0,0,0,0,0,0,0,0,0,0,0,1,1,0,0,0,0,0,0
kofamscan/ko_tables/sacrosine/MMETSP1327_clean.csv,0,0,0,1,0,0,0,0,0,0,0,0,0,0,0,0,0,0,0,0,0,0,0,0,0,0,0
kofamscan/ko_tables/sacrosine/MMETSP1116_clean.csv,0,0,0,0,0,0,0,0,0,0,0,0,0,0,0,0,0,0,0,1,1,0,0,0,0,0,0
kofamscan/ko_tables/sacrosine/MMETSP0313_clean.csv,0,0,0,0,0,0,0,0,0,0,0,0,0,0,0,0,0,0,0,0,0,0,0,0,0,0,0
kofamscan/ko_tables/sacrosine/MMETSP0580_clean.csv,0,0,0,0,0,0,0,0,0,0,0,0,0,0,0,0,0,0,0,0,0,0,0,0,0,0,0
kofamscan/ko_tables/sacrosine/MMETSP0315_clean.csv,0,0,0,0,0,0,0,0,0,0,0,0,0,0,0,0,0,0,0,0,1,0,0,0,0,0,0
kofamscan/ko_tables/sacrosine/MMETSP0958_clean.csv,0,0,0,0,0,0,1,0,0,0,0,0,0,0,0,0,0,0,0,0,1,0,0,0,0,0,0
kofamscan/ko_tables/sacrosine/MMETSP0915_clean.csv,0,0,0,0,0,0,1,0,0,0,0,0,0,0,0,0,0,0,0,0,1,0,0,0,0,0,0
kofamscan/ko_tables/sacrosine/MMETSP1167_clean.csv,0,0,0,0,0,0,0,0,0,0,0,0,0,0,0,0,0,0,0,1,0,0,0,0,0,0,0
kofamscan/ko_tables/sacrosine/MMETSP1468_clean.csv,0,0,0,0,0,0,0,0,0,0,0,0,1,0,0,0,0,0,0,0,0,0,0,0,0,0,0
kofamscan/ko_tables/sacrosine/MMETSP0806_clean.csv,0,0,0,0,0,0,0,0,0,0,0,0,1,0,0,0,0,0,0,0,1,0,0,0,0,0,0
kofamscan/ko_tables/sacrosine/MMETSP0903_clean.csv,0,0,0,0,0,0,0,0,0,0,0,0,0,0,0,0,0,0,0,0,0,0,0,0,0,0,0
kofamscan/ko_tables/sacrosine/MMETSP1391_clean.csv,0,0,0,0,1,0,0,0,0,0,0,0,0,0,0,0,0,0,0,0,1,0,0,0,0,0,1
kofamscan/ko_tables/sacrosine/MMETSP1142_clean.csv,0,0,0,0,0,0,0,0,0,0,0,0,0,0,0,0,0,0,0,1,1,0,0,0,0,0,0
kofamscan/ko_tables/sacrosine/MMETSP0369_clean.csv,0,0,0,0,0,0,0,0,0,0,0,0,0,0,0,0,0,0,0,1,1,0,0,1,0,0,0
kofamscan/ko_tables/sacrosine/MMETSP0414_clean.csv,0,0,0,0,0,0,0,0,0,0,0,0,0,0,0,0,0,0,0,0,1,0,0,0,0,0,0
kofamscan/ko_tables/sacrosine/MMETSP1138_clean.csv,0,0,0,0,0,0,0,0,0,0,0,0,0,0,0,0,0,0,0,0,1,0,0,0,0,0,0
kofamscan/ko_tables/sacrosine/MMETSP0707_clean.csv,0,0,0,0,0,0,0,0,0,0,0,0,0,0,0,0,0,0,0,0,0,0,0,0,0,0,0
kofamscan/ko_tables/sacrosine/MMETSP0314_clean.csv,0,0,0,0,0,0,0,0,0,0,0,0,0,0,0,0,0,0,0,0,1,0,0,0,0,0,0
kofamscan/ko_tables/sacrosine/MMETSP1410_clean.csv,0,0,0,0,0,0,0,0,0,0,0,0,0,0,0,0,0,0,0,0,0,0,0,0,0,0,0
kofamscan/ko_tables/sacrosine/MMETSP0152_clean.csv,0,0,0,0,0,0,0,0,0,0,0,0,0,0,0,0,0,0,0,1,1,0,0,1,0,0,0
kofamscan/ko_tables/sacrosine/MMETSP0321_clean.csv,0,0,0,0,0,0,0,0,0,0,0,0,0,0,0,0,0,0,0,0,1,0,0,0,0,0,0
kofamscan/ko_tables/sacrosine/MMETSP0201_clean.csv,0,0,0,0,0,1,1,0,1,0,0,0,1,0,0,0,0,0,0,1,1,0,0,0,0,0,0
kofamscan/ko_tables/sacrosine/MMETSP0882_clean.csv,0,0,0,0,0,0,0,0,0,0,0,0,0,0,0,0,0,0,0,0,1,0,0,0,0,0,0
kofamscan/ko_tables/sacrosine/MMETSP1456_clean.csv,0,0,1,0,0,0,0,0,0,0,0,0,0,1,0,0,0,0,0,0,0,0,0,0,0,1,0
kofamscan/ko_tables/sacrosine/MMETSP0503_clean.csv,0,0,0,0,0,0,1,0,1,0,0,0,0,0,0,0,0,0,0,0,1,0,0,0,0,0,0
kofamscan/ko_tables/sacrosine/MMETSP0158_clean.csv,0,0,0,0,0,0,0,0,0,0,0,0,0,0,0,0,0,0,0,0,0,0,0,0,0,0,0
kofamscan/ko_tables/sacrosine/MMETSP0463_clean.csv,0,0,0,0,0,0,0,0,0,0,0,0,0,0,0,0,0,0,0,0,0,0,0,0,0,0,0
kofamscan/ko_tables/sacrosine/MMETSP0804_clean.csv,0,0,0,1,0,0,0,0,0,0,0,0,1,0,0,0,0,0,0,0,0,0,0,0,0,0,0
kofamscan/ko_tables/sacrosine/MMETSP1424_clean.csv,0,0,0,0,0,0,1,0,0,0,0,0,0,0,0,0,0,0,0,1,1,0,0,1,0,0,0
kofamscan/ko_tables/sacrosine/MMETSP0325_clean.csv,0,0,0,0,0,0,1,0,1,0,0,0,0,0,0,0,0,0,0,1,1,0,0,1,0,0,0
kofamscan/ko_tables/sacrosine/MMETSP1009_clean.csv,0,0,0,1,0,0,0,0,0,0,0,0,0,0,0,0,0,0,0,0,0,0,0,0,0,0,0
kofamscan/ko_tables/sacrosine/MMETSP1094_clean.csv,0,0,0,0,0,0,0,0,0,0,0,0,0,0,0,0,0,0,0,0,1,0,0,0,0,0,0
kofamscan/ko_tables/sacrosine/MMETSP0370_clean.csv,0,0,0,0,0,0,1,0,1,0,0,0,0,0,0,0,0,0,0,0,1,0,0,1,0,0,0
kofamscan/ko_tables/sacrosine/MMETSP0405_clean.csv,0,0,0,0,0,0,0,0,0,0,0,0,0,0,0,0,0,0,1,0,0,0,0,0,0,1,0
kofamscan/ko_tables/sacrosine/MMETSP0009_clean.csv,0,0,0,0,0,0,0,0,0,0,0,0,0,0,0,0,0,0,0,0,1,0,0,0,0,0,0
kofamscan/ko_tables/sacrosine/MMETSP1034_clean.csv,0,0,0,0,0,1,1,0,1,0,0,0,0,0,0,0,0,0,0,0,1,1,0,0,0,0,0
kofamscan/ko_tables/sacrosine/MMETSP0448_clean.csv,0,0,0,0,0,0,1,0,1,0,0,0,0,0,0,0,0,0,0,0,1,0,0,1,0,0,0
kofamscan/ko_tables/sacrosine/MMETSP0982_clean.csv,0,0,0,0,0,0,0,0,0,0,0,0,0,0,0,0,0,0,0,0,1,0,0,0,0,0,0
kofamscan/ko_tables/sacrosine/MMETSP0758_clean.csv,0,0,0,0,0,0,0,0,0,0,0,0,0,0,0,0,0,0,1,0,1,0,0,0,0,0,0
kofamscan/ko_tables/sacrosine/MMETSP1084_clean.csv,0,0,0,1,0,0,0,0,0,0,0,0,1,0,0,0,0,0,0,0,0,0,0,0,0,0,0
kofamscan/ko_tables/sacrosine/MMETSP1339_clean.csv,0,0,0,0,0,0,0,0,0,0,0,0,0,0,0,0,0,0,0,0,1,0,0,0,0,0,0
kofamscan/ko_tables/sacrosine/MMETSP0164_clean.csv,0,0,0,0,0,0,0,0,0,0,0,0,0,0,0,0,0,0,0,0,1,0,0,0,0,0,0
kofamscan/ko_tables/sacrosine/MMETSP0740_clean.csv,0,1,0,1,0,0,0,0,0,0,0,0,0,0,0,0,0,0,0,0,1,0,0,0,0,0,0
kofamscan/ko_tables/sacrosine/MMETSP0268_clean.csv,0,0,0,0,0,1,1,0,1,0,0,0,0,0,0,0,0,0,0,1,1,0,0,0,0,0,0
kofamscan/ko_tables/sacrosine/MMETSP1309_clean.csv,0,0,1,0,0,0,0,0,0,0,0,0,0,0,0,0,0,0,0,0,0,0,0,0,0,0,0
kofamscan/ko_tables/sacrosine/MMETSP0287_clean.csv,0,0,0,0,0,0,1,0,0,0,0,0,0,0,0,0,0,0,0,0,1,0,0,0,0,0,0
kofamscan/ko_tables/sacrosine/MMETSP0884_clean.csv,0,0,0,0,0,0,0,0,0,0,0,0,0,0,0,0,0,0,0,0,1,0,0,0,0,0,0
kofamscan/ko_tables/sacrosine/MMETSP1163_clean.csv,0,0,0,0,0,0,0,0,0,0,0,0,0,0,0,1,0,0,0,0,1,0,0,0,0,0,0
kofamscan/ko_tables/sacrosine/MMETSP0997_clean.csv,0,0,0,0,0,0,0,0,0,0,0,0,0,0,0,0,0,0,0,0,1,0,0,0,0,0,0
kofamscan/ko_tables/sacrosine/MMETSP1136_clean.csv,0,0,0,0,0,0,0,0,0,0,0,0,0,0,0,0,0,0,0,0,1,0,0,0,0,0,0
kofamscan/ko_tables/sacrosine/MMETSP0384_clean.csv,0,0,0,0,0,1,1,0,1,0,0,0,0,0,0,0,0,0,1,1,1,0,0,0,0,0,0
kofamscan/ko_tables/sacrosine/MMETSP0989_clean.csv,0,0,0,0,0,0,0,0,0,0,0,0,0,0,0,0,0,0,0,1,0,0,0,0,0,0,0
kofamscan/ko_tables/sacrosine/MMETSP0191_clean.csv,0,0,0,0,0,0,0,0,0,0,0,0,0,0,0,0,0,0,0,0,1,0,0,0,0,0,0
kofamscan/ko_tables/sacrosine/MMETSP0043_clean.csv,1,0,0,0,0,0,0,0,0,0,0,0,0,0,0,0,0,0,0,1,0,0,0,0,0,0,0
kofamscan/ko_tables/sacrosine/MMETSP1124_clean.csv,0,0,0,0,0,0,0,0,0,0,0,0,0,0,0,0,0,0,0,0,1,0,0,1,0,0,0
kofamscan/ko_tables/sacrosine/MMETSP1311_clean.csv,0,0,0,0,0,0,0,0,0,0,0,0,0,0,0,0,0,0,0,0,1,0,0,0,0,0,0
kofamscan/ko_tables/sacrosine/MMETSP0319_clean.csv,0,0,0,0,0,0,0,0,0,0,0,0,0,0,0,0,0,0,0,0,0,0,0,0,0,0,0
kofamscan/ko_tables/sacrosine/MMETSP0045_clean.csv,0,0,0,1,0,0,0,0,0,0,0,0,0,0,0,0,0,0,0,0,1,0,0,0,0,0,0
kofamscan/ko_tables/sacrosine/MMETSP1166_clean.csv,0,0,0,0,0,0,1,0,0,0,0,0,0,0,0,0,0,0,0,0,1,0,0,0,0,0,0
kofamscan/ko_tables/sacrosine/MMETSP1440_clean.csv,0,0,0,0,0,0,1,0,1,0,0,0,0,0,0,0,0,0,0,0,0,0,0,1,0,0,0
kofamscan/ko_tables/sacrosine/MMETSP1071_clean.csv,0,0,0,0,0,0,0,0,0,0,0,0,0,0,0,0,0,0,0,0,0,0,0,0,0,0,0
kofamscan/ko_tables/sacrosine/MMETSP0850_clean.csv,0,0,0,0,0,0,0,0,0,0,0,0,0,0,0,0,0,0,0,0,1,0,0,0,0,0,0
kofamscan/ko_tables/sacrosine/MMETSP0113_clean.csv,0,0,0,1,0,0,0,0,0,0,0,0,0,0,0,0,0,0,0,0,1,0,0,0,0,0,0
kofamscan/ko_tables/sacrosine/MMETSP1180_clean.csv,0,0,0,0,1,0,0,0,0,0,0,0,0,0,0,0,0,0,0,0,1,0,0,0,0,0,1
kofamscan/ko_tables/sacrosine/MMETSP0103_clean.csv,0,0,0,0,0,0,1,0,0,0,0,0,0,0,0,1,0,0,1,0,1,0,0,0,0,0,0
kofamscan/ko_tables/sacrosine/MMETSP0126_clean.csv,0,0,0,0,0,0,0,0,0,0,0,0,0,0,0,0,0,0,0,0,0,0,0,0,0,0,0
kofamscan/ko_tables/sacrosine/MMETSP1354_clean.csv,0,0,0,0,0,0,0,0,0,0,0,0,0,0,0,0,0,0,0,0,1,0,0,0,0,0,0
kofamscan/ko_tables/sacrosine/MMETSP0468_clean.csv,0,0,1,0,0,0,1,0,0,0,0,0,0,0,0,0,0,0,0,1,1,0,0,1,0,0,0
kofamscan/ko_tables/sacrosine/MMETSP0954_clean.csv,0,0,0,0,0,0,1,0,0,0,0,0,0,0,0,0,0,0,0,0,1,0,0,0,0,0,0
kofamscan/ko_tables/sacrosine/MMETSP1054_clean.csv,0,0,0,1,0,0,0,0,0,0,0,0,0,0,0,0,0,0,0,0,1,1,0,0,0,0,0
kofamscan/ko_tables/sacrosine/MMETSP0397_clean.csv,0,0,0,0,0,0,0,0,0,0,0,0,0,0,0,0,0,0,0,0,1,0,0,0,0,0,0
kofamscan/ko_tables/sacrosine/MMETSP1122_clean.csv,0,0,0,0,0,0,1,0,1,0,0,0,0,0,0,0,0,0,0,1,1,0,0,1,0,0,0
kofamscan/ko_tables/sacrosine/MMETSP1320_clean.csv,0,0,0,0,0,0,1,0,0,0,0,0,0,0,0,0,0,0,0,0,1,1,0,0,0,0,0
kofamscan/ko_tables/sacrosine/MMETSP1081_clean.csv,0,0,0,0,0,0,0,0,0,0,0,0,0,0,0,0,0,0,0,0,0,0,0,0,0,0,0
kofamscan/ko_tables/sacrosine/MMETSP0206_clean.csv,0,0,0,0,0,0,0,0,0,0,0,0,0,0,0,0,0,0,1,0,0,0,0,0,0,0,0
kofamscan/ko_tables/sacrosine/MMETSP0039_clean.csv,0,0,0,0,0,0,0,0,0,0,0,0,0,0,0,0,0,0,0,0,0,0,0,0,0,0,0
kofamscan/ko_tables/sacrosine/MMETSP0815_clean.csv,0,0,0,0,0,0,0,0,0,0,0,0,1,0,0,0,0,0,0,1,1,0,0,0,0,0,0
kofamscan/ko_tables/sacrosine/MMETSP0040_clean.csv,0,0,0,0,0,0,0,0,0,0,0,0,0,0,0,0,0,0,0,0,0,0,0,0,0,0,0
kofamscan/ko_tables/sacrosine/MMETSP0359_clean.csv,0,0,0,0,0,0,1,0,1,0,0,0,0,0,0,1,0,0,0,1,1,0,0,1,0,0,0
kofamscan/ko_tables/sacrosine/MMETSP0784_clean.csv,0,0,0,0,0,0,1,0,1,0,0,0,0,0,0,0,0,0,0,1,1,0,0,0,0,0,0
kofamscan/ko_tables/sacrosine/MMETSP0223_clean.csv,0,0,0,0,0,0,0,0,0,0,0,0,0,0,0,0,0,0,0,0,0,0,0,0,0,0,0
kofamscan/ko_tables/sacrosine/MMETSP1386_clean.csv,0,0,0,1,0,0,0,0,0,0,0,0,1,0,0,0,0,0,0,0,0,0,0,0,0,0,0
kofamscan/ko_tables/sacrosine/MMETSP0785_clean.csv,0,0,0,0,0,0,1,0,0,0,0,0,0,0,0,0,0,0,0,0,1,1,0,0,0,0,0
kofamscan/ko_tables/sacrosine/MMETSP0892_clean.csv,0,0,0,1,0,0,0,0,0,0,0,0,0,0,0,0,0,0,0,0,0,0,0,0,0,0,0
kofamscan/ko_tables/sacrosine/MMETSP1393_clean.csv,0,0,0,1,0,0,0,0,0,0,0,0,1,0,0,0,0,0,0,0,0,0,0,0,0,0,0
kofamscan/ko_tables/sacrosine/MMETSP0945_clean.csv,0,0,0,0,0,0,0,0,0,0,0,0,0,0,0,0,0,0,0,0,0,0,0,0,0,0,0
kofamscan/ko_tables/sacrosine/MMETSP1075_clean.csv,0,0,0,0,0,1,1,0,1,0,0,0,0,0,0,0,0,0,0,1,1,1,0,1,1,0,0
kofamscan/ko_tables/sacrosine/MMETSP1131_clean.csv,0,0,0,0,0,0,0,0,0,0,0,0,0,0,0,0,0,0,0,0,0,0,0,0,0,0,0
kofamscan/ko_tables/sacrosine/MMETSP0327_clean.csv,0,0,0,0,0,0,0,0,0,0,0,0,0,0,0,0,0,0,0,0,1,0,0,0,0,0,0
kofamscan/ko_tables/sacrosine/MMETSP1325_clean.csv,0,0,0,0,0,0,0,0,0,0,0,0,0,0,0,0,0,0,0,0,1,0,0,0,0,0,0
kofamscan/ko_tables/sacrosine/MMETSP1428_clean.csv,0,0,0,0,0,0,0,0,0,0,0,0,0,0,0,0,0,0,0,0,0,0,0,0,0,0,0
kofamscan/ko_tables/sacrosine/MMETSP0225_clean.csv,0,0,0,0,0,0,0,0,0,0,0,0,0,0,0,0,0,0,0,0,0,0,0,0,0,0,0
kofamscan/ko_tables/sacrosine/MMETSP0329_clean.csv,0,0,0,0,0,0,0,0,0,0,0,0,0,0,0,0,0,0,0,0,1,0,0,0,0,0,0
kofamscan/ko_tables/sacrosine/MMETSP1162_clean.csv,0,0,0,0,0,0,0,0,0,0,0,0,0,0,0,0,0,0,0,0,0,0,0,0,0,0,0
kofamscan/ko_tables/sacrosine/MMETSP0739_clean.csv,0,0,0,0,0,0,0,0,0,0,0,0,0,0,0,0,0,0,0,0,0,0,0,0,0,0,0
kofamscan/ko_tables/sacrosine/MMETSP0416_clean.csv,0,0,0,0,0,0,0,0,0,0,0,0,0,0,0,0,0,0,0,0,1,0,0,0,0,0,0
kofamscan/ko_tables/sacrosine/MMETSP1347_clean.csv,0,0,0,0,0,0,0,0,0,0,0,0,0,0,0,0,0,0,1,0,0,0,0,0,0,0,0
kofamscan/ko_tables/sacrosine/MMETSP0205_clean.csv,0,0,0,0,0,0,0,0,0,0,0,0,0,0,0,0,0,0,0,0,0,0,0,0,0,0,0
kofamscan/ko_tables/sacrosine/MMETSP1414_clean.csv,0,0,0,0,0,0,0,0,0,0,0,0,0,0,0,0,0,0,0,0,0,0,0,0,0,0,0
kofamscan/ko_tables/sacrosine/MMETSP0888_clean.csv,0,0,0,1,0,0,0,0,0,0,0,0,0,0,0,0,0,0,0,0,1,0,0,0,0,0,0
kofamscan/ko_tables/sacrosine/MMETSP0052_clean.csv,0,0,0,0,0,0,0,0,0,0,0,0,0,0,0,0,0,0,0,0,0,0,0,0,0,0,0
kofamscan/ko_tables/sacrosine/MMETSP0018_clean.csv,0,0,0,0,0,0,0,0,0,0,0,0,0,0,0,0,0,0,0,0,0,0,0,0,0,0,0
kofamscan/ko_tables/sacrosine/MMETSP0008_clean.csv,0,0,0,0,0,0,0,0,0,0,0,0,1,0,0,0,0,0,0,0,1,0,0,0,0,0,0
kofamscan/ko_tables/sacrosine/MMETSP1346_clean.csv,0,0,0,0,0,0,0,0,0,0,0,0,0,0,0,0,0,0,0,0,0,0,0,0,0,0,0
kofamscan/ko_tables/sacrosine/MMETSP0233_clean.csv,0,0,0,0,0,0,0,0,0,0,0,0,0,0,0,1,0,0,0,0,0,0,0,0,0,0,0
kofamscan/ko_tables/sacrosine/MMETSP0118_clean.csv,0,0,0,0,0,0,1,0,1,0,0,0,0,0,0,0,0,0,0,0,1,0,0,1,0,0,0
kofamscan/ko_tables/sacrosine/MMETSP1141_clean.csv,0,0,0,0,0,0,0,0,0,0,0,0,0,0,0,0,0,0,0,1,1,0,0,0,0,0,0
kofamscan/ko_tables/sacrosine/MMETSP0208_clean.csv,0,0,0,0,0,0,0,0,0,0,0,0,0,0,0,0,0,0,1,0,0,0,0,0,0,0,0
kofamscan/ko_tables/sacrosine/MMETSP0883_clean.csv,0,0,0,0,0,0,0,0,0,0,0,0,0,0,0,0,0,0,0,0,1,0,0,0,0,0,0
kofamscan/ko_tables/sacrosine/MMETSP0918_clean.csv,0,0,0,0,0,0,0,0,0,0,0,0,0,0,0,0,0,0,0,0,0,0,0,0,0,0,0
kofamscan/ko_tables/sacrosine/MMETSP1015_clean.csv,0,0,0,1,0,0,1,0,1,0,0,0,0,0,0,0,0,0,0,1,1,0,0,0,0,0,0
kofamscan/ko_tables/sacrosine/MMETSP0147_clean.csv,0,0,0,0,0,0,0,0,0,0,0,0,0,0,0,0,0,0,0,0,1,0,0,1,0,0,0
kofamscan/ko_tables/sacrosine/MMETSP0959_clean.csv,0,0,0,0,0,0,1,0,0,0,0,0,0,0,0,0,0,0,0,0,1,0,0,0,0,0,0
kofamscan/ko_tables/sacrosine/MMETSP1067_clean.csv,0,0,0,0,0,0,0,0,0,0,0,0,0,0,0,0,0,0,0,0,0,0,0,0,0,0,0
kofamscan/ko_tables/sacrosine/MMETSP1091_clean.csv,0,0,0,0,0,0,0,0,0,0,0,0,0,0,0,0,0,0,0,0,0,0,0,0,0,0,0
kofamscan/ko_tables/sacrosine/MMETSP0013_clean.csv,0,0,0,0,0,0,0,0,0,0,0,0,0,0,0,0,0,0,0,0,0,0,0,0,0,0,0
kofamscan/ko_tables/sacrosine/MMETSP1385_clean.csv,0,0,0,0,0,0,0,0,0,0,0,0,1,0,0,0,0,0,1,0,1,0,0,0,0,0,0
kofamscan/ko_tables/sacrosine/MMETSP0253_clean.csv,0,0,0,0,0,0,1,0,0,0,0,0,1,0,0,0,0,0,0,1,1,0,0,0,0,0,0
kofamscan/ko_tables/sacrosine/MMETSP1139_clean.csv,0,0,0,0,0,0,0,0,0,0,0,0,0,0,0,0,0,0,0,0,1,0,0,0,0,0,0
kofamscan/ko_tables/sacrosine/MMETSP1348_clean.csv,0,0,0,0,0,0,1,0,0,0,0,0,0,0,0,0,0,0,0,0,0,0,0,0,0,0,0
kofamscan/ko_tables/sacrosine/MMETSP0995_clean.csv,0,0,0,0,0,0,0,0,0,0,0,0,0,0,0,0,0,0,0,0,1,0,0,0,0,0,0
kofamscan/ko_tables/sacrosine/MMETSP0420_clean.csv,0,0,0,0,1,0,0,0,0,0,0,0,0,0,0,1,0,0,1,0,1,0,0,0,0,0,0
kofamscan/ko_tables/sacrosine/MMETSP0324_clean.csv,0,0,0,0,0,0,1,0,1,0,0,0,0,0,0,0,0,0,0,1,1,0,0,1,0,0,0
kofamscan/ko_tables/sacrosine/MMETSP1318_clean.csv,0,0,0,1,0,0,1,0,0,0,0,0,0,0,0,0,0,0,0,0,0,1,0,0,0,0,0
kofamscan/ko_tables/sacrosine/MMETSP1453_clean.csv,0,0,0,0,0,0,0,0,0,0,0,0,0,0,0,0,0,0,0,0,1,0,0,0,0,0,0
kofamscan/ko_tables/sacrosine/MMETSP1037_clean.csv,0,0,0,0,0,0,1,0,1,0,0,0,1,0,0,0,0,0,0,0,1,0,0,1,0,0,0
kofamscan/ko_tables/sacrosine/MMETSP1085_clean.csv,0,0,1,0,0,0,0,0,0,0,0,0,0,0,0,0,0,0,0,0,0,0,0,0,0,1,0
kofamscan/ko_tables/sacrosine/MMETSP0119_clean.csv,0,0,0,0,0,0,0,0,0,0,0,0,0,0,0,0,0,0,1,0,0,0,0,0,0,0,0
kofamscan/ko_tables/sacrosine/MMETSP1060_clean.csv,0,0,0,0,0,0,0,0,0,0,0,0,0,0,0,0,0,0,0,0,1,0,0,0,0,0,0
kofamscan/ko_tables/sacrosine/MMETSP0447_clean.csv,0,0,0,0,0,0,1,0,0,0,0,1,1,1,0,0,0,0,1,0,1,0,0,0,0,0,0
kofamscan/ko_tables/sacrosine/MMETSP0906_clean.csv,0,0,0,0,0,0,0,0,0,0,0,0,0,0,0,0,0,0,0,0,1,0,0,0,0,0,0
kofamscan/ko_tables/sacrosine/MMETSP0937_clean.csv,0,0,0,0,0,0,0,0,0,0,0,0,0,0,0,0,0,0,0,0,0,0,0,0,0,0,0
kofamscan/ko_tables/sacrosine/MMETSP0146_clean.csv,0,0,0,0,0,0,0,0,0,0,0,0,0,0,0,0,0,0,0,0,1,0,0,1,0,0,0
kofamscan/ko_tables/sacrosine/MMETSP0367_clean.csv,0,0,0,0,0,0,1,0,1,0,0,0,0,0,0,0,0,0,0,1,1,0,0,1,0,0,0
kofamscan/ko_tables/sacrosine/MMETSP0885_clean.csv,0,0,0,0,0,0,0,0,0,0,0,0,0,0,0,0,0,0,0,0,1,0,0,0,0,0,0
kofamscan/ko_tables/sacrosine/MMETSP1358_clean.csv,0,0,0,1,0,0,0,0,0,0,0,0,0,0,0,0,0,0,0,0,1,1,0,0,0,0,0
kofamscan/ko_tables/sacrosine/MMETSP0745_clean.csv,0,0,0,0,0,0,0,0,0,0,0,0,0,0,0,0,0,0,0,0,0,0,0,0,0,0,0
kofamscan/ko_tables/sacrosine/MMETSP0975_clean.csv,0,0,0,0,0,0,0,0,0,0,0,0,0,0,0,0,0,0,0,0,1,0,0,0,0,0,0
kofamscan/ko_tables/sacrosine/MMETSP0754_clean.csv,0,0,0,0,0,0,0,0,0,0,0,0,0,0,0,0,0,0,0,0,0,0,0,0,0,0,0
kofamscan/ko_tables/sacrosine/MMETSP0224_clean.csv,0,0,0,0,0,0,1,0,1,0,0,0,0,0,0,0,0,0,0,0,1,0,0,0,0,0,0
kofamscan/ko_tables/sacrosine/MMETSP0965_clean.csv,0,0,0,0,0,0,1,0,0,0,0,0,0,0,0,0,0,0,0,0,1,0,0,0,0,0,0
kofamscan/ko_tables/sacrosine/MMETSP0186_clean.csv,0,0,0,0,0,0,0,0,0,0,0,0,0,0,0,0,0,0,0,0,0,0,0,0,0,0,0
kofamscan/ko_tables/sacrosine/MMETSP1470_clean.csv,0,0,1,0,0,0,0,0,0,0,0,0,0,0,0,0,0,0,1,0,1,0,0,0,0,1,0
kofamscan/ko_tables/sacrosine/MMETSP0913_clean.csv,0,0,0,0,0,0,0,0,0,0,0,0,0,0,0,0,0,0,0,0,0,0,0,0,0,0,0
kofamscan/ko_tables/sacrosine/MMETSP0437_clean.csv,0,0,0,0,0,0,0,0,0,0,0,0,0,0,0,0,0,0,0,0,0,0,0,0,0,0,0
kofamscan/ko_tables/sacrosine/MMETSP0102_clean.csv,0,0,0,0,0,0,1,0,0,0,0,0,0,0,0,0,0,0,1,0,0,0,0,0,0,0,0
kofamscan/ko_tables/sacrosine/MMETSP1103_clean.csv,0,0,0,0,1,0,1,0,0,0,0,0,0,0,0,1,0,0,1,1,0,0,0,0,0,0,0
kofamscan/ko_tables/sacrosine/MMETSP0689_clean.csv,0,0,0,1,0,0,0,0,1,0,0,0,0,0,0,0,0,0,0,1,1,0,0,0,0,0,0
kofamscan/ko_tables/sacrosine/MMETSP0436_clean.csv,0,0,0,0,0,0,0,0,0,0,0,0,0,0,0,0,0,0,1,0,0,0,0,0,0,0,0
kofamscan/ko_tables/sacrosine/MMETSP0055_clean.csv,0,0,0,0,0,0,1,0,1,0,0,0,0,0,0,0,0,0,0,1,0,0,0,0,0,0,0
kofamscan/ko_tables/sacrosine/MMETSP1126_clean.csv,0,0,0,0,0,0,0,0,0,0,0,0,0,0,0,0,0,0,0,0,1,0,0,0,0,0,0
kofamscan/ko_tables/sacrosine/MMETSP0992_clean.csv,0,0,0,0,0,0,0,0,0,0,0,0,0,0,0,0,0,0,0,0,1,0,0,0,0,0,0
kofamscan/ko_tables/sacrosine/MMETSP0451_clean.csv,0,0,0,0,0,0,0,0,0,0,0,0,0,0,0,0,0,0,0,0,0,0,0,0,0,0,0
kofamscan/ko_tables/sacrosine/MMETSP0996_clean.csv,0,0,0,0,0,0,0,0,0,0,0,0,0,0,0,0,0,0,0,0,1,0,0,0,0,0,0
kofamscan/ko_tables/sacrosine/MMETSP1460_clean.csv,0,0,0,1,0,0,0,0,0,0,0,0,0,0,0,0,0,0,0,0,0,0,0,0,0,0,0
kofamscan/ko_tables/sacrosine/MMETSP0853_clean.csv,0,0,0,0,0,0,0,0,0,0,0,0,0,0,0,0,0,0,0,0,0,0,0,0,0,0,0
kofamscan/ko_tables/sacrosine/MMETSP0296_clean.csv,0,0,0,0,0,0,0,0,0,0,0,0,0,0,0,0,0,0,0,0,1,0,0,0,0,0,0
kofamscan/ko_tables/sacrosine/MMETSP0977_clean.csv,0,0,0,0,0,0,0,0,0,0,0,0,0,0,0,0,0,0,0,0,1,0,0,0,0,0,0
kofamscan/ko_tables/sacrosine/MMETSP0809_clean.csv,1,0,0,0,0,0,0,0,0,0,0,0,0,0,0,0,0,0,0,0,1,0,0,0,0,0,0
kofamscan/ko_tables/sacrosine/MMETSP0851_clean.csv,0,0,0,0,0,0,0,0,0,0,0,0,0,0,0,0,0,0,0,0,1,0,0,0,0,0,0
kofamscan/ko_tables/sacrosine/MMETSP1317_clean.csv,0,0,1,0,0,0,0,0,0,0,0,0,0,0,0,0,0,0,0,0,0,0,0,0,0,1,0
kofamscan/ko_tables/sacrosine/MMETSP0034_clean.csv,0,0,0,0,0,0,0,0,0,0,0,0,0,1,0,0,0,0,0,0,0,0,0,0,0,0,0
kofamscan/ko_tables/sacrosine/MMETSP1001_clean.csv,0,0,0,0,0,0,0,0,0,0,0,0,0,0,0,0,0,0,0,0,0,0,0,0,0,0,0
kofamscan/ko_tables/sacrosine/MMETSP0649_clean.csv,0,0,0,0,0,1,1,0,1,0,0,0,0,0,0,0,0,0,0,1,1,0,0,0,1,0,0
kofamscan/ko_tables/sacrosine/MMETSP0269_clean.csv,0,0,0,0,0,0,1,0,1,0,0,0,0,0,0,0,0,0,0,1,0,0,0,0,0,0,0
kofamscan/ko_tables/sacrosine/MMETSP0168_clean.csv,0,0,0,0,0,0,0,0,0,0,0,0,0,0,0,1,0,0,1,0,1,0,0,0,0,0,0
kofamscan/ko_tables/sacrosine/MMETSP1392_clean.csv,0,0,0,0,1,0,0,0,0,0,0,0,0,0,0,0,0,0,0,0,1,0,0,0,0,0,0
kofamscan/ko_tables/sacrosine/MMETSP0361_clean.csv,0,0,1,0,0,0,1,0,1,0,0,0,0,0,0,0,0,0,0,1,1,0,0,1,0,0,0
kofamscan/ko_tables/sacrosine/MMETSP1008_clean.csv,0,0,0,0,0,0,1,0,0,0,0,0,0,0,0,0,0,0,0,0,1,0,0,0,0,0,0
kofamscan/ko_tables/sacrosine/MMETSP0494_clean.csv,0,0,0,0,0,0,0,0,0,0,0,0,0,0,0,0,0,0,0,0,0,0,0,0,0,0,0
kofamscan/ko_tables/sacrosine/MMETSP0563_clean.csv,0,0,0,0,0,0,0,0,0,0,0,0,0,0,0,0,0,0,0,0,0,0,0,0,0,0,0
kofamscan/ko_tables/sacrosine/MMETSP1344_clean.csv,0,0,0,0,0,0,1,0,0,0,0,0,0,0,0,0,0,0,0,0,1,0,0,0,0,0,0
kofamscan/ko_tables/sacrosine/MMETSP0917_clean.csv,0,0,0,0,0,0,1,0,0,0,0,0,0,0,0,0,0,0,0,0,1,0,0,0,0,0,0
kofamscan/ko_tables/sacrosine/MMETSP1017_clean.csv,0,0,0,1,0,0,1,0,1,0,0,0,0,0,0,0,0,0,0,0,1,0,0,0,0,0,0
kofamscan/ko_tables/sacrosine/MMETSP0902_clean.csv,0,0,0,0,0,0,0,0,0,0,0,0,0,0,0,0,0,0,0,0,0,0,0,0,0,0,0
kofamscan/ko_tables/sacrosine/MMETSP0933_clean.csv,0,0,0,1,0,0,0,0,0,0,0,0,0,0,0,0,0,0,0,0,0,0,0,0,0,0,0
kofamscan/ko_tables/sacrosine/MMETSP0290_clean.csv,0,0,0,0,0,0,0,0,0,0,0,0,0,0,0,1,0,0,0,0,1,1,0,1,0,0,0
kofamscan/ko_tables/sacrosine/MMETSP1475_clean.csv,0,0,0,0,0,0,0,0,0,0,0,0,0,0,0,0,0,0,0,0,1,0,0,0,0,0,0
kofamscan/ko_tables/sacrosine/MMETSP0042_clean.csv,0,0,0,0,0,0,1,0,0,0,0,0,1,0,0,0,0,0,0,0,1,0,0,0,0,0,0
kofamscan/ko_tables/sacrosine/MMETSP0604_clean.csv,0,0,0,0,0,0,0,0,0,0,0,0,0,0,0,0,0,0,0,0,0,0,0,0,0,0,0
kofamscan/ko_tables/sacrosine/MMETSP0292_clean.csv,0,0,0,0,0,0,0,0,0,0,0,0,0,0,0,0,0,0,0,0,1,0,0,0,0,0,0
kofamscan/ko_tables/sacrosine/MMETSP0017_clean.csv,0,0,0,0,0,0,0,0,0,0,0,0,0,0,0,0,0,0,0,0,0,0,0,0,0,0,0
kofamscan/ko_tables/sacrosine/MMETSP0961_clean.csv,0,0,0,0,0,0,1,0,0,0,0,0,0,0,0,0,0,0,0,0,1,0,0,0,0,0,0
kofamscan/ko_tables/sacrosine/MMETSP0213_clean.csv,0,0,0,0,0,0,0,0,0,0,0,0,0,0,0,0,0,0,1,0,0,0,0,0,0,0,0
kofamscan/ko_tables/sacrosine/MMETSP0005_clean.csv,0,0,0,0,1,0,0,0,0,0,0,0,0,0,0,0,0,0,1,1,1,0,0,0,0,0,0
kofamscan/ko_tables/sacrosine/MMETSP1082_clean.csv,0,0,0,1,0,0,0,0,0,0,0,0,1,0,0,0,0,0,0,0,0,0,0,0,0,0,0
kofamscan/ko_tables/sacrosine/MMETSP1110_clean.csv,0,0,0,1,0,0,1,0,1,0,0,0,0,0,0,0,0,0,0,1,1,0,0,0,0,0,0
kofamscan/ko_tables/sacrosine/MMETSP0154_clean.csv,0,0,0,0,0,0,0,0,0,0,0,0,0,0,0,0,0,0,0,1,1,0,0,0,0,0,0
kofamscan/ko_tables/sacrosine/MMETSP0713_clean.csv,0,0,0,0,0,0,0,0,0,0,0,0,0,0,0,0,0,0,0,0,0,0,0,0,0,0,0
kofamscan/ko_tables/sacrosine/MMETSP1036_clean.csv,0,0,0,0,0,0,1,0,1,0,0,0,1,0,0,0,0,0,0,0,1,0,0,1,0,0,0
kofamscan/ko_tables/sacrosine/MMETSP1062_clean.csv,0,0,0,0,0,0,0,0,0,0,0,0,0,0,0,0,0,0,0,0,1,0,0,0,0,0,0
kofamscan/ko_tables/sacrosine/MMETSP1467_clean.csv,0,0,0,1,0,0,0,0,0,0,0,0,0,0,0,0,0,0,0,0,1,0,0,0,0,0,0
kofamscan/ko_tables/sacrosine/MMETSP1068_clean.csv,0,0,0,0,0,0,0,0,0,0,0,0,0,0,0,0,0,0,0,0,0,0,0,0,0,0,0
kofamscan/ko_tables/sacrosine/MMETSP0890_clean.csv,0,0,0,1,0,0,0,0,0,0,0,0,0,0,0,0,0,0,0,0,0,0,0,0,0,0,0
kofamscan/ko_tables/sacrosine/MMETSP1387_clean.csv,0,0,0,1,0,0,0,0,0,0,0,0,1,0,0,0,0,0,0,0,0,0,0,0,0,0,0
kofamscan/ko_tables/sacrosine/MMETSP1355_clean.csv,0,0,0,0,0,0,0,0,0,0,0,0,0,0,0,0,0,0,0,1,0,0,0,0,0,0,0
kofamscan/ko_tables/sacrosine/MMETSP1059_clean.csv,0,0,0,0,0,0,0,0,0,0,0,0,0,0,0,0,0,0,0,0,0,0,0,0,0,0,0
kofamscan/ko_tables/sacrosine/MMETSP1438_clean.csv,0,0,0,0,1,0,0,0,0,0,0,0,0,0,0,0,0,0,0,0,0,0,0,0,0,0,0
kofamscan/ko_tables/sacrosine/MMETSP1409_clean.csv,0,0,0,0,0,0,0,0,0,0,0,0,0,0,0,0,0,0,0,0,0,0,0,0,0,0,0
kofamscan/ko_tables/sacrosine/MMETSP0786_clean.csv,0,0,0,0,0,0,0,0,0,0,0,0,0,0,0,0,0,0,0,0,1,0,0,0,0,0,0
kofamscan/ko_tables/sacrosine/MMETSP0744_clean.csv,0,0,0,0,0,0,0,0,0,0,0,0,0,0,0,0,0,0,0,0,0,0,0,0,0,0,0
kofamscan/ko_tables/sacrosine/MMETSP1132_clean.csv,0,0,0,0,0,0,0,0,0,0,0,0,0,0,0,0,0,0,0,0,0,0,0,0,0,0,0
kofamscan/ko_tables/sacrosine/MMETSP1471_clean.csv,0,0,0,0,0,0,0,0,0,0,0,0,0,0,0,0,0,0,0,0,0,0,0,0,0,0,0
kofamscan/ko_tables/sacrosine/MMETSP0493_clean.csv,0,0,0,0,0,0,0,0,0,0,0,0,0,0,0,0,0,0,0,0,0,0,0,0,0,0,0
kofamscan/ko_tables/sacrosine/MMETSP0038_clean.csv,0,0,0,0,0,0,0,0,0,0,0,0,0,0,0,0,0,0,0,0,0,0,0,0,0,0,0
kofamscan/ko_tables/sacrosine/MMETSP1086_clean.csv,0,0,0,0,0,0,0,0,0,0,0,0,0,0,0,0,0,0,1,0,1,0,0,0,0,0,0
kofamscan/ko_tables/sacrosine/MMETSP1338_clean.csv,0,0,0,1,0,0,1,0,1,0,0,0,0,0,0,0,0,0,0,1,1,0,0,0,0,0,0
kofamscan/ko_tables/sacrosine/MMETSP0819_clean.csv,0,0,0,1,0,0,0,0,0,0,0,0,0,0,0,0,0,0,0,0,0,0,0,0,0,0,1
kofamscan/ko_tables/sacrosine/MMETSP1446_clean.csv,0,0,0,0,0,0,0,0,0,0,0,0,0,0,0,0,0,0,0,0,0,0,0,0,0,0,0
kofamscan/ko_tables/sacrosine/MMETSP0947_clean.csv,0,0,0,0,0,0,0,0,0,0,0,0,0,0,0,0,0,0,0,0,1,0,0,0,0,0,0
kofamscan/ko_tables/sacrosine/MMETSP0097_clean.csv,0,0,0,0,0,1,1,0,1,0,0,0,1,0,0,0,0,0,0,1,1,0,0,1,1,0,0
kofamscan/ko_tables/sacrosine/MMETSP1444_clean.csv,0,0,0,0,0,0,0,0,0,0,0,0,0,0,0,0,0,0,0,1,1,0,0,0,0,0,0
kofamscan/ko_tables/sacrosine/MMETSP1160_clean.csv,0,0,0,0,0,0,0,0,0,0,0,0,0,0,0,1,0,0,0,0,1,0,0,0,0,0,0
kofamscan/ko_tables/sacrosine/MMETSP0929_clean.csv,0,0,0,0,0,0,0,0,0,0,0,0,0,0,0,0,0,0,0,0,0,0,0,0,0,0,0
kofamscan/ko_tables/sacrosine/MMETSP0270_clean.csv,0,0,0,0,0,1,1,0,1,0,0,0,1,0,0,0,0,0,0,1,1,0,0,1,0,0,0
kofamscan/ko_tables/sacrosine/MMETSP0964_clean.csv,0,0,0,0,0,0,1,0,0,0,0,0,0,0,0,0,0,0,0,0,1,0,0,0,0,0,0
kofamscan/ko_tables/sacrosine/MMETSP1449_clean.csv,0,0,0,0,0,0,0,0,0,0,0,0,0,0,0,0,0,0,0,0,0,0,0,0,0,0,0
kofamscan/ko_tables/sacrosine/MMETSP1039_clean.csv,0,0,0,0,0,0,0,0,0,0,0,0,0,0,0,0,0,0,0,0,0,0,0,0,0,0,0
kofamscan/ko_tables/sacrosine/MMETSP0799_clean.csv,0,0,0,0,0,0,0,0,0,0,0,0,0,0,0,0,0,0,0,0,1,0,0,0,0,0,0
kofamscan/ko_tables/sacrosine/MMETSP1322_clean.csv,0,0,0,0,0,0,0,0,0,0,0,0,0,0,0,0,0,0,0,0,0,0,0,0,0,0,0
kofamscan/ko_tables/sacrosine/MMETSP0176_clean.csv,0,0,0,0,0,0,0,0,0,0,0,0,0,1,0,0,0,0,0,0,1,0,0,0,0,0,0
kofamscan/ko_tables/sacrosine/MMETSP0800_clean.csv,0,0,0,0,0,0,0,0,0,0,0,0,0,0,0,0,0,0,0,0,1,0,0,0,0,0,0
kofamscan/ko_tables/sacrosine/MMETSP0986_clean.csv,0,0,0,0,0,0,0,0,0,0,0,0,0,0,0,0,0,0,0,1,0,0,0,0,0,0,0
kofamscan/ko_tables/sacrosine/MMETSP0470_clean.csv,0,0,1,0,0,0,1,0,0,0,0,0,0,0,0,0,0,0,0,1,1,0,0,1,0,0,0
kofamscan/ko_tables/sacrosine/MMETSP0984_clean.csv,0,0,0,0,0,0,0,0,0,0,0,0,0,0,0,0,0,0,0,0,1,0,0,0,0,0,0
kofamscan/ko_tables/sacrosine/MMETSP0880_clean.csv,0,0,0,0,0,0,0,0,0,0,0,0,0,0,0,0,0,0,0,0,0,0,0,0,0,0,0
kofamscan/ko_tables/sacrosine/MMETSP0932_clean.csv,0,0,0,1,0,0,0,0,0,0,0,0,0,0,0,0,0,0,0,0,0,0,0,0,0,0,0
kofamscan/ko_tables/sacrosine/MMETSP0794_clean.csv,0,0,0,0,0,0,0,0,0,0,0,0,0,0,0,0,0,0,0,0,0,0,0,0,0,0,0
kofamscan/ko_tables/sacrosine/MMETSP0059_clean.csv,0,0,0,0,1,0,0,0,0,0,0,0,1,1,0,0,0,0,0,0,0,0,0,0,0,0,1
kofamscan/ko_tables/sacrosine/MMETSP1114_clean.csv,0,0,0,0,0,0,0,0,0,0,0,0,0,0,0,1,0,0,1,0,0,0,0,0,1,0,0
kofamscan/ko_tables/sacrosine/MMETSP1472_clean.csv,0,0,0,0,0,0,0,0,0,0,0,0,0,0,0,0,0,0,0,0,0,0,0,0,0,0,0
kofamscan/ko_tables/sacrosine/MMETSP1154_clean.csv,0,0,0,1,0,0,1,0,0,0,0,0,0,0,0,0,0,0,0,0,1,0,0,0,0,0,0
kofamscan/ko_tables/sacrosine/MMETSP1159_clean.csv,0,0,0,1,0,0,0,0,0,0,0,0,0,0,0,0,0,0,0,0,1,0,0,0,0,0,0
kofamscan/ko_tables/sacrosine/MMETSP1005_clean.csv,0,0,0,0,0,0,0,0,0,0,0,0,0,0,0,0,0,0,0,0,0,0,0,0,0,0,0
kofamscan/ko_tables/sacrosine/MMETSP1336_clean.csv,0,0,0,0,0,0,0,0,0,0,0,0,0,0,0,0,0,0,0,0,0,0,0,0,0,0,0
kofamscan/ko_tables/sacrosine/MMETSP0104_clean.csv,0,0,0,0,0,0,1,0,0,0,0,0,0,0,0,1,0,0,1,1,1,0,0,0,0,0,0
kofamscan/ko_tables/sacrosine/MMETSP1436_clean.csv,0,0,0,0,0,0,0,0,0,0,0,0,0,0,0,0,0,0,0,1,0,0,0,0,0,0,0
kofamscan/ko_tables/sacrosine/MMETSP1090_clean.csv,0,0,0,0,0,0,0,0,0,0,0,0,0,0,0,0,0,0,0,0,1,0,0,0,0,0,0
kofamscan/ko_tables/sacrosine/MMETSP0198_clean.csv,0,0,0,0,0,0,0,0,0,0,0,0,0,0,0,0,0,0,1,0,1,0,0,0,0,0,0
kofamscan/ko_tables/sacrosine/MMETSP0210_clean.csv,0,0,0,0,0,0,0,0,0,0,0,0,0,0,0,0,0,0,0,0,0,0,0,0,0,0,0
kofamscan/ko_tables/sacrosine/MMETSP1150_clean.csv,0,0,0,1,0,0,1,0,0,0,0,0,0,0,0,0,0,0,0,0,1,0,0,0,0,0,0
kofamscan/ko_tables/sacrosine/MMETSP1312_clean.csv,0,0,1,0,0,0,0,0,0,0,0,0,0,1,0,0,0,0,0,0,0,0,0,0,0,1,0
kofamscan/ko_tables/sacrosine/MMETSP0112_clean.csv,0,0,0,1,0,0,0,0,0,0,0,0,0,0,0,0,0,0,0,0,1,0,0,0,0,0,0
kofamscan/ko_tables/sacrosine/MMETSP0360_clean.csv,0,0,0,0,0,0,1,0,1,0,0,0,0,0,0,0,0,0,0,1,1,0,0,1,0,0,0
kofamscan/ko_tables/sacrosine/MMETSP0419_clean.csv,0,0,0,1,1,0,0,0,0,0,0,0,0,0,0,0,0,0,0,0,0,0,0,0,0,0,0
kofamscan/ko_tables/sacrosine/MMETSP0099_clean.csv,0,0,0,0,0,0,1,0,0,0,0,0,0,0,0,0,0,0,0,0,1,0,0,0,0,0,0
kofamscan/ko_tables/sacrosine/MMETSP0960_clean.csv,0,0,0,0,0,0,1,0,0,0,0,0,0,0,0,0,0,0,0,0,1,0,0,0,0,0,0
kofamscan/ko_tables/sacrosine/MMETSP1442_clean.csv,0,0,0,0,0,0,0,0,0,0,0,0,0,0,0,0,0,0,0,0,0,0,0,0,0,0,0
kofamscan/ko_tables/sacrosine/MMETSP0173_clean.csv,0,0,0,0,0,0,0,0,0,0,0,0,0,0,0,0,0,0,1,0,1,0,0,0,0,0,0
kofamscan/ko_tables/sacrosine/MMETSP1450_clean.csv,0,0,0,0,0,1,0,0,0,0,0,0,0,0,0,0,0,0,0,0,0,0,0,0,0,0,0
kofamscan/ko_tables/sacrosine/MMETSP0322_clean.csv,0,0,0,0,0,0,0,0,0,0,0,0,0,0,0,0,0,0,0,0,0,0,0,0,0,0,0
kofamscan/ko_tables/sacrosine/MMETSP0578_clean.csv,0,0,0,0,0,0,0,0,0,0,0,0,0,0,0,0,0,0,0,0,0,0,0,0,0,0,0
kofamscan/ko_tables/sacrosine/MMETSP0810_clean.csv,1,0,0,0,0,0,0,0,0,0,0,0,0,0,0,0,0,0,0,0,1,0,0,0,0,0,0
kofamscan/ko_tables/sacrosine/MMETSP0372_clean.csv,0,0,0,0,0,0,0,0,0,0,0,0,0,0,0,0,0,0,0,0,0,0,0,0,0,0,0
kofamscan/ko_tables/sacrosine/MMETSP1061_clean.csv,0,0,0,0,0,0,0,0,0,0,0,0,0,0,0,0,0,0,0,0,1,0,0,0,0,0,0
kofamscan/ko_tables/sacrosine/MMETSP1130_clean.csv,0,0,0,0,0,0,0,0,0,0,0,0,0,0,0,0,0,0,0,0,0,0,0,0,0,0,0
kofamscan/ko_tables/sacrosine/MMETSP0063_clean.csv,0,0,0,0,1,0,0,0,0,0,0,0,0,0,0,0,0,0,0,0,0,0,0,0,0,0,0
kofamscan/ko_tables/sacrosine/MMETSP1466_clean.csv,0,0,0,0,0,0,0,0,0,0,0,0,0,0,0,0,0,0,0,0,1,0,0,0,0,0,0
kofamscan/ko_tables/sacrosine/MMETSP0323_clean.csv,0,0,0,0,0,0,0,0,0,0,0,0,0,0,0,0,0,0,0,0,0,0,0,0,0,0,0
kofamscan/ko_tables/sacrosine/MMETSP1050_clean.csv,0,0,0,0,0,0,0,0,0,0,0,0,0,0,0,0,0,0,0,0,0,0,0,0,0,0,0
kofamscan/ko_tables/sacrosine/MMETSP1101_clean.csv,0,0,0,0,0,0,1,0,0,0,0,0,0,0,0,0,0,0,0,0,1,0,0,0,0,0,0
kofamscan/ko_tables/sacrosine/MMETSP0312_clean.csv,0,0,0,0,0,0,0,0,0,0,0,0,0,0,0,0,0,0,0,0,1,0,0,0,0,0,0
kofamscan/ko_tables/sacrosine/MMETSP0889_clean.csv,0,0,0,1,0,0,0,0,0,0,0,0,0,0,0,0,0,0,0,0,1,0,0,0,0,0,0
kofamscan/ko_tables/sacrosine/MMETSP0007_clean.csv,0,0,0,0,0,0,0,0,0,0,0,0,0,0,0,0,0,0,0,0,0,0,0,0,0,0,0
kofamscan/ko_tables/sacrosine/MMETSP0271_clean.csv,0,0,0,0,0,1,1,0,1,0,0,0,1,0,0,0,0,0,0,1,1,0,0,1,0,0,0
kofamscan/ko_tables/sacrosine/MMETSP1052_clean.csv,0,0,0,1,0,0,0,0,0,0,0,0,0,0,0,0,0,0,0,0,1,1,0,0,0,0,0
kofamscan/ko_tables/sacrosine/MMETSP0737_clean.csv,0,0,0,0,0,0,0,0,0,0,0,0,0,0,0,0,0,0,0,0,0,0,0,0,0,0,0
kofamscan/ko_tables/sacrosine/MMETSP0286_clean.csv,0,0,0,0,0,0,0,0,0,0,0,0,0,0,0,0,0,0,0,0,1,0,0,0,0,0,0
kofamscan/ko_tables/sacrosine/MMETSP1125_clean.csv,0,0,0,0,0,0,1,0,0,0,0,0,0,0,0,0,0,0,0,1,1,0,0,1,0,0,0
kofamscan/ko_tables/sacrosine/MMETSP0894_clean.csv,0,0,0,0,0,0,0,0,0,0,0,0,0,0,0,0,0,0,0,0,1,0,0,0,0,0,0
kofamscan/ko_tables/sacrosine/MMETSP0699_clean.csv,0,0,0,0,0,0,0,0,0,0,0,0,0,0,0,0,0,0,0,0,0,0,0,0,0,0,0
kofamscan/ko_tables/sacrosine/MMETSP0058_clean.csv,0,0,0,0,1,0,0,0,0,0,0,0,1,1,0,0,0,0,0,0,0,0,0,0,0,0,1
kofamscan/ko_tables/sacrosine/MMETSP0696_clean.csv,0,0,0,0,0,0,0,0,0,0,0,0,0,0,0,0,0,0,0,0,0,0,0,0,0,0,0
kofamscan/ko_tables/sacrosine/MMETSP1019_clean.csv,0,0,0,0,0,0,0,0,0,0,0,0,0,0,0,0,0,0,0,0,0,0,0,0,0,0,0
kofamscan/ko_tables/sacrosine/MMETSP0093_clean.csv,0,0,0,0,0,1,1,0,1,0,0,0,0,0,0,0,0,0,0,1,1,0,0,1,1,0,0
kofamscan/ko_tables/sacrosine/MMETSP1433_clean.csv,1,0,0,0,0,0,1,0,0,0,0,0,0,0,0,0,0,0,1,0,1,0,0,0,0,0,0
kofamscan/ko_tables/sacrosine/MMETSP0736_clean.csv,0,0,0,0,0,0,0,0,0,0,0,0,0,0,0,0,0,0,0,0,1,0,0,0,0,0,0
kofamscan/ko_tables/sacrosine/MMETSP0418_clean.csv,0,0,0,0,0,0,0,0,0,0,0,0,0,0,0,0,0,0,0,0,1,0,0,0,0,0,0
