,K07407,K00594,K08261,K02781,K00011,K07406,K10229,K19633,K02782,K10111,K10112,K10227,K00008,K01189,K02783,K10228,K17742
kofamscan/ko_tables/sorbitol/MMETSP1380_clean.csv,0,0,0,0,0,0,0,0,0,0,0,0,0,0,0,0,0
kofamscan/ko_tables/sorbitol/MMETSP0409_clean.csv,0,0,0,0,0,0,0,0,0,0,0,0,0,0,0,0,0
kofamscan/ko_tables/sorbitol/MMETSP0320_clean.csv,1,0,0,0,0,0,0,0,0,0,0,0,0,0,0,0,0
kofamscan/ko_tables/sorbitol/MMETSP1374_clean.csv,1,0,0,0,0,0,0,0,0,0,0,0,1,0,0,0,0
kofamscan/ko_tables/sorbitol/MMETSP0907_clean.csv,1,0,0,0,0,0,0,0,0,0,0,0,0,0,0,0,0
kofamscan/ko_tables/sorbitol/MMETSP1407_clean.csv,1,0,0,0,0,0,0,0,0,0,0,0,0,0,0,0,0
kofamscan/ko_tables/sorbitol/MMETSP0816_clean.csv,0,0,0,0,0,0,0,0,0,0,0,0,0,0,0,0,0
kofamscan/ko_tables/sorbitol/MMETSP0661_clean.csv,1,0,0,0,0,0,0,0,0,0,0,0,0,0,0,0,0
kofamscan/ko_tables/sorbitol/MMETSP1165_clean.csv,1,0,0,0,0,0,0,0,0,0,0,0,0,0,0,0,0
kofamscan/ko_tables/sorbitol/MMETSP1411_clean.csv,1,0,0,0,0,0,0,0,0,0,0,0,0,0,0,0,0
kofamscan/ko_tables/sorbitol/MMETSP0759_clean.csv,0,0,0,0,0,0,0,0,0,0,0,0,0,0,0,0,0
kofamscan/ko_tables/sorbitol/MMETSP1319_clean.csv,1,0,0,0,0,0,0,0,0,0,0,0,0,0,0,0,0
kofamscan/ko_tables/sorbitol/MMETSP0117_clean.csv,1,0,0,0,0,0,0,0,0,0,0,0,0,0,0,0,0
kofamscan/ko_tables/sorbitol/MMETSP0887_clean.csv,0,0,0,0,0,0,0,0,0,0,0,0,0,0,0,0,0
kofamscan/ko_tables/sorbitol/MMETSP1174_clean.csv,1,0,0,0,0,0,0,0,0,0,0,0,0,0,0,0,0
kofamscan/ko_tables/sorbitol/MMETSP0898_clean.csv,1,0,0,0,0,0,0,0,0,0,0,0,0,0,0,0,0
kofamscan/ko_tables/sorbitol/MMETSP0088_clean.csv,1,0,0,0,0,0,0,0,0,0,0,0,0,0,0,0,0
kofamscan/ko_tables/sorbitol/MMETSP1395_clean.csv,0,0,0,0,0,0,0,0,0,0,0,0,0,0,0,0,0
kofamscan/ko_tables/sorbitol/MMETSP0398_clean.csv,0,0,0,0,0,0,0,0,0,0,0,0,0,0,0,0,0
kofamscan/ko_tables/sorbitol/MMETSP0922_clean.csv,0,0,0,0,0,0,0,0,0,0,0,0,0,0,0,0,0
kofamscan/ko_tables/sorbitol/MMETSP0780_clean.csv,1,0,0,0,0,0,0,0,0,0,0,0,0,0,0,0,0
kofamscan/ko_tables/sorbitol/MMETSP0227_clean.csv,1,0,0,0,0,0,0,0,0,0,0,0,0,0,0,0,0
kofamscan/ko_tables/sorbitol/MMETSP0141_clean.csv,1,0,0,0,0,0,0,0,0,0,0,0,0,0,0,0,0
kofamscan/ko_tables/sorbitol/MMETSP1007_clean.csv,1,0,0,0,0,0,0,0,0,0,0,0,0,0,0,0,0
kofamscan/ko_tables/sorbitol/MMETSP0852_clean.csv,0,0,0,0,0,0,0,0,0,0,0,0,0,0,0,0,0
kofamscan/ko_tables/sorbitol/MMETSP0812_clean.csv,1,0,0,0,0,0,0,0,0,0,0,0,0,0,0,0,0
kofamscan/ko_tables/sorbitol/MMETSP0105_clean.csv,1,0,0,0,0,0,0,0,0,0,0,0,0,0,0,0,0
kofamscan/ko_tables/sorbitol/MMETSP1384_clean.csv,1,0,0,0,0,0,0,0,0,0,0,0,0,0,0,0,0
kofamscan/ko_tables/sorbitol/MMETSP1063_clean.csv,1,0,0,0,0,0,0,0,0,0,0,0,0,0,0,0,0
kofamscan/ko_tables/sorbitol/MMETSP0467_clean.csv,1,0,0,0,0,0,0,0,0,0,0,0,0,0,0,0,0
kofamscan/ko_tables/sorbitol/MMETSP0086_clean.csv,1,0,0,0,0,0,0,0,0,0,0,0,0,0,0,0,0
kofamscan/ko_tables/sorbitol/MMETSP1366_clean.csv,1,0,0,0,0,0,0,0,0,0,0,0,0,0,0,0,0
kofamscan/ko_tables/sorbitol/MMETSP1439_clean.csv,1,0,0,0,0,0,0,0,0,0,0,0,0,0,0,0,0
kofamscan/ko_tables/sorbitol/MMETSP0693_clean.csv,0,0,0,0,0,0,0,0,0,0,0,0,0,0,0,0,0
kofamscan/ko_tables/sorbitol/MMETSP1032_clean.csv,1,0,0,0,0,0,0,0,0,0,0,0,0,0,0,0,0
kofamscan/ko_tables/sorbitol/MMETSP1399_clean.csv,0,0,0,0,0,0,0,0,0,0,0,0,0,0,0,0,0
kofamscan/ko_tables/sorbitol/MMETSP0100_clean.csv,1,0,0,0,0,0,0,0,0,0,0,0,0,0,0,0,0
kofamscan/ko_tables/sorbitol/MMETSP0328_clean.csv,0,0,0,0,0,0,0,0,0,0,0,0,0,0,0,0,0
kofamscan/ko_tables/sorbitol/MMETSP1042_clean.csv,1,0,0,0,0,0,0,0,0,0,0,0,0,0,0,0,0
kofamscan/ko_tables/sorbitol/MMETSP1171_clean.csv,0,0,0,0,0,0,0,0,0,0,0,0,0,0,0,0,0
kofamscan/ko_tables/sorbitol/MMETSP0209_clean.csv,0,0,0,0,0,0,0,0,0,0,0,0,0,0,0,0,0
kofamscan/ko_tables/sorbitol/MMETSP0252_clean.csv,0,0,0,0,0,0,0,0,0,0,0,0,0,0,0,0,0
kofamscan/ko_tables/sorbitol/MMETSP0471_clean.csv,1,0,0,0,0,0,0,0,0,0,0,0,1,0,0,0,0
kofamscan/ko_tables/sorbitol/MMETSP0955_clean.csv,1,0,0,0,0,0,0,0,0,0,0,0,0,0,0,0,0
kofamscan/ko_tables/sorbitol/MMETSP0199_clean.csv,1,0,0,0,0,0,0,0,0,0,0,0,0,0,0,0,0
kofamscan/ko_tables/sorbitol/MMETSP1057_clean.csv,0,0,0,0,0,0,0,0,0,0,0,0,0,0,0,0,0
kofamscan/ko_tables/sorbitol/MMETSP0434_clean.csv,1,0,0,0,0,0,0,0,0,0,0,1,0,0,0,0,0
kofamscan/ko_tables/sorbitol/MMETSP1097_clean.csv,0,0,0,0,0,0,0,0,0,0,0,0,0,0,0,0,0
kofamscan/ko_tables/sorbitol/MMETSP0115_clean.csv,1,0,0,0,0,0,0,0,0,0,0,0,0,0,0,0,0
kofamscan/ko_tables/sorbitol/MMETSP0593_clean.csv,0,0,0,0,0,0,0,0,0,0,0,0,0,0,0,0,0
kofamscan/ko_tables/sorbitol/MMETSP0798_clean.csv,0,0,0,0,0,0,0,0,0,0,0,0,0,0,0,0,0
kofamscan/ko_tables/sorbitol/MMETSP0318_clean.csv,1,0,0,0,0,0,0,0,0,0,0,0,0,0,0,0,0
kofamscan/ko_tables/sorbitol/MMETSP0527_clean.csv,1,0,0,0,0,0,0,0,0,0,0,0,0,0,0,0,0
kofamscan/ko_tables/sorbitol/MMETSP1357_clean.csv,1,0,0,0,0,0,0,0,0,0,0,0,0,0,0,0,0
kofamscan/ko_tables/sorbitol/MMETSP1058_clean.csv,1,0,0,0,0,0,0,0,0,0,0,0,0,0,0,0,0
kofamscan/ko_tables/sorbitol/MMETSP0095_clean.csv,1,0,0,0,0,0,0,0,0,0,0,0,0,0,0,0,0
kofamscan/ko_tables/sorbitol/MMETSP0950_clean.csv,1,0,0,0,0,0,0,0,0,0,0,0,0,0,0,0,0
kofamscan/ko_tables/sorbitol/MMETSP1321_clean.csv,1,0,0,0,0,0,0,0,0,0,0,0,0,0,0,0,0
kofamscan/ko_tables/sorbitol/MMETSP0211_clean.csv,1,0,0,0,0,0,0,0,0,0,0,0,0,0,0,0,0
kofamscan/ko_tables/sorbitol/MMETSP1326_clean.csv,0,0,0,0,0,0,0,0,0,0,0,0,0,0,0,0,0
kofamscan/ko_tables/sorbitol/MMETSP1002_clean.csv,0,0,0,0,0,0,0,0,0,0,0,0,0,0,0,0,0
kofamscan/ko_tables/sorbitol/MMETSP0818_clean.csv,1,0,0,0,0,0,0,0,0,0,0,0,0,0,0,0,0
kofamscan/ko_tables/sorbitol/MMETSP0718_clean.csv,0,0,0,0,0,0,0,0,0,0,0,0,0,0,0,0,0
kofamscan/ko_tables/sorbitol/MMETSP0415_clean.csv,0,0,0,0,0,0,0,0,0,0,0,0,0,0,0,0,0
kofamscan/ko_tables/sorbitol/MMETSP0976_clean.csv,1,0,0,0,0,0,0,0,0,0,0,0,0,0,0,0,0
kofamscan/ko_tables/sorbitol/MMETSP0751_clean.csv,1,0,0,0,0,0,0,0,0,0,0,0,0,0,0,0,0
kofamscan/ko_tables/sorbitol/MMETSP1371_clean.csv,1,0,0,0,1,0,0,0,0,0,0,0,1,0,0,0,0
kofamscan/ko_tables/sorbitol/MMETSP1422_clean.csv,1,0,0,0,0,0,0,0,0,0,0,0,0,0,0,0,0
kofamscan/ko_tables/sorbitol/MMETSP1419_clean.csv,1,0,0,0,0,0,0,0,0,0,0,0,0,0,0,0,0
kofamscan/ko_tables/sorbitol/MMETSP1421_clean.csv,1,0,0,0,0,0,0,0,0,0,0,0,0,0,0,0,0
kofamscan/ko_tables/sorbitol/MMETSP1396_clean.csv,1,0,0,0,0,0,0,0,0,0,0,0,0,0,0,0,0
kofamscan/ko_tables/sorbitol/MMETSP0404_clean.csv,0,0,0,0,0,0,0,0,0,0,0,0,0,0,0,0,0
kofamscan/ko_tables/sorbitol/MMETSP0041_clean.csv,1,0,0,0,0,0,0,0,0,0,0,0,0,0,0,0,0
kofamscan/ko_tables/sorbitol/MMETSP1425_clean.csv,1,0,0,0,0,0,0,0,0,0,0,0,1,0,0,0,0
kofamscan/ko_tables/sorbitol/MMETSP0308_clean.csv,1,0,0,0,0,0,0,0,0,0,0,0,0,0,0,0,0
kofamscan/ko_tables/sorbitol/MMETSP0910_clean.csv,0,0,0,0,0,0,0,0,0,0,0,0,0,0,0,0,0
kofamscan/ko_tables/sorbitol/MMETSP1432_clean.csv,1,0,0,0,0,0,0,0,0,0,0,0,0,0,0,0,0
kofamscan/ko_tables/sorbitol/MMETSP0259_clean.csv,1,0,0,0,0,0,0,0,0,0,0,0,0,0,0,0,0
kofamscan/ko_tables/sorbitol/MMETSP1176_clean.csv,0,0,0,0,0,0,0,0,0,0,0,0,0,0,0,0,0
kofamscan/ko_tables/sorbitol/MMETSP1465_clean.csv,0,0,0,0,0,0,0,0,0,0,0,0,0,0,0,0,0
kofamscan/ko_tables/sorbitol/MMETSP1104_clean.csv,1,0,0,0,0,0,0,0,0,0,0,0,0,0,0,0,0
kofamscan/ko_tables/sorbitol/MMETSP0004_clean.csv,1,0,0,0,0,0,0,0,0,0,0,0,0,0,0,0,0
kofamscan/ko_tables/sorbitol/MMETSP1172_clean.csv,1,0,0,0,0,0,0,0,0,0,0,0,1,0,0,0,0
kofamscan/ko_tables/sorbitol/MMETSP1055_clean.csv,1,0,0,0,0,0,0,0,0,0,0,0,0,0,0,0,0
kofamscan/ko_tables/sorbitol/MMETSP1403_clean.csv,0,0,0,0,0,0,0,0,0,0,0,0,0,0,0,0,0
kofamscan/ko_tables/sorbitol/MMETSP0574_clean.csv,1,0,0,0,0,0,0,0,0,0,0,0,1,0,0,0,0
kofamscan/ko_tables/sorbitol/MMETSP0202_clean.csv,1,0,0,0,0,0,0,0,0,0,0,0,0,0,0,0,0
kofamscan/ko_tables/sorbitol/MMETSP0796_clean.csv,1,0,0,0,0,0,0,0,0,0,0,0,0,0,0,0,0
kofamscan/ko_tables/sorbitol/MMETSP0797_clean.csv,1,0,0,0,0,0,0,0,0,0,0,0,0,0,0,0,0
kofamscan/ko_tables/sorbitol/MMETSP1127_clean.csv,1,0,0,0,0,0,0,0,0,0,0,0,0,0,0,0,0
kofamscan/ko_tables/sorbitol/MMETSP1413_clean.csv,1,0,0,0,0,0,0,0,0,0,0,0,0,0,0,0,0
kofamscan/ko_tables/sorbitol/MMETSP0991_clean.csv,1,0,0,0,0,0,0,0,0,0,0,0,0,0,0,0,0
kofamscan/ko_tables/sorbitol/MMETSP1474_clean.csv,1,0,0,0,0,0,0,0,0,0,0,0,0,0,0,0,0
kofamscan/ko_tables/sorbitol/MMETSP1406_clean.csv,1,0,0,0,0,0,0,0,0,0,0,0,0,0,0,0,0
kofamscan/ko_tables/sorbitol/MMETSP1123_clean.csv,1,0,0,0,0,0,0,0,0,0,0,0,0,0,0,0,0
kofamscan/ko_tables/sorbitol/MMETSP0930_clean.csv,0,0,0,0,0,0,0,0,0,0,0,0,0,0,0,0,0
kofamscan/ko_tables/sorbitol/MMETSP0573_clean.csv,1,0,0,0,0,0,0,0,0,0,0,0,1,0,0,0,0
kofamscan/ko_tables/sorbitol/MMETSP1013_clean.csv,0,0,0,0,0,0,0,0,0,0,0,0,0,0,0,0,0
kofamscan/ko_tables/sorbitol/MMETSP1080_clean.csv,0,0,0,0,0,0,0,0,0,0,0,0,0,0,0,0,0
kofamscan/ko_tables/sorbitol/MMETSP1464_clean.csv,1,0,0,0,0,0,0,0,0,0,0,0,0,0,0,0,0
kofamscan/ko_tables/sorbitol/MMETSP0891_clean.csv,1,0,0,0,0,0,0,0,0,0,0,0,0,0,0,0,0
kofamscan/ko_tables/sorbitol/MMETSP1169_clean.csv,1,0,0,0,0,0,0,0,0,0,0,0,0,0,0,0,0
kofamscan/ko_tables/sorbitol/MMETSP1128_clean.csv,1,0,0,0,0,0,0,0,0,0,0,0,0,0,0,0,0
kofamscan/ko_tables/sorbitol/MMETSP1155_clean.csv,1,0,0,0,0,0,0,0,0,0,0,0,0,0,0,0,0
kofamscan/ko_tables/sorbitol/MMETSP0149_clean.csv,0,0,0,0,0,0,0,0,0,0,0,0,0,0,0,0,0
kofamscan/ko_tables/sorbitol/MMETSP1100_clean.csv,1,0,0,0,0,0,0,0,0,0,0,0,0,0,0,0,0
kofamscan/ko_tables/sorbitol/MMETSP0942_clean.csv,1,0,0,0,0,0,0,0,0,0,0,0,0,0,0,0,0
kofamscan/ko_tables/sorbitol/MMETSP1137_clean.csv,1,0,0,0,0,0,0,0,0,0,0,0,0,0,0,0,0
kofamscan/ko_tables/sorbitol/MMETSP0973_clean.csv,0,0,0,0,0,0,0,0,0,0,0,0,0,0,0,0,0
kofamscan/ko_tables/sorbitol/MMETSP0413_clean.csv,1,0,0,0,0,0,0,0,0,0,0,0,0,0,0,0,0
kofamscan/ko_tables/sorbitol/MMETSP0200_clean.csv,1,0,0,0,0,0,0,0,0,0,0,0,0,0,0,0,0
kofamscan/ko_tables/sorbitol/MMETSP1047_clean.csv,1,0,0,0,0,0,0,0,0,0,0,0,0,0,0,0,0
kofamscan/ko_tables/sorbitol/MMETSP0347_clean.csv,0,0,0,0,0,0,0,0,0,0,0,0,0,0,0,0,0
kofamscan/ko_tables/sorbitol/MMETSP1394_clean.csv,0,0,0,0,0,0,0,0,0,0,0,0,0,0,0,0,0
kofamscan/ko_tables/sorbitol/MMETSP0096_clean.csv,1,0,0,0,0,0,0,0,0,0,0,0,0,0,0,0,0
kofamscan/ko_tables/sorbitol/MMETSP0811_clean.csv,0,0,0,0,0,0,0,0,0,0,0,0,0,0,0,0,0
kofamscan/ko_tables/sorbitol/MMETSP0417_clean.csv,1,0,0,0,0,0,0,0,0,0,0,0,0,0,0,0,0
kofamscan/ko_tables/sorbitol/MMETSP0087_clean.csv,1,0,0,0,0,0,0,0,0,0,0,0,0,0,0,0,0
kofamscan/ko_tables/sorbitol/MMETSP1117_clean.csv,1,0,0,0,0,0,0,0,0,0,0,0,0,0,0,0,0
kofamscan/ko_tables/sorbitol/MMETSP0603_clean.csv,1,0,0,0,0,0,0,0,0,0,0,0,0,0,0,0,0
kofamscan/ko_tables/sorbitol/MMETSP0734_clean.csv,0,0,0,0,0,0,0,0,0,0,0,0,0,0,0,0,0
kofamscan/ko_tables/sorbitol/MMETSP0011_clean.csv,1,0,0,0,0,0,0,0,0,0,0,0,1,0,0,0,0
kofamscan/ko_tables/sorbitol/MMETSP1401_clean.csv,0,0,0,0,0,0,0,0,0,0,0,0,0,0,0,0,0
kofamscan/ko_tables/sorbitol/MMETSP1412_clean.csv,1,0,0,0,0,0,0,0,0,0,0,0,0,0,0,0,0
kofamscan/ko_tables/sorbitol/MMETSP1469_clean.csv,0,0,0,0,0,0,0,0,0,0,0,0,0,0,0,0,0
kofamscan/ko_tables/sorbitol/MMETSP1035_clean.csv,1,0,0,0,0,0,0,0,0,0,0,0,0,0,0,0,0
kofamscan/ko_tables/sorbitol/MMETSP0938_clean.csv,0,0,0,0,0,0,0,0,0,0,0,0,0,0,0,0,0
kofamscan/ko_tables/sorbitol/MMETSP0092_clean.csv,0,0,0,0,0,0,0,0,0,0,0,0,0,0,0,0,0
kofamscan/ko_tables/sorbitol/MMETSP0820_clean.csv,1,0,0,0,0,0,0,0,0,0,0,0,0,0,0,0,0
kofamscan/ko_tables/sorbitol/MMETSP0993_clean.csv,1,0,0,0,0,0,0,0,0,0,0,0,0,0,0,0,0
kofamscan/ko_tables/sorbitol/MMETSP0909_clean.csv,0,0,0,0,0,0,0,0,0,0,0,0,0,0,0,0,0
kofamscan/ko_tables/sorbitol/MMETSP0160_clean.csv,1,0,0,0,0,0,0,0,0,0,0,0,0,0,0,0,0
kofamscan/ko_tables/sorbitol/MMETSP1049_clean.csv,1,0,0,0,0,0,0,0,0,0,0,0,0,0,0,0,0
kofamscan/ko_tables/sorbitol/MMETSP1459_clean.csv,1,0,0,0,0,0,0,0,0,0,0,0,0,0,0,0,0
kofamscan/ko_tables/sorbitol/MMETSP1388_clean.csv,1,0,0,0,0,0,0,0,0,0,0,0,0,0,0,0,0
kofamscan/ko_tables/sorbitol/MMETSP0920_clean.csv,0,0,0,0,0,0,0,0,0,0,0,0,0,0,0,0,0
kofamscan/ko_tables/sorbitol/MMETSP1095_clean.csv,0,0,0,0,0,0,0,0,0,0,0,0,0,0,0,0,0
kofamscan/ko_tables/sorbitol/MMETSP0120_clean.csv,1,0,0,0,0,0,0,0,0,0,0,0,0,0,0,0,0
kofamscan/ko_tables/sorbitol/MMETSP1151_clean.csv,1,0,0,0,0,0,0,0,0,0,0,0,0,0,0,0,0
kofamscan/ko_tables/sorbitol/MMETSP0006_clean.csv,1,0,0,0,0,0,0,0,0,0,0,0,0,0,0,0,0
kofamscan/ko_tables/sorbitol/MMETSP1473_clean.csv,1,0,0,0,0,0,0,0,0,0,0,0,1,0,0,0,0
kofamscan/ko_tables/sorbitol/MMETSP0272_clean.csv,1,1,0,0,0,0,0,0,0,0,0,0,0,0,0,0,0
kofamscan/ko_tables/sorbitol/MMETSP0899_clean.csv,1,0,0,0,0,0,0,0,0,0,0,0,0,0,0,0,0
kofamscan/ko_tables/sorbitol/MMETSP0151_clean.csv,1,0,0,0,0,0,0,0,0,0,0,0,0,0,0,0,0
kofamscan/ko_tables/sorbitol/MMETSP1381_clean.csv,0,0,0,0,0,0,0,0,0,0,0,0,0,0,0,0,0
kofamscan/ko_tables/sorbitol/MMETSP0326_clean.csv,0,0,0,0,0,0,0,0,0,0,0,0,0,0,0,0,0
kofamscan/ko_tables/sorbitol/MMETSP0912_clean.csv,0,0,0,0,0,0,0,0,0,0,0,0,0,0,0,0,0
kofamscan/ko_tables/sorbitol/MMETSP1070_clean.csv,1,0,0,0,0,0,0,0,0,0,0,0,0,0,0,0,0
kofamscan/ko_tables/sorbitol/MMETSP0900_clean.csv,1,0,0,0,0,0,0,0,0,0,0,0,0,0,0,0,0
kofamscan/ko_tables/sorbitol/MMETSP0014_clean.csv,1,0,0,0,0,0,0,0,0,0,0,0,0,0,0,0,0
kofamscan/ko_tables/sorbitol/MMETSP1400_clean.csv,0,0,0,0,0,0,0,0,0,0,0,0,0,0,0,0,0
kofamscan/ko_tables/sorbitol/MMETSP1437_clean.csv,0,0,0,0,0,0,0,0,0,0,0,0,0,0,0,0,0
kofamscan/ko_tables/sorbitol/MMETSP1447_clean.csv,0,0,0,0,0,0,0,0,0,0,0,0,0,0,0,0,0
kofamscan/ko_tables/sorbitol/MMETSP0140_clean.csv,1,0,0,0,0,0,0,0,0,0,0,0,0,0,0,0,0
kofamscan/ko_tables/sorbitol/MMETSP1161_clean.csv,0,0,0,0,0,0,0,0,0,0,0,0,0,0,0,0,0
kofamscan/ko_tables/sorbitol/MMETSP1043_clean.csv,1,0,0,0,0,0,0,0,0,0,0,0,0,0,0,0,0
kofamscan/ko_tables/sorbitol/MMETSP1316_clean.csv,1,0,0,0,0,0,0,0,0,0,0,0,0,0,0,0,0
kofamscan/ko_tables/sorbitol/MMETSP1157_clean.csv,1,0,0,0,0,0,0,0,0,0,0,0,0,0,0,0,0
kofamscan/ko_tables/sorbitol/MMETSP0790_clean.csv,1,0,0,0,0,0,0,0,0,0,0,0,0,0,0,0,0
kofamscan/ko_tables/sorbitol/MMETSP1360_clean.csv,1,0,0,0,0,0,0,0,0,0,0,0,0,0,0,0,0
kofamscan/ko_tables/sorbitol/MMETSP0258_clean.csv,1,0,0,0,0,0,0,0,0,0,0,0,0,0,0,0,0
kofamscan/ko_tables/sorbitol/MMETSP0746_clean.csv,1,0,0,0,0,0,0,0,0,0,0,0,0,0,0,0,0
kofamscan/ko_tables/sorbitol/MMETSP1420_clean.csv,1,0,0,0,0,0,0,0,0,0,0,0,0,0,0,0,0
kofamscan/ko_tables/sorbitol/MMETSP1397_clean.csv,1,0,0,0,0,0,0,0,0,0,0,0,0,0,0,0,0
kofamscan/ko_tables/sorbitol/MMETSP1452_clean.csv,1,0,0,0,0,0,0,0,0,0,0,0,1,0,0,0,0
kofamscan/ko_tables/sorbitol/MMETSP1178_clean.csv,1,0,0,0,0,0,0,0,0,0,0,0,0,0,0,0,0
kofamscan/ko_tables/sorbitol/MMETSP1115_clean.csv,1,0,0,0,0,0,0,0,0,0,0,0,0,0,0,0,0
kofamscan/ko_tables/sorbitol/MMETSP1361_clean.csv,1,0,0,0,0,0,0,0,0,0,0,0,0,0,0,0,0
kofamscan/ko_tables/sorbitol/MMETSP0941_clean.csv,1,0,0,0,0,0,0,0,0,0,0,0,0,0,0,0,0
kofamscan/ko_tables/sorbitol/MMETSP0098_clean.csv,1,0,0,0,0,0,0,0,0,0,0,0,0,0,0,0,0
kofamscan/ko_tables/sorbitol/MMETSP0924_clean.csv,0,0,0,0,0,0,0,0,0,0,0,0,0,0,0,0,0
kofamscan/ko_tables/sorbitol/MMETSP0234_clean.csv,0,0,0,0,0,0,0,0,0,0,0,0,0,0,0,0,1
kofamscan/ko_tables/sorbitol/MMETSP1106_clean.csv,0,0,0,0,0,0,0,0,0,0,0,0,0,0,0,0,0
kofamscan/ko_tables/sorbitol/MMETSP0267_clean.csv,1,0,0,0,0,0,0,0,0,0,0,0,0,0,0,0,0
kofamscan/ko_tables/sorbitol/MMETSP0091_clean.csv,1,0,0,0,0,0,0,0,0,0,0,0,0,0,0,0,0
kofamscan/ko_tables/sorbitol/MMETSP0132_clean.csv,1,0,0,0,0,0,0,0,0,0,0,0,0,0,0,0,0
kofamscan/ko_tables/sorbitol/MMETSP1417_clean.csv,1,0,0,0,0,0,0,0,0,0,0,0,0,0,0,0,0
kofamscan/ko_tables/sorbitol/MMETSP1363_clean.csv,1,0,0,0,0,0,0,0,0,0,0,0,0,0,0,0,0
kofamscan/ko_tables/sorbitol/MMETSP0316_clean.csv,1,0,0,0,0,0,0,0,0,0,0,0,0,0,0,0,0
kofamscan/ko_tables/sorbitol/MMETSP0229_clean.csv,0,0,0,0,0,0,0,0,0,0,0,0,0,0,0,0,0
kofamscan/ko_tables/sorbitol/MMETSP1408_clean.csv,1,0,0,0,0,0,0,0,0,0,0,0,0,0,0,0,0
kofamscan/ko_tables/sorbitol/MMETSP0987_clean.csv,0,0,0,0,0,0,0,0,0,0,0,0,0,0,0,0,0
kofamscan/ko_tables/sorbitol/MMETSP1333_clean.csv,1,0,0,0,0,0,0,0,0,0,0,0,0,0,0,0,0
kofamscan/ko_tables/sorbitol/MMETSP1345_clean.csv,1,0,0,0,0,0,0,0,0,0,0,0,0,0,0,0,0
kofamscan/ko_tables/sorbitol/MMETSP0878_clean.csv,1,0,0,0,0,0,0,0,0,0,0,0,0,0,0,0,0
kofamscan/ko_tables/sorbitol/MMETSP1153_clean.csv,1,0,0,0,0,0,0,0,0,0,0,0,0,0,0,0,0
kofamscan/ko_tables/sorbitol/MMETSP0288_clean.csv,1,0,0,0,0,0,0,0,0,0,0,0,0,0,0,0,0
kofamscan/ko_tables/sorbitol/MMETSP1462_clean.csv,1,0,0,0,0,0,0,0,0,0,0,0,0,0,0,0,0
kofamscan/ko_tables/sorbitol/MMETSP0139_clean.csv,1,0,0,0,0,0,0,0,0,0,0,0,0,0,0,0,0
kofamscan/ko_tables/sorbitol/MMETSP1096_clean.csv,1,0,0,0,0,0,0,0,0,0,0,0,0,0,0,0,0
kofamscan/ko_tables/sorbitol/MMETSP1418_clean.csv,1,0,0,0,0,0,0,0,0,0,0,0,0,0,0,0,0
kofamscan/ko_tables/sorbitol/MMETSP0963_clean.csv,1,0,0,0,0,0,0,0,0,0,0,0,0,0,0,0,0
kofamscan/ko_tables/sorbitol/MMETSP0171_clean.csv,0,0,0,0,0,0,0,0,0,0,0,0,0,0,0,0,0
kofamscan/ko_tables/sorbitol/MMETSP0904_clean.csv,1,0,0,0,0,0,0,0,0,0,0,0,0,0,0,0,0
kofamscan/ko_tables/sorbitol/MMETSP1040_clean.csv,0,0,0,0,0,0,0,0,0,0,0,0,0,0,0,0,0
kofamscan/ko_tables/sorbitol/MMETSP1389_clean.csv,0,0,0,0,0,0,0,0,0,0,0,0,0,0,0,0,0
kofamscan/ko_tables/sorbitol/MMETSP1415_clean.csv,1,0,0,0,0,0,0,0,0,0,0,0,0,0,0,0,0
kofamscan/ko_tables/sorbitol/MMETSP0789_clean.csv,1,0,0,0,0,0,0,0,0,0,0,0,0,0,0,0,0
kofamscan/ko_tables/sorbitol/MMETSP0169_clean.csv,1,0,0,0,0,0,0,0,0,0,0,0,0,0,0,0,0
kofamscan/ko_tables/sorbitol/MMETSP1064_clean.csv,1,0,0,0,0,0,0,0,0,0,0,0,0,0,0,0,0
kofamscan/ko_tables/sorbitol/MMETSP0015_clean.csv,1,0,0,0,0,0,0,0,0,0,0,0,0,0,0,0,0
kofamscan/ko_tables/sorbitol/MMETSP1152_clean.csv,1,0,0,0,0,0,0,0,0,0,0,0,0,0,0,0,0
kofamscan/ko_tables/sorbitol/MMETSP0106_clean.csv,1,0,0,0,0,0,0,0,0,0,0,0,0,0,0,0,0
kofamscan/ko_tables/sorbitol/MMETSP1349_clean.csv,1,0,0,0,0,0,0,0,0,0,0,0,0,0,0,0,0
kofamscan/ko_tables/sorbitol/MMETSP0727_clean.csv,0,0,0,0,0,0,0,0,0,0,0,0,0,0,0,0,0
kofamscan/ko_tables/sorbitol/MMETSP1429_clean.csv,0,0,0,0,0,0,0,0,0,0,0,0,0,0,0,0,0
kofamscan/ko_tables/sorbitol/MMETSP0911_clean.csv,0,0,0,0,0,0,0,0,0,0,0,0,0,0,0,0,0
kofamscan/ko_tables/sorbitol/MMETSP0717_clean.csv,1,0,0,0,0,0,0,0,0,0,0,0,0,0,0,0,0
kofamscan/ko_tables/sorbitol/MMETSP0901_clean.csv,1,0,0,0,0,0,0,0,0,0,0,0,0,0,0,0,0
kofamscan/ko_tables/sorbitol/MMETSP0111_clean.csv,1,0,0,0,0,0,0,0,0,0,0,0,0,0,0,0,0
kofamscan/ko_tables/sorbitol/MMETSP0411_clean.csv,0,0,0,0,0,0,0,0,0,0,0,0,0,0,0,0,0
kofamscan/ko_tables/sorbitol/MMETSP0317_clean.csv,1,0,0,0,0,0,0,0,0,0,0,0,0,0,0,0,0
kofamscan/ko_tables/sorbitol/MMETSP1148_clean.csv,0,0,0,0,0,0,0,0,0,0,0,0,0,0,0,0,0
kofamscan/ko_tables/sorbitol/MMETSP0957_clean.csv,1,0,0,0,0,0,0,0,0,0,0,0,0,0,0,0,0
kofamscan/ko_tables/sorbitol/MMETSP0914_clean.csv,1,0,0,0,0,0,0,0,0,0,0,0,0,0,0,0,0
kofamscan/ko_tables/sorbitol/MMETSP0738_clean.csv,1,0,0,0,0,0,1,0,0,1,1,1,0,0,0,0,0
kofamscan/ko_tables/sorbitol/MMETSP0010_clean.csv,1,0,0,0,0,0,0,0,0,0,0,0,0,0,0,0,0
kofamscan/ko_tables/sorbitol/MMETSP0056_clean.csv,1,0,0,0,0,0,0,0,0,0,0,0,0,0,0,0,0
kofamscan/ko_tables/sorbitol/MMETSP0595_clean.csv,1,0,0,0,0,0,0,0,0,0,0,0,0,0,0,0,0
kofamscan/ko_tables/sorbitol/MMETSP0116_clean.csv,1,0,0,0,0,0,0,0,0,0,0,0,0,0,0,0,0
kofamscan/ko_tables/sorbitol/MMETSP0368_clean.csv,1,0,0,0,0,0,0,0,0,0,0,0,1,0,0,0,0
kofamscan/ko_tables/sorbitol/MMETSP1156_clean.csv,1,0,0,0,0,0,0,0,0,0,0,0,0,0,0,0,0
kofamscan/ko_tables/sorbitol/MMETSP0881_clean.csv,1,0,0,0,0,0,0,0,0,0,0,0,0,0,0,0,0
kofamscan/ko_tables/sorbitol/MMETSP0114_clean.csv,1,0,0,0,0,0,0,0,0,0,0,0,0,0,0,0,0
kofamscan/ko_tables/sorbitol/MMETSP0706_clean.csv,1,0,0,0,0,0,0,0,0,1,1,1,0,0,0,0,0
kofamscan/ko_tables/sorbitol/MMETSP0802_clean.csv,0,0,0,0,0,0,0,0,0,0,0,0,0,0,0,0,0
kofamscan/ko_tables/sorbitol/MMETSP0371_clean.csv,1,0,0,0,0,0,0,0,0,0,0,0,1,0,0,0,0
kofamscan/ko_tables/sorbitol/MMETSP1426_clean.csv,1,0,0,0,0,0,0,0,0,0,0,0,1,0,0,0,0
kofamscan/ko_tables/sorbitol/MMETSP1173_clean.csv,1,0,0,0,0,0,0,0,0,0,0,0,0,0,0,0,0
kofamscan/ko_tables/sorbitol/MMETSP0726_clean.csv,0,0,0,0,0,0,0,0,0,0,0,0,0,0,0,0,0
kofamscan/ko_tables/sorbitol/MMETSP1330_clean.csv,0,0,0,0,0,0,0,0,0,0,0,0,0,0,0,0,0
kofamscan/ko_tables/sorbitol/MMETSP0807_clean.csv,1,0,0,0,0,0,0,0,0,0,0,0,0,0,0,0,0
kofamscan/ko_tables/sorbitol/MMETSP0125_clean.csv,1,0,0,0,0,0,0,0,0,0,0,0,0,0,0,0,0
kofamscan/ko_tables/sorbitol/MMETSP1370_clean.csv,1,0,0,0,0,0,0,0,0,0,0,0,1,0,0,0,0
kofamscan/ko_tables/sorbitol/MMETSP0033_clean.csv,1,0,0,0,0,0,0,0,0,0,0,0,0,0,0,0,0
kofamscan/ko_tables/sorbitol/MMETSP0109_clean.csv,1,0,0,0,0,0,0,0,0,0,0,0,0,0,0,0,0
kofamscan/ko_tables/sorbitol/MMETSP1329_clean.csv,1,0,0,0,0,0,0,0,0,0,0,1,0,0,0,0,0
kofamscan/ko_tables/sorbitol/MMETSP0057_clean.csv,1,0,0,0,0,0,0,0,0,0,0,0,0,0,0,0,0
kofamscan/ko_tables/sorbitol/MMETSP0990_clean.csv,1,0,0,0,0,0,0,0,0,0,0,0,0,0,0,0,0
kofamscan/ko_tables/sorbitol/MMETSP1107_clean.csv,1,0,0,0,0,0,0,0,0,0,0,0,0,0,0,0,0
kofamscan/ko_tables/sorbitol/MMETSP0766_clean.csv,1,0,0,0,0,0,0,0,0,0,0,0,0,0,0,0,0
kofamscan/ko_tables/sorbitol/MMETSP1435_clean.csv,0,0,0,0,0,0,0,0,0,0,0,0,0,0,0,0,0
kofamscan/ko_tables/sorbitol/MMETSP1416_clean.csv,1,0,0,0,0,0,0,0,0,0,0,0,0,0,0,0,0
kofamscan/ko_tables/sorbitol/MMETSP0469_clean.csv,1,0,0,0,0,0,0,0,0,0,0,0,1,0,0,0,0
kofamscan/ko_tables/sorbitol/MMETSP1038_clean.csv,1,0,0,0,0,0,0,0,0,0,0,0,0,0,0,0,0
kofamscan/ko_tables/sorbitol/MMETSP0998_clean.csv,0,0,0,0,0,0,0,0,0,0,0,0,0,0,0,0,0
kofamscan/ko_tables/sorbitol/MMETSP0988_clean.csv,0,0,0,0,0,0,0,0,0,0,0,0,0,0,0,0,0
kofamscan/ko_tables/sorbitol/MMETSP1445_clean.csv,1,0,0,0,0,0,0,0,0,0,0,0,0,0,0,0,0
kofamscan/ko_tables/sorbitol/MMETSP0562_clean.csv,0,0,0,0,0,0,0,0,0,0,0,0,0,0,0,0,0
kofamscan/ko_tables/sorbitol/MMETSP1443_clean.csv,0,0,0,0,0,0,0,0,0,0,0,0,0,0,0,0,0
kofamscan/ko_tables/sorbitol/MMETSP0983_clean.csv,1,0,0,0,0,0,0,0,0,0,0,0,0,0,0,0,0
kofamscan/ko_tables/sorbitol/MMETSP0817_clean.csv,1,0,0,0,0,0,0,0,0,0,0,0,0,0,0,0,0
kofamscan/ko_tables/sorbitol/MMETSP0733_clean.csv,1,0,0,0,0,0,0,0,0,0,0,0,0,0,0,0,0
kofamscan/ko_tables/sorbitol/MMETSP1177_clean.csv,1,0,0,0,0,0,0,0,0,0,0,0,0,0,0,0,0
kofamscan/ko_tables/sorbitol/MMETSP0698_clean.csv,1,0,0,0,0,0,0,0,0,0,0,0,0,0,0,0,0
kofamscan/ko_tables/sorbitol/MMETSP0110_clean.csv,1,0,0,0,0,0,0,0,0,0,0,0,0,0,0,0,0
kofamscan/ko_tables/sorbitol/MMETSP0753_clean.csv,1,0,0,0,0,0,0,0,0,0,0,0,0,0,0,0,0
kofamscan/ko_tables/sorbitol/MMETSP1016_clean.csv,1,0,0,0,0,0,0,0,0,0,0,0,0,0,0,0,0
kofamscan/ko_tables/sorbitol/MMETSP0449_clean.csv,1,0,0,0,0,0,0,0,0,0,0,0,0,0,0,0,0
kofamscan/ko_tables/sorbitol/MMETSP1105_clean.csv,1,0,0,0,0,0,0,0,0,0,0,0,0,0,0,0,0
kofamscan/ko_tables/sorbitol/MMETSP1463_clean.csv,1,0,0,0,0,0,0,0,0,0,0,0,0,0,0,0,0
kofamscan/ko_tables/sorbitol/MMETSP0962_clean.csv,0,0,0,0,0,0,0,0,0,0,0,0,0,0,0,0,0
kofamscan/ko_tables/sorbitol/MMETSP1098_clean.csv,1,0,0,0,0,0,0,0,0,0,0,0,0,0,0,0,0
kofamscan/ko_tables/sorbitol/MMETSP1441_clean.csv,1,0,0,0,0,0,0,0,0,0,0,0,0,0,0,0,0
kofamscan/ko_tables/sorbitol/MMETSP1074_clean.csv,1,0,0,0,0,0,0,0,0,0,0,0,0,0,0,0,0
kofamscan/ko_tables/sorbitol/MMETSP0908_clean.csv,1,0,0,0,0,0,0,0,0,0,0,0,0,0,0,0,0
kofamscan/ko_tables/sorbitol/MMETSP0484_clean.csv,1,0,0,0,0,0,0,0,0,0,0,0,0,0,0,0,0
kofamscan/ko_tables/sorbitol/MMETSP0044_clean.csv,0,0,0,0,0,0,0,0,0,0,0,0,0,0,0,0,0
kofamscan/ko_tables/sorbitol/MMETSP0795_clean.csv,1,0,0,0,0,0,0,0,0,0,0,0,0,0,0,0,0
kofamscan/ko_tables/sorbitol/MMETSP1362_clean.csv,1,0,0,0,0,0,0,0,0,0,0,0,0,0,0,0,0
kofamscan/ko_tables/sorbitol/MMETSP1041_clean.csv,1,0,0,0,0,0,0,0,0,0,0,0,0,0,0,0,0
kofamscan/ko_tables/sorbitol/MMETSP0403_clean.csv,1,0,0,0,0,0,0,0,0,0,0,0,0,0,0,0,0
kofamscan/ko_tables/sorbitol/MMETSP0949_clean.csv,1,0,0,0,0,0,0,0,0,0,0,0,0,0,0,0,0
kofamscan/ko_tables/sorbitol/MMETSP1010_clean.csv,0,0,0,0,0,0,0,0,0,0,0,0,0,0,0,0,0
kofamscan/ko_tables/sorbitol/MMETSP1353_clean.csv,1,0,0,0,0,0,0,0,0,0,0,0,1,0,0,0,0
kofamscan/ko_tables/sorbitol/MMETSP0150_clean.csv,1,0,0,0,0,0,0,0,0,0,0,0,0,0,0,0,0
kofamscan/ko_tables/sorbitol/MMETSP0893_clean.csv,1,0,0,0,0,0,0,0,0,0,0,0,0,0,0,0,0
kofamscan/ko_tables/sorbitol/MMETSP0294_clean.csv,1,0,0,0,0,0,0,0,0,0,0,0,0,0,0,0,0
kofamscan/ko_tables/sorbitol/MMETSP0145_clean.csv,1,0,0,0,0,0,0,0,0,0,0,0,0,0,0,0,0
kofamscan/ko_tables/sorbitol/MMETSP1405_clean.csv,1,0,0,0,0,0,0,0,0,0,0,0,0,0,0,0,0
kofamscan/ko_tables/sorbitol/MMETSP0046_clean.csv,1,0,0,0,0,0,0,0,0,0,0,0,0,0,0,0,0
kofamscan/ko_tables/sorbitol/MMETSP1083_clean.csv,1,0,0,0,0,0,0,0,0,0,0,0,0,0,0,0,0
kofamscan/ko_tables/sorbitol/MMETSP0724_clean.csv,1,0,0,0,0,0,0,0,0,0,0,0,0,0,0,0,0
kofamscan/ko_tables/sorbitol/MMETSP0472_clean.csv,1,0,0,0,0,0,0,0,0,0,0,0,0,0,0,0,0
kofamscan/ko_tables/sorbitol/MMETSP1352_clean.csv,1,0,0,0,0,0,0,0,0,0,0,0,0,0,0,0,0
kofamscan/ko_tables/sorbitol/MMETSP1364_clean.csv,1,0,0,0,0,0,0,0,0,0,0,0,0,0,0,0,0
kofamscan/ko_tables/sorbitol/MMETSP0174_clean.csv,0,0,0,0,0,0,0,0,0,0,0,0,0,0,0,0,0
kofamscan/ko_tables/sorbitol/MMETSP1365_clean.csv,1,0,0,0,0,0,0,0,0,0,0,0,0,0,0,0,0
kofamscan/ko_tables/sorbitol/MMETSP0971_clean.csv,1,0,0,0,0,0,0,0,0,0,0,0,0,0,0,0,0
kofamscan/ko_tables/sorbitol/MMETSP0896_clean.csv,0,0,0,0,0,0,0,0,0,0,0,0,0,0,0,0,0
kofamscan/ko_tables/sorbitol/MMETSP0879_clean.csv,1,0,0,0,0,0,0,0,0,0,0,0,0,0,0,0,0
kofamscan/ko_tables/sorbitol/MMETSP1359_clean.csv,1,0,0,0,0,0,0,0,0,0,0,0,0,0,0,0,0
kofamscan/ko_tables/sorbitol/MMETSP0972_clean.csv,1,0,0,0,0,0,0,0,0,0,0,0,0,0,0,0,0
kofamscan/ko_tables/sorbitol/MMETSP1323_clean.csv,1,0,0,0,0,0,0,0,0,0,0,0,0,0,0,0,0
kofamscan/ko_tables/sorbitol/MMETSP0156_clean.csv,1,0,0,0,0,0,0,0,0,0,0,0,0,0,0,0,0
kofamscan/ko_tables/sorbitol/MMETSP0142_clean.csv,1,0,0,0,0,0,0,0,0,0,0,0,0,0,0,0,0
kofamscan/ko_tables/sorbitol/MMETSP0123_clean.csv,1,0,0,0,0,0,0,0,0,0,0,0,0,0,0,0,0
kofamscan/ko_tables/sorbitol/MMETSP0107_clean.csv,1,0,0,0,0,0,0,0,0,0,0,0,0,0,0,0,0
kofamscan/ko_tables/sorbitol/MMETSP1367_clean.csv,1,0,0,0,0,0,0,0,0,0,0,0,1,0,0,0,0
kofamscan/ko_tables/sorbitol/MMETSP0029_clean.csv,1,0,0,0,0,0,0,0,0,0,0,0,0,0,0,0,0
kofamscan/ko_tables/sorbitol/MMETSP1324_clean.csv,1,0,0,0,0,0,0,0,0,0,0,0,0,0,0,0,0
kofamscan/ko_tables/sorbitol/MMETSP0916_clean.csv,1,0,0,0,0,0,0,0,0,0,0,0,0,0,0,0,0
kofamscan/ko_tables/sorbitol/MMETSP0108_clean.csv,1,0,0,0,0,0,0,0,0,0,0,0,0,0,0,0,0
kofamscan/ko_tables/sorbitol/MMETSP0027_clean.csv,1,0,0,0,0,0,0,0,0,0,0,0,0,0,0,0,0
kofamscan/ko_tables/sorbitol/MMETSP0251_clean.csv,0,0,0,0,0,0,0,0,0,0,0,0,0,0,0,0,0
kofamscan/ko_tables/sorbitol/MMETSP1018_clean.csv,0,0,0,0,0,0,0,0,0,0,0,0,0,0,0,0,0
kofamscan/ko_tables/sorbitol/MMETSP1089_clean.csv,1,0,0,0,0,0,0,0,0,0,0,0,0,0,0,0,0
kofamscan/ko_tables/sorbitol/MMETSP1369_clean.csv,1,0,0,0,0,0,0,0,0,0,0,0,1,0,0,0,0
kofamscan/ko_tables/sorbitol/MMETSP1144_clean.csv,1,0,0,0,0,0,0,0,0,0,0,0,0,0,0,0,0
kofamscan/ko_tables/sorbitol/MMETSP1143_clean.csv,1,0,0,0,0,0,0,0,0,0,0,0,0,0,0,0,0
kofamscan/ko_tables/sorbitol/MMETSP0944_clean.csv,1,0,0,0,0,0,0,0,0,0,0,0,0,0,0,0,0
kofamscan/ko_tables/sorbitol/MMETSP1310_clean.csv,1,0,0,0,0,0,0,0,0,0,0,0,1,0,0,0,0
kofamscan/ko_tables/sorbitol/MMETSP0382_clean.csv,1,0,0,0,0,0,0,0,0,0,0,0,1,0,0,0,0
kofamscan/ko_tables/sorbitol/MMETSP1402_clean.csv,0,0,0,0,0,0,0,0,0,0,0,0,0,0,0,0,0
kofamscan/ko_tables/sorbitol/MMETSP1315_clean.csv,1,0,0,0,0,0,0,0,0,0,0,0,0,0,0,0,0
kofamscan/ko_tables/sorbitol/MMETSP0956_clean.csv,1,0,0,0,0,0,0,0,0,0,0,0,0,0,0,0,0
kofamscan/ko_tables/sorbitol/MMETSP0166_clean.csv,1,0,0,0,0,0,0,0,0,0,0,0,0,0,0,0,0
kofamscan/ko_tables/sorbitol/MMETSP0939_clean.csv,0,0,0,0,0,0,0,0,0,0,0,0,0,0,0,0,0
kofamscan/ko_tables/sorbitol/MMETSP1140_clean.csv,0,0,0,0,0,0,0,0,0,0,0,0,0,0,0,0,0
kofamscan/ko_tables/sorbitol/MMETSP1377_clean.csv,1,0,0,0,0,0,0,0,0,0,0,0,0,0,0,0,0
kofamscan/ko_tables/sorbitol/MMETSP1434_clean.csv,1,0,0,0,0,0,0,0,0,0,0,0,0,0,0,0,0
kofamscan/ko_tables/sorbitol/MMETSP0121_clean.csv,1,0,0,0,0,0,0,0,0,0,0,0,0,0,0,0,0
kofamscan/ko_tables/sorbitol/MMETSP1390_clean.csv,0,0,0,0,0,0,0,0,0,0,0,0,0,0,0,0,0
kofamscan/ko_tables/sorbitol/MMETSP0994_clean.csv,1,0,0,0,0,0,0,0,0,0,0,0,0,0,0,0,0
kofamscan/ko_tables/sorbitol/MMETSP1012_clean.csv,1,0,0,0,0,0,0,0,0,0,0,0,0,0,0,0,0
kofamscan/ko_tables/sorbitol/MMETSP0047_clean.csv,1,0,0,0,0,0,0,0,0,0,0,0,0,0,0,0,0
kofamscan/ko_tables/sorbitol/MMETSP0410_clean.csv,0,0,0,0,0,0,0,0,0,0,0,0,0,0,0,0,0
kofamscan/ko_tables/sorbitol/MMETSP0295_clean.csv,0,0,0,0,0,0,0,0,0,0,0,0,0,0,0,0,0
kofamscan/ko_tables/sorbitol/MMETSP0803_clean.csv,0,0,0,0,0,0,0,0,0,0,0,0,0,0,0,0,0
kofamscan/ko_tables/sorbitol/MMETSP1066_clean.csv,0,0,0,0,0,0,0,0,0,0,0,0,0,0,0,0,0
kofamscan/ko_tables/sorbitol/MMETSP0814_clean.csv,1,0,0,0,0,0,0,0,0,0,0,0,0,0,0,0,0
kofamscan/ko_tables/sorbitol/MMETSP0697_clean.csv,1,0,0,0,0,0,0,0,0,0,0,0,0,0,0,0,0
kofamscan/ko_tables/sorbitol/MMETSP0228_clean.csv,1,1,0,0,0,0,0,0,0,0,0,0,0,0,0,0,0
kofamscan/ko_tables/sorbitol/MMETSP0725_clean.csv,1,0,0,0,0,0,0,0,0,0,0,0,0,0,0,0,0
kofamscan/ko_tables/sorbitol/MMETSP0492_clean.csv,0,0,0,0,0,0,0,0,0,0,0,0,0,0,0,0,0
kofamscan/ko_tables/sorbitol/MMETSP1065_clean.csv,1,0,0,0,0,0,0,0,0,0,0,0,0,0,0,0,0
kofamscan/ko_tables/sorbitol/MMETSP1006_clean.csv,1,0,0,0,0,0,0,0,0,0,0,0,0,0,0,0,0
kofamscan/ko_tables/sorbitol/MMETSP0143_clean.csv,1,0,0,0,0,0,0,0,0,0,0,0,0,0,0,0,0
kofamscan/ko_tables/sorbitol/MMETSP1033_clean.csv,1,0,0,0,0,0,0,0,0,0,0,0,0,0,0,0,0
kofamscan/ko_tables/sorbitol/MMETSP0974_clean.csv,1,0,0,0,0,0,0,0,0,0,0,0,0,0,0,0,0
kofamscan/ko_tables/sorbitol/MMETSP1147_clean.csv,0,0,0,0,0,0,0,0,0,0,0,0,0,0,0,0,0
kofamscan/ko_tables/sorbitol/MMETSP1404_clean.csv,0,0,0,0,0,0,0,0,0,0,0,0,0,0,0,0,0
kofamscan/ko_tables/sorbitol/MMETSP1048_clean.csv,1,0,0,0,0,0,0,0,0,0,0,0,0,0,0,0,0
kofamscan/ko_tables/sorbitol/MMETSP0970_clean.csv,1,0,0,0,0,0,0,0,0,0,0,0,0,0,0,0,0
kofamscan/ko_tables/sorbitol/MMETSP0747_clean.csv,1,0,0,0,0,0,0,0,0,0,0,0,0,0,0,0,0
kofamscan/ko_tables/sorbitol/MMETSP0020_clean.csv,1,0,0,0,0,0,0,0,0,0,0,0,0,0,0,0,0
kofamscan/ko_tables/sorbitol/MMETSP0019_clean.csv,1,0,0,0,0,0,0,0,0,0,0,0,0,0,0,0,0
kofamscan/ko_tables/sorbitol/MMETSP0216_clean.csv,1,0,0,0,0,0,0,0,0,0,0,0,0,0,0,0,0
kofamscan/ko_tables/sorbitol/MMETSP1170_clean.csv,0,0,0,0,0,0,0,0,0,0,0,0,0,0,0,0,0
kofamscan/ko_tables/sorbitol/MMETSP0031_clean.csv,1,0,0,0,0,0,0,0,0,0,0,0,0,0,0,0,0
kofamscan/ko_tables/sorbitol/MMETSP1328_clean.csv,1,0,0,0,0,0,0,0,0,0,0,0,0,0,0,0,0
kofamscan/ko_tables/sorbitol/MMETSP1175_clean.csv,1,0,0,0,0,0,0,0,0,0,0,0,0,0,0,0,0
kofamscan/ko_tables/sorbitol/MMETSP0985_clean.csv,1,0,0,0,0,0,0,0,0,0,0,0,0,0,0,0,0
kofamscan/ko_tables/sorbitol/MMETSP0936_clean.csv,0,0,0,0,0,0,0,0,0,0,0,0,0,0,0,0,0
kofamscan/ko_tables/sorbitol/MMETSP1129_clean.csv,1,0,0,0,0,0,0,0,0,0,0,0,0,0,0,0,0
kofamscan/ko_tables/sorbitol/MMETSP1102_clean.csv,0,0,0,0,0,0,0,0,0,0,0,0,0,0,0,0,0
kofamscan/ko_tables/sorbitol/MMETSP0232_clean.csv,0,0,0,0,0,0,0,0,0,0,0,0,0,0,0,0,1
kofamscan/ko_tables/sorbitol/MMETSP0127_clean.csv,1,1,0,0,0,0,0,0,0,0,0,0,0,0,0,0,0
kofamscan/ko_tables/sorbitol/MMETSP0491_clean.csv,1,0,0,0,0,0,0,0,0,0,0,0,0,0,0,0,0
kofamscan/ko_tables/sorbitol/MMETSP0167_clean.csv,1,0,0,0,0,0,0,0,0,0,0,0,0,0,0,0,0
kofamscan/ko_tables/sorbitol/MMETSP1335_clean.csv,1,0,0,0,0,0,0,0,0,0,0,0,0,0,0,0,0
kofamscan/ko_tables/sorbitol/MMETSP0897_clean.csv,0,0,0,0,0,0,0,0,0,0,0,0,0,0,0,0,0
kofamscan/ko_tables/sorbitol/MMETSP0708_clean.csv,1,0,0,0,0,0,0,0,0,1,1,0,0,0,0,0,0
kofamscan/ko_tables/sorbitol/MMETSP0528_clean.csv,1,0,0,0,0,0,0,0,0,0,0,0,0,0,0,0,0
kofamscan/ko_tables/sorbitol/MMETSP0101_clean.csv,1,0,0,0,0,0,0,0,0,0,0,0,0,0,0,0,0
kofamscan/ko_tables/sorbitol/MMETSP0235_clean.csv,0,0,0,0,0,0,0,0,0,0,0,0,0,0,0,0,1
kofamscan/ko_tables/sorbitol/MMETSP0196_clean.csv,0,0,0,0,0,0,0,0,0,0,0,0,0,0,0,0,0
kofamscan/ko_tables/sorbitol/MMETSP0752_clean.csv,1,0,0,0,0,0,0,0,0,0,0,0,0,0,0,0,0
kofamscan/ko_tables/sorbitol/MMETSP0948_clean.csv,1,0,0,0,0,0,0,0,0,0,0,0,0,0,0,0,0
kofamscan/ko_tables/sorbitol/MMETSP0648_clean.csv,1,0,0,0,0,0,0,0,0,0,0,0,0,0,0,0,0
kofamscan/ko_tables/sorbitol/MMETSP0905_clean.csv,1,0,0,0,0,0,0,0,0,0,0,0,0,0,0,0,0
kofamscan/ko_tables/sorbitol/MMETSP1164_clean.csv,1,0,0,0,0,0,0,0,0,0,0,0,0,0,0,0,0
kofamscan/ko_tables/sorbitol/MMETSP0190_clean.csv,1,0,0,0,0,0,0,0,0,0,0,0,0,0,0,0,0
kofamscan/ko_tables/sorbitol/MMETSP0161_clean.csv,1,0,0,0,0,0,0,0,0,0,0,0,1,0,0,0,0
kofamscan/ko_tables/sorbitol/MMETSP0090_clean.csv,0,0,0,0,0,0,0,0,0,0,0,0,0,0,0,0,0
kofamscan/ko_tables/sorbitol/MMETSP0895_clean.csv,0,0,0,0,0,0,0,0,0,0,0,0,0,0,0,0,0
kofamscan/ko_tables/sorbitol/MMETSP0946_clean.csv,0,0,0,0,0,0,0,0,0,0,0,0,0,0,0,0,0
kofamscan/ko_tables/sorbitol/MMETSP0943_clean.csv,1,0,0,0,0,0,0,0,0,0,0,0,0,0,0,0,0
kofamscan/ko_tables/sorbitol/MMETSP0439_clean.csv,1,0,0,0,0,0,0,0,0,0,0,0,0,0,0,0,0
kofamscan/ko_tables/sorbitol/MMETSP0053_clean.csv,1,0,0,0,0,0,0,0,0,0,0,0,0,0,0,0,0
kofamscan/ko_tables/sorbitol/MMETSP0030_clean.csv,1,0,0,0,0,0,0,0,0,0,0,0,0,0,0,0,0
kofamscan/ko_tables/sorbitol/MMETSP0886_clean.csv,0,0,0,0,0,0,0,0,0,0,0,0,0,0,0,0,0
kofamscan/ko_tables/sorbitol/MMETSP0735_clean.csv,1,0,0,0,0,0,0,0,0,0,0,0,0,0,0,0,0
kofamscan/ko_tables/sorbitol/MMETSP1423_clean.csv,1,0,0,0,0,0,0,0,0,0,0,0,0,0,0,0,0
kofamscan/ko_tables/sorbitol/MMETSP1356_clean.csv,1,0,0,0,0,0,0,0,0,0,0,0,0,0,0,0,0
kofamscan/ko_tables/sorbitol/MMETSP1451_clean.csv,1,0,0,0,0,0,0,0,0,0,0,0,0,0,0,0,0
kofamscan/ko_tables/sorbitol/MMETSP1334_clean.csv,1,0,0,0,0,0,0,0,0,0,0,0,0,0,0,0,0
kofamscan/ko_tables/sorbitol/MMETSP1327_clean.csv,0,0,0,0,0,0,0,0,0,0,0,0,0,0,0,0,0
kofamscan/ko_tables/sorbitol/MMETSP1116_clean.csv,1,0,0,0,0,0,0,0,0,0,0,0,0,0,0,0,0
kofamscan/ko_tables/sorbitol/MMETSP0313_clean.csv,1,0,0,0,0,0,0,0,0,0,0,0,0,0,0,0,0
kofamscan/ko_tables/sorbitol/MMETSP0580_clean.csv,1,0,0,0,0,0,0,0,0,0,0,0,0,0,0,0,0
kofamscan/ko_tables/sorbitol/MMETSP0315_clean.csv,1,0,0,0,0,0,0,0,0,0,0,0,1,0,0,0,0
kofamscan/ko_tables/sorbitol/MMETSP0958_clean.csv,1,0,0,0,0,0,0,0,0,0,0,0,0,0,0,0,0
kofamscan/ko_tables/sorbitol/MMETSP0915_clean.csv,1,0,0,0,0,0,0,0,0,0,0,0,0,0,0,0,0
kofamscan/ko_tables/sorbitol/MMETSP1167_clean.csv,1,0,0,0,0,0,0,0,0,0,0,0,0,0,0,0,0
kofamscan/ko_tables/sorbitol/MMETSP1468_clean.csv,0,0,0,0,0,0,0,0,0,0,0,0,0,0,0,0,0
kofamscan/ko_tables/sorbitol/MMETSP0806_clean.csv,1,0,0,0,0,0,0,0,0,0,0,0,0,0,0,0,0
kofamscan/ko_tables/sorbitol/MMETSP0903_clean.csv,1,0,0,0,0,0,0,0,0,0,0,0,0,0,0,0,0
kofamscan/ko_tables/sorbitol/MMETSP1391_clean.csv,1,0,0,0,0,0,0,0,0,0,0,0,0,0,0,0,0
kofamscan/ko_tables/sorbitol/MMETSP1142_clean.csv,1,0,0,0,0,0,0,0,0,0,0,0,0,0,0,0,0
kofamscan/ko_tables/sorbitol/MMETSP0369_clean.csv,1,0,0,0,0,0,0,0,0,0,0,0,1,0,0,0,0
kofamscan/ko_tables/sorbitol/MMETSP0414_clean.csv,0,0,0,0,0,0,0,0,0,0,0,0,0,0,0,0,0
kofamscan/ko_tables/sorbitol/MMETSP1138_clean.csv,1,0,0,0,0,0,0,0,0,0,0,0,0,0,0,0,0
kofamscan/ko_tables/sorbitol/MMETSP0707_clean.csv,1,0,0,0,0,0,0,0,0,0,0,0,0,0,0,0,0
kofamscan/ko_tables/sorbitol/MMETSP0314_clean.csv,1,0,0,0,0,0,0,0,0,0,0,0,0,0,0,0,0
kofamscan/ko_tables/sorbitol/MMETSP1410_clean.csv,1,0,0,0,0,0,0,0,0,0,0,0,0,0,0,0,0
kofamscan/ko_tables/sorbitol/MMETSP0152_clean.csv,1,0,0,0,0,0,0,0,0,0,0,0,0,0,0,0,0
kofamscan/ko_tables/sorbitol/MMETSP0321_clean.csv,1,0,0,0,0,0,0,0,0,0,0,0,0,0,0,0,0
kofamscan/ko_tables/sorbitol/MMETSP0201_clean.csv,1,0,0,0,0,0,0,0,0,0,0,0,0,0,0,0,0
kofamscan/ko_tables/sorbitol/MMETSP0882_clean.csv,1,0,0,0,0,0,0,0,0,0,0,0,0,0,0,0,0
kofamscan/ko_tables/sorbitol/MMETSP1456_clean.csv,0,0,0,0,0,0,0,0,0,0,0,0,0,0,0,0,0
kofamscan/ko_tables/sorbitol/MMETSP0503_clean.csv,1,0,0,0,0,0,0,0,0,0,0,0,0,0,0,0,0
kofamscan/ko_tables/sorbitol/MMETSP0158_clean.csv,1,0,0,0,0,0,0,0,0,0,0,0,0,0,0,0,0
kofamscan/ko_tables/sorbitol/MMETSP0463_clean.csv,1,0,0,0,0,0,0,0,0,0,0,0,0,0,0,0,0
kofamscan/ko_tables/sorbitol/MMETSP0804_clean.csv,1,0,0,0,0,0,0,0,0,0,0,0,0,0,0,0,0
kofamscan/ko_tables/sorbitol/MMETSP1424_clean.csv,1,0,0,0,0,0,0,0,0,0,0,0,1,0,0,0,0
kofamscan/ko_tables/sorbitol/MMETSP0325_clean.csv,1,0,0,0,0,0,0,0,0,0,0,0,1,0,0,0,0
kofamscan/ko_tables/sorbitol/MMETSP1009_clean.csv,1,0,0,0,0,0,0,0,0,0,0,0,0,0,0,0,0
kofamscan/ko_tables/sorbitol/MMETSP1094_clean.csv,1,0,0,0,0,0,0,0,0,0,0,0,0,0,0,0,0
kofamscan/ko_tables/sorbitol/MMETSP0370_clean.csv,1,0,0,0,0,0,0,0,0,0,0,0,0,0,0,0,0
kofamscan/ko_tables/sorbitol/MMETSP0405_clean.csv,1,0,0,0,0,0,0,0,0,0,0,0,0,0,0,0,0
kofamscan/ko_tables/sorbitol/MMETSP0009_clean.csv,1,0,0,0,0,0,0,0,0,0,0,0,0,0,0,0,0
kofamscan/ko_tables/sorbitol/MMETSP1034_clean.csv,1,0,0,0,0,0,0,0,0,0,0,0,0,0,0,0,0
kofamscan/ko_tables/sorbitol/MMETSP0448_clean.csv,1,0,0,0,0,0,0,0,0,0,0,0,0,0,0,0,0
kofamscan/ko_tables/sorbitol/MMETSP0982_clean.csv,1,0,0,0,0,0,0,0,0,0,0,0,0,0,0,0,0
kofamscan/ko_tables/sorbitol/MMETSP0758_clean.csv,0,0,0,0,0,0,0,0,0,0,0,0,0,0,0,0,0
kofamscan/ko_tables/sorbitol/MMETSP1084_clean.csv,0,0,0,0,0,0,0,0,0,0,0,0,0,0,0,0,0
kofamscan/ko_tables/sorbitol/MMETSP1339_clean.csv,0,0,0,0,0,0,0,0,0,0,0,0,0,0,0,0,0
kofamscan/ko_tables/sorbitol/MMETSP0164_clean.csv,1,0,0,0,0,0,0,0,0,0,0,0,0,0,0,0,0
kofamscan/ko_tables/sorbitol/MMETSP0740_clean.csv,0,0,0,0,0,0,0,0,0,0,1,0,0,0,0,0,0
kofamscan/ko_tables/sorbitol/MMETSP0268_clean.csv,1,0,0,0,0,0,0,0,0,0,0,0,0,0,0,0,0
kofamscan/ko_tables/sorbitol/MMETSP1309_clean.csv,0,0,0,0,0,0,0,0,0,0,0,0,0,0,0,0,0
kofamscan/ko_tables/sorbitol/MMETSP0287_clean.csv,1,0,0,0,0,0,0,0,0,0,0,0,0,0,0,0,0
kofamscan/ko_tables/sorbitol/MMETSP0884_clean.csv,1,0,0,0,0,0,0,0,0,0,0,1,0,0,0,0,0
kofamscan/ko_tables/sorbitol/MMETSP1163_clean.csv,1,0,0,0,0,0,0,0,0,0,0,0,0,0,0,0,0
kofamscan/ko_tables/sorbitol/MMETSP0997_clean.csv,1,0,0,0,0,0,0,0,0,0,0,0,0,0,0,0,0
kofamscan/ko_tables/sorbitol/MMETSP1136_clean.csv,1,0,0,0,0,0,0,0,0,0,0,0,0,0,0,0,0
kofamscan/ko_tables/sorbitol/MMETSP0384_clean.csv,1,0,0,0,0,0,0,0,0,0,0,0,1,0,0,0,0
kofamscan/ko_tables/sorbitol/MMETSP0989_clean.csv,0,0,0,0,0,0,0,0,0,0,0,0,0,0,0,0,0
kofamscan/ko_tables/sorbitol/MMETSP0191_clean.csv,1,0,0,0,0,0,0,0,0,0,0,0,1,0,0,0,0
kofamscan/ko_tables/sorbitol/MMETSP0043_clean.csv,1,0,0,0,0,0,0,0,0,0,0,0,0,0,0,0,0
kofamscan/ko_tables/sorbitol/MMETSP1124_clean.csv,1,0,0,0,0,0,0,0,0,0,0,0,1,0,0,0,0
kofamscan/ko_tables/sorbitol/MMETSP1311_clean.csv,0,0,0,0,0,0,0,0,0,0,0,0,0,0,0,0,0
kofamscan/ko_tables/sorbitol/MMETSP0319_clean.csv,1,0,0,0,0,0,0,0,0,0,0,0,0,0,0,0,0
kofamscan/ko_tables/sorbitol/MMETSP0045_clean.csv,1,0,0,0,0,0,0,0,0,0,0,0,0,0,0,0,0
kofamscan/ko_tables/sorbitol/MMETSP1166_clean.csv,1,0,0,0,0,0,0,0,0,0,0,0,0,0,0,0,0
kofamscan/ko_tables/sorbitol/MMETSP1440_clean.csv,1,0,0,0,0,0,0,0,0,0,0,0,0,0,0,0,0
kofamscan/ko_tables/sorbitol/MMETSP1071_clean.csv,1,0,0,0,0,0,0,0,0,0,0,0,0,0,0,0,0
kofamscan/ko_tables/sorbitol/MMETSP0850_clean.csv,0,0,0,0,0,0,0,0,0,0,0,0,0,0,0,0,0
kofamscan/ko_tables/sorbitol/MMETSP0113_clean.csv,1,0,0,0,0,0,0,0,0,0,0,0,0,0,0,0,0
kofamscan/ko_tables/sorbitol/MMETSP1180_clean.csv,1,0,0,0,0,0,0,0,0,0,0,0,0,0,0,0,0
kofamscan/ko_tables/sorbitol/MMETSP0103_clean.csv,1,0,0,0,0,0,0,0,0,0,0,0,0,0,0,0,0
kofamscan/ko_tables/sorbitol/MMETSP0126_clean.csv,1,0,0,0,0,0,0,0,0,0,0,0,0,0,0,0,0
kofamscan/ko_tables/sorbitol/MMETSP1354_clean.csv,1,0,0,0,0,0,0,0,0,0,0,0,1,0,0,0,0
kofamscan/ko_tables/sorbitol/MMETSP0468_clean.csv,1,0,0,0,0,0,0,0,0,0,0,0,1,0,0,0,0
kofamscan/ko_tables/sorbitol/MMETSP0954_clean.csv,1,0,0,0,0,0,0,0,0,0,0,0,0,0,0,0,0
kofamscan/ko_tables/sorbitol/MMETSP1054_clean.csv,1,0,0,0,0,0,0,0,0,0,0,0,0,0,0,0,0
kofamscan/ko_tables/sorbitol/MMETSP0397_clean.csv,0,0,0,0,0,0,0,0,0,0,0,0,0,0,0,0,0
kofamscan/ko_tables/sorbitol/MMETSP1122_clean.csv,1,0,0,0,0,0,0,0,0,0,0,0,1,0,0,0,0
kofamscan/ko_tables/sorbitol/MMETSP1320_clean.csv,1,0,0,0,0,0,0,0,0,0,0,0,0,0,0,0,0
kofamscan/ko_tables/sorbitol/MMETSP1081_clean.csv,0,0,0,0,0,0,0,0,0,0,0,0,0,0,0,0,0
kofamscan/ko_tables/sorbitol/MMETSP0206_clean.csv,0,0,0,0,0,0,0,0,0,0,0,0,0,0,0,0,0
kofamscan/ko_tables/sorbitol/MMETSP0039_clean.csv,1,0,0,0,0,0,0,0,0,0,0,0,0,0,0,0,0
kofamscan/ko_tables/sorbitol/MMETSP0815_clean.csv,1,0,0,0,0,0,0,0,0,0,0,0,0,0,0,0,0
kofamscan/ko_tables/sorbitol/MMETSP0040_clean.csv,1,0,0,0,0,0,0,0,0,0,0,0,0,0,0,0,0
kofamscan/ko_tables/sorbitol/MMETSP0359_clean.csv,1,0,0,0,0,0,0,0,0,0,0,0,1,0,0,0,0
kofamscan/ko_tables/sorbitol/MMETSP0784_clean.csv,1,0,0,0,0,0,0,0,0,0,0,0,0,0,0,0,0
kofamscan/ko_tables/sorbitol/MMETSP0223_clean.csv,0,0,0,0,0,0,0,0,0,0,0,0,0,0,0,0,0
kofamscan/ko_tables/sorbitol/MMETSP1386_clean.csv,0,0,0,0,0,0,0,0,0,0,0,0,0,0,0,0,0
kofamscan/ko_tables/sorbitol/MMETSP0785_clean.csv,1,0,0,0,0,0,0,0,0,0,0,0,0,0,0,0,0
kofamscan/ko_tables/sorbitol/MMETSP0892_clean.csv,0,0,0,0,0,0,0,0,0,0,0,0,0,0,0,0,0
kofamscan/ko_tables/sorbitol/MMETSP1393_clean.csv,0,0,0,0,0,0,0,0,0,0,0,0,0,0,0,0,0
kofamscan/ko_tables/sorbitol/MMETSP0945_clean.csv,0,0,0,0,0,0,0,0,0,0,0,0,0,0,0,0,0
kofamscan/ko_tables/sorbitol/MMETSP1075_clean.csv,1,0,0,0,0,0,0,0,0,0,0,0,0,0,0,0,0
kofamscan/ko_tables/sorbitol/MMETSP1131_clean.csv,0,0,0,0,0,0,0,0,0,0,0,0,0,0,0,0,0
kofamscan/ko_tables/sorbitol/MMETSP0327_clean.csv,1,0,0,0,0,0,0,0,0,0,0,0,0,0,0,0,0
kofamscan/ko_tables/sorbitol/MMETSP1325_clean.csv,1,0,0,0,0,0,0,0,0,0,0,0,0,0,0,0,0
kofamscan/ko_tables/sorbitol/MMETSP1428_clean.csv,1,0,0,0,0,0,0,0,0,0,0,0,0,0,0,0,0
kofamscan/ko_tables/sorbitol/MMETSP0225_clean.csv,0,0,0,0,0,0,0,0,0,0,0,0,0,0,0,0,0
kofamscan/ko_tables/sorbitol/MMETSP0329_clean.csv,1,0,0,0,0,0,0,0,0,0,0,0,0,0,0,0,0
kofamscan/ko_tables/sorbitol/MMETSP1162_clean.csv,1,0,0,0,0,0,0,0,0,0,0,0,0,0,0,0,0
kofamscan/ko_tables/sorbitol/MMETSP0739_clean.csv,0,0,0,0,0,0,0,0,0,0,0,0,0,0,0,0,0
kofamscan/ko_tables/sorbitol/MMETSP0416_clean.csv,0,0,0,0,0,0,0,0,0,0,0,0,0,0,0,0,0
kofamscan/ko_tables/sorbitol/MMETSP1347_clean.csv,1,0,0,0,0,0,0,0,0,0,0,0,0,0,0,0,0
kofamscan/ko_tables/sorbitol/MMETSP0205_clean.csv,0,0,0,0,0,0,0,0,0,0,0,0,0,0,0,0,0
kofamscan/ko_tables/sorbitol/MMETSP1414_clean.csv,1,0,0,0,0,0,0,0,0,0,0,0,0,0,0,0,0
kofamscan/ko_tables/sorbitol/MMETSP0888_clean.csv,1,0,0,0,0,0,0,0,0,0,0,0,0,0,0,0,0
kofamscan/ko_tables/sorbitol/MMETSP0052_clean.csv,1,0,0,0,0,0,0,0,0,0,0,0,0,0,0,0,0
kofamscan/ko_tables/sorbitol/MMETSP0018_clean.csv,0,0,0,0,0,0,0,0,0,0,0,0,0,0,0,0,0
kofamscan/ko_tables/sorbitol/MMETSP0008_clean.csv,1,0,0,0,0,0,0,0,0,0,0,0,0,0,0,0,0
kofamscan/ko_tables/sorbitol/MMETSP1346_clean.csv,1,0,0,0,1,0,0,0,0,0,0,0,0,0,0,0,0
kofamscan/ko_tables/sorbitol/MMETSP0233_clean.csv,0,0,0,0,0,0,0,0,0,0,0,0,0,0,0,0,1
kofamscan/ko_tables/sorbitol/MMETSP0118_clean.csv,1,0,0,0,0,0,0,0,0,0,0,0,0,0,0,0,0
kofamscan/ko_tables/sorbitol/MMETSP1141_clean.csv,1,0,0,0,0,0,0,0,0,0,0,0,0,0,0,0,0
kofamscan/ko_tables/sorbitol/MMETSP0208_clean.csv,1,0,0,0,0,0,0,0,0,0,0,0,0,0,0,0,0
kofamscan/ko_tables/sorbitol/MMETSP0883_clean.csv,1,0,0,0,0,0,0,0,0,0,0,1,0,0,0,0,0
kofamscan/ko_tables/sorbitol/MMETSP0918_clean.csv,0,0,0,0,0,0,0,0,0,0,0,0,0,0,0,0,0
kofamscan/ko_tables/sorbitol/MMETSP1015_clean.csv,1,0,0,0,0,0,0,0,0,0,0,0,0,0,0,0,0
kofamscan/ko_tables/sorbitol/MMETSP0147_clean.csv,1,0,0,0,0,0,0,0,0,0,0,0,0,0,0,0,0
kofamscan/ko_tables/sorbitol/MMETSP0959_clean.csv,1,0,0,0,0,0,0,0,0,0,0,0,0,0,0,0,0
kofamscan/ko_tables/sorbitol/MMETSP1067_clean.csv,1,0,0,0,0,0,0,0,0,0,0,0,0,0,0,0,0
kofamscan/ko_tables/sorbitol/MMETSP1091_clean.csv,1,0,0,0,0,0,0,0,0,0,0,0,0,0,0,0,0
kofamscan/ko_tables/sorbitol/MMETSP0013_clean.csv,1,0,0,0,0,0,0,0,0,0,0,0,0,0,0,0,0
kofamscan/ko_tables/sorbitol/MMETSP1385_clean.csv,1,0,0,0,0,0,0,0,0,0,0,0,0,0,0,0,0
kofamscan/ko_tables/sorbitol/MMETSP0253_clean.csv,1,0,0,0,0,0,0,0,0,0,0,0,0,0,0,0,0
kofamscan/ko_tables/sorbitol/MMETSP1139_clean.csv,1,0,0,0,0,0,0,0,0,0,0,0,0,0,0,0,0
kofamscan/ko_tables/sorbitol/MMETSP1348_clean.csv,1,0,0,0,1,0,0,0,0,0,0,0,0,0,0,0,0
kofamscan/ko_tables/sorbitol/MMETSP0995_clean.csv,1,0,0,0,0,0,0,0,0,0,0,0,0,0,0,0,0
kofamscan/ko_tables/sorbitol/MMETSP0420_clean.csv,1,0,0,0,0,0,0,0,0,0,0,0,0,0,0,0,0
kofamscan/ko_tables/sorbitol/MMETSP0324_clean.csv,1,0,0,0,0,0,0,0,0,0,0,0,1,0,0,0,0
kofamscan/ko_tables/sorbitol/MMETSP1318_clean.csv,1,0,0,0,0,0,0,0,0,0,0,0,0,0,0,0,0
kofamscan/ko_tables/sorbitol/MMETSP1453_clean.csv,0,0,0,0,0,0,0,0,0,0,0,0,0,0,0,0,0
kofamscan/ko_tables/sorbitol/MMETSP1037_clean.csv,1,0,0,0,0,0,0,0,0,0,0,0,0,0,0,0,0
kofamscan/ko_tables/sorbitol/MMETSP1085_clean.csv,0,0,0,0,0,0,0,0,0,0,0,0,0,0,0,0,0
kofamscan/ko_tables/sorbitol/MMETSP0119_clean.csv,1,0,0,0,0,0,0,0,0,0,0,0,0,0,0,0,0
kofamscan/ko_tables/sorbitol/MMETSP1060_clean.csv,1,0,0,0,0,0,0,0,0,0,0,0,0,0,0,0,0
kofamscan/ko_tables/sorbitol/MMETSP0447_clean.csv,1,0,0,0,0,0,0,0,0,0,0,0,1,0,0,0,0
kofamscan/ko_tables/sorbitol/MMETSP0906_clean.csv,0,0,0,0,0,0,0,0,0,0,0,0,0,0,0,0,0
kofamscan/ko_tables/sorbitol/MMETSP0937_clean.csv,0,0,0,0,0,0,0,0,0,0,0,0,0,0,0,0,0
kofamscan/ko_tables/sorbitol/MMETSP0146_clean.csv,1,0,0,0,0,0,0,0,0,0,0,0,0,0,0,0,0
kofamscan/ko_tables/sorbitol/MMETSP0367_clean.csv,1,0,0,0,0,0,0,0,0,0,0,0,1,0,0,0,0
kofamscan/ko_tables/sorbitol/MMETSP0885_clean.csv,1,0,0,0,0,0,0,0,0,0,0,0,0,0,0,0,0
kofamscan/ko_tables/sorbitol/MMETSP1358_clean.csv,1,0,0,0,0,0,0,0,0,0,0,0,0,0,0,0,0
kofamscan/ko_tables/sorbitol/MMETSP0745_clean.csv,0,0,0,0,0,0,0,0,0,0,0,0,0,0,0,0,0
kofamscan/ko_tables/sorbitol/MMETSP0975_clean.csv,1,0,0,0,0,0,0,0,0,0,0,0,0,0,0,0,0
kofamscan/ko_tables/sorbitol/MMETSP0754_clean.csv,1,0,0,0,0,0,0,0,0,0,0,0,0,0,0,0,0
kofamscan/ko_tables/sorbitol/MMETSP0224_clean.csv,1,0,0,0,0,0,0,0,0,0,0,0,1,0,0,0,0
kofamscan/ko_tables/sorbitol/MMETSP0965_clean.csv,0,0,0,0,0,0,0,0,0,0,0,0,0,0,0,0,0
kofamscan/ko_tables/sorbitol/MMETSP0186_clean.csv,0,0,0,0,0,0,0,0,0,0,0,0,0,0,0,0,0
kofamscan/ko_tables/sorbitol/MMETSP1470_clean.csv,1,0,0,0,0,0,0,0,0,0,0,0,0,0,0,0,0
kofamscan/ko_tables/sorbitol/MMETSP0913_clean.csv,0,0,0,0,0,0,0,0,0,0,0,0,0,0,0,0,0
kofamscan/ko_tables/sorbitol/MMETSP0437_clean.csv,1,0,0,0,0,0,0,0,0,0,0,0,1,0,0,0,0
kofamscan/ko_tables/sorbitol/MMETSP0102_clean.csv,1,0,0,0,0,0,0,0,0,0,0,0,0,0,0,0,0
kofamscan/ko_tables/sorbitol/MMETSP1103_clean.csv,1,0,0,0,0,0,0,0,0,0,0,0,0,0,0,0,0
kofamscan/ko_tables/sorbitol/MMETSP0689_clean.csv,1,0,0,0,0,0,0,0,0,0,0,0,1,0,0,0,0
kofamscan/ko_tables/sorbitol/MMETSP0436_clean.csv,1,0,0,0,0,0,0,0,0,0,0,0,0,0,0,0,0
kofamscan/ko_tables/sorbitol/MMETSP0055_clean.csv,1,0,0,0,0,0,0,0,0,0,0,0,0,0,0,0,0
kofamscan/ko_tables/sorbitol/MMETSP1126_clean.csv,0,0,0,0,0,0,0,0,0,0,0,0,0,0,0,0,0
kofamscan/ko_tables/sorbitol/MMETSP0992_clean.csv,1,0,0,0,0,0,0,0,0,0,0,0,0,0,0,0,0
kofamscan/ko_tables/sorbitol/MMETSP0451_clean.csv,0,0,0,0,0,0,0,0,0,0,0,0,0,0,0,0,0
kofamscan/ko_tables/sorbitol/MMETSP0996_clean.csv,1,0,0,0,0,0,0,0,0,0,0,0,0,0,0,0,0
kofamscan/ko_tables/sorbitol/MMETSP1460_clean.csv,0,0,0,0,0,0,0,0,0,0,0,0,0,0,0,0,0
kofamscan/ko_tables/sorbitol/MMETSP0853_clean.csv,0,0,0,0,0,0,0,0,0,0,0,0,0,0,0,0,0
kofamscan/ko_tables/sorbitol/MMETSP0296_clean.csv,0,0,0,0,0,0,0,0,0,0,0,0,0,0,0,0,0
kofamscan/ko_tables/sorbitol/MMETSP0977_clean.csv,1,0,0,0,0,0,0,0,0,0,0,0,0,0,0,0,0
kofamscan/ko_tables/sorbitol/MMETSP0809_clean.csv,0,0,0,0,0,0,0,0,0,0,0,0,0,0,0,0,0
kofamscan/ko_tables/sorbitol/MMETSP0851_clean.csv,0,0,0,0,0,0,0,0,0,0,0,0,0,0,0,0,0
kofamscan/ko_tables/sorbitol/MMETSP1317_clean.csv,0,0,0,0,0,0,0,0,0,0,0,0,0,0,0,0,0
kofamscan/ko_tables/sorbitol/MMETSP0034_clean.csv,1,0,0,0,0,0,0,0,0,0,0,0,0,0,0,0,0
kofamscan/ko_tables/sorbitol/MMETSP1001_clean.csv,0,0,0,0,0,0,0,0,0,0,0,0,0,0,0,0,0
kofamscan/ko_tables/sorbitol/MMETSP0649_clean.csv,1,0,0,0,0,0,0,0,0,0,0,0,0,0,0,0,0
kofamscan/ko_tables/sorbitol/MMETSP0269_clean.csv,1,0,0,0,0,0,0,0,0,0,0,0,0,0,0,0,0
kofamscan/ko_tables/sorbitol/MMETSP0168_clean.csv,1,0,0,0,0,0,0,0,0,0,0,0,0,0,0,0,0
kofamscan/ko_tables/sorbitol/MMETSP1392_clean.csv,1,0,0,0,0,0,0,0,0,0,0,0,0,0,0,0,0
kofamscan/ko_tables/sorbitol/MMETSP0361_clean.csv,1,0,0,0,0,0,0,0,0,0,0,0,1,0,0,0,0
kofamscan/ko_tables/sorbitol/MMETSP1008_clean.csv,1,0,0,0,0,0,0,0,0,0,0,0,0,0,0,0,0
kofamscan/ko_tables/sorbitol/MMETSP0494_clean.csv,0,0,0,0,0,0,0,0,0,0,0,0,0,0,0,0,0
kofamscan/ko_tables/sorbitol/MMETSP0563_clean.csv,1,0,0,0,0,0,0,0,0,0,0,0,0,0,0,0,0
kofamscan/ko_tables/sorbitol/MMETSP1344_clean.csv,1,0,0,0,0,0,0,0,0,0,0,0,0,0,0,0,0
kofamscan/ko_tables/sorbitol/MMETSP0917_clean.csv,1,0,0,0,0,0,0,0,0,0,0,0,0,0,0,0,0
kofamscan/ko_tables/sorbitol/MMETSP1017_clean.csv,1,0,0,0,0,0,0,0,0,0,0,0,0,0,0,0,0
kofamscan/ko_tables/sorbitol/MMETSP0902_clean.csv,1,0,0,0,0,0,0,0,0,0,0,0,0,0,0,0,0
kofamscan/ko_tables/sorbitol/MMETSP0933_clean.csv,0,0,0,0,0,0,0,0,0,0,0,0,0,0,0,0,0
kofamscan/ko_tables/sorbitol/MMETSP0290_clean.csv,1,0,0,0,0,0,0,0,0,0,0,0,0,0,0,0,0
kofamscan/ko_tables/sorbitol/MMETSP1475_clean.csv,1,0,0,0,0,0,0,0,0,0,0,0,1,0,0,0,0
kofamscan/ko_tables/sorbitol/MMETSP0042_clean.csv,1,0,0,0,0,0,0,0,0,0,0,0,0,0,0,0,0
kofamscan/ko_tables/sorbitol/MMETSP0604_clean.csv,1,0,0,0,0,0,0,0,0,0,0,0,0,0,0,0,0
kofamscan/ko_tables/sorbitol/MMETSP0292_clean.csv,0,0,0,0,0,0,0,0,0,0,0,0,0,0,0,0,0
kofamscan/ko_tables/sorbitol/MMETSP0017_clean.csv,1,0,0,0,0,0,0,0,0,0,0,0,0,0,0,0,0
kofamscan/ko_tables/sorbitol/MMETSP0961_clean.csv,1,0,0,0,0,0,0,0,0,0,0,0,0,0,0,0,0
kofamscan/ko_tables/sorbitol/MMETSP0213_clean.csv,0,0,0,0,0,0,0,0,0,0,0,0,0,0,0,0,0
kofamscan/ko_tables/sorbitol/MMETSP0005_clean.csv,1,0,0,0,0,0,0,0,0,0,0,0,0,0,0,0,0
kofamscan/ko_tables/sorbitol/MMETSP1082_clean.csv,0,0,0,0,0,0,0,0,0,0,0,0,0,0,0,0,0
kofamscan/ko_tables/sorbitol/MMETSP1110_clean.csv,1,0,0,0,0,0,0,0,0,0,0,0,0,0,0,0,0
kofamscan/ko_tables/sorbitol/MMETSP0154_clean.csv,1,0,0,0,0,0,0,0,0,0,0,0,0,0,0,0,0
kofamscan/ko_tables/sorbitol/MMETSP0713_clean.csv,1,0,0,0,0,0,0,0,0,0,0,0,0,0,0,0,0
kofamscan/ko_tables/sorbitol/MMETSP1036_clean.csv,1,0,0,0,0,0,0,0,0,0,0,0,0,0,0,0,0
kofamscan/ko_tables/sorbitol/MMETSP1062_clean.csv,1,0,0,0,0,0,0,0,0,0,0,0,0,0,0,0,0
kofamscan/ko_tables/sorbitol/MMETSP1467_clean.csv,1,0,0,0,0,0,0,0,0,0,0,0,0,0,0,0,0
kofamscan/ko_tables/sorbitol/MMETSP1068_clean.csv,1,0,0,0,0,0,0,0,0,0,0,0,0,0,0,0,0
kofamscan/ko_tables/sorbitol/MMETSP0890_clean.csv,1,0,0,0,0,0,0,0,0,0,0,0,0,0,0,0,0
kofamscan/ko_tables/sorbitol/MMETSP1387_clean.csv,0,0,0,0,0,0,0,0,0,0,0,0,0,0,0,0,0
kofamscan/ko_tables/sorbitol/MMETSP1355_clean.csv,1,0,0,0,0,0,0,0,0,0,0,0,0,0,0,0,0
kofamscan/ko_tables/sorbitol/MMETSP1059_clean.csv,1,0,0,0,0,0,0,0,0,0,0,0,0,0,0,0,0
kofamscan/ko_tables/sorbitol/MMETSP1438_clean.csv,0,0,0,0,0,0,0,0,0,0,0,0,0,0,0,0,0
kofamscan/ko_tables/sorbitol/MMETSP1409_clean.csv,1,0,0,0,0,0,0,0,0,0,0,0,0,0,0,0,0
kofamscan/ko_tables/sorbitol/MMETSP0786_clean.csv,1,0,0,0,0,0,0,0,0,0,0,0,0,0,0,0,0
kofamscan/ko_tables/sorbitol/MMETSP0744_clean.csv,1,0,0,0,0,0,0,0,0,0,0,0,0,0,0,0,0
kofamscan/ko_tables/sorbitol/MMETSP1132_clean.csv,1,0,0,0,0,0,0,0,0,0,0,0,0,0,0,0,0
kofamscan/ko_tables/sorbitol/MMETSP1471_clean.csv,1,0,0,0,0,0,0,0,0,0,0,0,0,0,0,0,0
kofamscan/ko_tables/sorbitol/MMETSP0493_clean.csv,0,0,0,0,0,0,0,0,0,0,0,0,0,0,0,0,0
kofamscan/ko_tables/sorbitol/MMETSP0038_clean.csv,0,0,0,0,0,0,0,0,0,0,0,0,0,0,0,0,0
kofamscan/ko_tables/sorbitol/MMETSP1086_clean.csv,0,0,0,0,0,0,0,0,0,0,0,0,0,0,0,0,0
kofamscan/ko_tables/sorbitol/MMETSP1338_clean.csv,1,0,0,0,0,0,0,0,0,0,0,0,0,0,0,0,0
kofamscan/ko_tables/sorbitol/MMETSP0819_clean.csv,1,0,0,0,0,0,0,0,0,0,0,0,0,0,0,0,0
kofamscan/ko_tables/sorbitol/MMETSP1446_clean.csv,1,0,0,0,0,0,0,0,0,0,0,0,0,0,0,0,0
kofamscan/ko_tables/sorbitol/MMETSP0947_clean.csv,1,0,0,0,0,0,0,0,0,0,0,0,0,0,0,0,0
kofamscan/ko_tables/sorbitol/MMETSP0097_clean.csv,1,0,0,0,0,0,0,0,0,0,0,0,1,0,0,0,0
kofamscan/ko_tables/sorbitol/MMETSP1444_clean.csv,1,0,0,0,0,0,0,0,0,0,0,0,0,0,0,0,0
kofamscan/ko_tables/sorbitol/MMETSP1160_clean.csv,0,0,0,0,0,0,0,0,0,0,0,0,1,0,0,0,0
kofamscan/ko_tables/sorbitol/MMETSP0929_clean.csv,0,0,0,0,0,0,0,0,0,0,0,0,0,0,0,0,0
kofamscan/ko_tables/sorbitol/MMETSP0270_clean.csv,1,1,0,0,0,0,0,0,0,0,0,0,0,0,0,0,0
kofamscan/ko_tables/sorbitol/MMETSP0964_clean.csv,0,0,0,0,0,0,0,0,0,0,0,0,0,0,0,0,0
kofamscan/ko_tables/sorbitol/MMETSP1449_clean.csv,1,0,0,0,0,0,0,0,0,0,0,0,0,0,0,0,0
kofamscan/ko_tables/sorbitol/MMETSP1039_clean.csv,0,0,0,0,0,0,0,0,0,0,0,0,0,0,0,0,0
kofamscan/ko_tables/sorbitol/MMETSP0799_clean.csv,0,0,0,0,0,0,0,0,0,0,0,0,0,0,0,0,0
kofamscan/ko_tables/sorbitol/MMETSP1322_clean.csv,1,0,0,0,0,0,0,0,0,0,0,0,0,0,0,0,0
kofamscan/ko_tables/sorbitol/MMETSP0176_clean.csv,0,0,0,0,0,0,0,0,0,0,0,0,0,0,0,0,0
kofamscan/ko_tables/sorbitol/MMETSP0800_clean.csv,0,0,0,0,0,0,0,0,0,0,0,0,0,0,0,0,0
kofamscan/ko_tables/sorbitol/MMETSP0986_clean.csv,0,0,0,0,0,0,0,0,0,0,0,0,0,0,0,0,0
kofamscan/ko_tables/sorbitol/MMETSP0470_clean.csv,1,0,0,0,0,0,0,0,0,0,0,0,1,0,0,0,0
kofamscan/ko_tables/sorbitol/MMETSP0984_clean.csv,1,0,0,0,0,0,0,0,0,0,0,0,0,0,0,0,0
kofamscan/ko_tables/sorbitol/MMETSP0880_clean.csv,1,0,0,0,0,0,0,0,0,0,0,0,0,0,0,0,0
kofamscan/ko_tables/sorbitol/MMETSP0932_clean.csv,0,0,0,0,0,0,0,0,0,0,0,0,0,0,0,0,0
kofamscan/ko_tables/sorbitol/MMETSP0794_clean.csv,1,0,0,0,0,0,0,0,0,0,0,0,0,0,0,0,0
kofamscan/ko_tables/sorbitol/MMETSP0059_clean.csv,1,0,0,0,0,0,0,0,0,0,0,0,0,0,0,0,0
kofamscan/ko_tables/sorbitol/MMETSP1114_clean.csv,1,0,0,0,0,0,0,0,0,0,0,0,0,0,0,0,0
kofamscan/ko_tables/sorbitol/MMETSP1472_clean.csv,1,0,0,0,0,0,0,0,0,0,0,0,0,0,0,0,0
kofamscan/ko_tables/sorbitol/MMETSP1154_clean.csv,1,0,0,0,0,0,0,0,0,0,0,0,0,0,0,0,0
kofamscan/ko_tables/sorbitol/MMETSP1159_clean.csv,0,0,0,0,0,0,0,0,0,0,0,0,0,0,0,0,0
kofamscan/ko_tables/sorbitol/MMETSP1005_clean.csv,0,0,0,0,0,0,0,0,0,0,0,0,0,0,0,0,0
kofamscan/ko_tables/sorbitol/MMETSP1336_clean.csv,1,0,0,0,0,0,0,0,0,0,0,0,0,0,0,0,0
kofamscan/ko_tables/sorbitol/MMETSP0104_clean.csv,1,0,0,0,0,0,0,0,0,0,0,0,0,0,0,0,0
kofamscan/ko_tables/sorbitol/MMETSP1436_clean.csv,1,0,0,0,0,0,0,0,0,0,0,0,0,0,0,0,0
kofamscan/ko_tables/sorbitol/MMETSP1090_clean.csv,1,0,0,0,0,0,0,0,0,0,0,0,0,0,0,0,0
kofamscan/ko_tables/sorbitol/MMETSP0198_clean.csv,1,0,0,0,0,0,0,0,0,0,0,0,0,0,0,0,0
kofamscan/ko_tables/sorbitol/MMETSP0210_clean.csv,0,0,0,0,0,0,0,0,0,0,0,0,0,0,0,0,0
kofamscan/ko_tables/sorbitol/MMETSP1150_clean.csv,1,0,0,0,0,0,0,0,0,0,0,0,0,0,0,0,0
kofamscan/ko_tables/sorbitol/MMETSP1312_clean.csv,0,0,0,0,0,0,0,0,0,0,0,0,0,0,0,0,0
kofamscan/ko_tables/sorbitol/MMETSP0112_clean.csv,1,0,0,0,0,0,0,0,0,0,0,0,0,0,0,0,0
kofamscan/ko_tables/sorbitol/MMETSP0360_clean.csv,1,0,0,0,0,0,0,0,0,0,0,0,0,0,0,0,0
kofamscan/ko_tables/sorbitol/MMETSP0419_clean.csv,1,0,0,0,0,0,0,0,0,0,0,0,0,0,0,0,0
kofamscan/ko_tables/sorbitol/MMETSP0099_clean.csv,0,0,0,0,0,0,0,0,0,0,0,0,0,0,0,0,0
kofamscan/ko_tables/sorbitol/MMETSP0960_clean.csv,1,0,0,0,0,0,0,0,0,0,0,0,0,0,0,0,0
kofamscan/ko_tables/sorbitol/MMETSP1442_clean.csv,1,0,0,0,0,0,0,0,0,0,0,0,0,0,0,0,0
kofamscan/ko_tables/sorbitol/MMETSP0173_clean.csv,1,0,0,0,0,0,0,0,0,0,0,0,0,0,0,0,0
kofamscan/ko_tables/sorbitol/MMETSP1450_clean.csv,1,0,0,0,0,0,0,0,0,0,0,0,0,0,0,0,0
kofamscan/ko_tables/sorbitol/MMETSP0322_clean.csv,1,0,0,0,0,0,0,0,0,0,0,0,0,0,0,0,0
kofamscan/ko_tables/sorbitol/MMETSP0578_clean.csv,1,0,0,0,0,0,0,0,0,0,0,0,0,0,0,0,0
kofamscan/ko_tables/sorbitol/MMETSP0810_clean.csv,0,0,0,0,0,0,0,0,0,0,0,0,0,0,0,0,0
kofamscan/ko_tables/sorbitol/MMETSP0372_clean.csv,1,0,0,0,0,0,0,0,0,0,0,0,0,0,0,0,0
kofamscan/ko_tables/sorbitol/MMETSP1061_clean.csv,1,0,0,0,0,0,0,0,0,0,0,0,0,0,0,0,0
kofamscan/ko_tables/sorbitol/MMETSP1130_clean.csv,0,0,0,0,0,0,0,0,0,0,0,0,0,0,0,0,0
kofamscan/ko_tables/sorbitol/MMETSP0063_clean.csv,1,0,0,0,0,0,0,0,0,0,0,0,0,0,0,0,0
kofamscan/ko_tables/sorbitol/MMETSP1466_clean.csv,0,0,0,0,0,0,0,0,0,0,0,0,0,0,0,0,0
kofamscan/ko_tables/sorbitol/MMETSP0323_clean.csv,0,0,0,0,0,0,0,0,0,0,0,0,0,0,0,0,0
kofamscan/ko_tables/sorbitol/MMETSP1050_clean.csv,1,0,0,0,0,0,0,0,0,0,0,0,0,0,0,0,0
kofamscan/ko_tables/sorbitol/MMETSP1101_clean.csv,1,0,0,0,0,0,0,0,0,0,0,0,0,0,0,0,0
kofamscan/ko_tables/sorbitol/MMETSP0312_clean.csv,1,0,0,0,0,0,0,0,0,0,0,0,0,0,0,0,0
kofamscan/ko_tables/sorbitol/MMETSP0889_clean.csv,1,0,0,0,0,0,0,0,0,0,0,0,0,0,0,0,0
kofamscan/ko_tables/sorbitol/MMETSP0007_clean.csv,1,0,0,0,0,0,0,0,0,0,0,0,0,0,0,0,0
kofamscan/ko_tables/sorbitol/MMETSP0271_clean.csv,1,1,0,0,0,0,0,0,0,0,0,0,0,0,0,0,0
kofamscan/ko_tables/sorbitol/MMETSP1052_clean.csv,1,0,0,0,0,0,0,0,0,0,0,0,0,0,0,0,0
kofamscan/ko_tables/sorbitol/MMETSP0737_clean.csv,1,0,0,0,0,0,0,0,0,0,0,0,0,0,0,0,0
kofamscan/ko_tables/sorbitol/MMETSP0286_clean.csv,1,0,0,0,0,0,0,0,0,0,0,0,0,0,0,0,0
kofamscan/ko_tables/sorbitol/MMETSP1125_clean.csv,1,0,0,0,0,0,0,0,0,0,0,0,1,0,0,0,0
kofamscan/ko_tables/sorbitol/MMETSP0894_clean.csv,0,0,0,0,0,0,0,0,0,0,0,0,0,0,0,0,0
kofamscan/ko_tables/sorbitol/MMETSP0699_clean.csv,1,0,0,0,0,0,0,0,0,0,0,0,0,0,0,0,0
kofamscan/ko_tables/sorbitol/MMETSP0058_clean.csv,1,0,0,0,0,0,0,0,0,0,0,0,0,0,0,0,0
kofamscan/ko_tables/sorbitol/MMETSP0696_clean.csv,1,0,0,0,0,0,0,0,0,0,0,0,0,0,0,0,0
kofamscan/ko_tables/sorbitol/MMETSP1019_clean.csv,0,0,0,0,0,0,0,0,0,0,0,0,0,0,0,0,0
kofamscan/ko_tables/sorbitol/MMETSP0093_clean.csv,1,0,0,0,0,0,0,0,0,0,0,0,0,0,0,0,0
kofamscan/ko_tables/sorbitol/MMETSP1433_clean.csv,1,0,0,0,0,0,0,0,0,0,0,0,0,0,0,0,0
kofamscan/ko_tables/sorbitol/MMETSP0736_clean.csv,1,0,0,0,0,0,0,0,0,0,0,0,0,0,0,0,0
kofamscan/ko_tables/sorbitol/MMETSP0418_clean.csv,1,0,0,0,0,0,0,0,0,0,0,0,0,0,0,0,0
