,K23981,K00690,K01203,K20811,K01182,K00695,K00696,K00689,K12316,K22920,K02810,K12317,K12047,K01193,K01189,K21351,K12447,K23396,K00692,K00963,K07406,K01187,K07407,K06617,K07024,K23974,K05341,K15922
kofamscan/ko_tables/sucrose/MMETSP1380_clean.csv,0,0,0,0,0,0,0,0,0,0,0,0,0,0,0,0,1,0,0,0,0,1,0,0,0,0,0,0
kofamscan/ko_tables/sucrose/MMETSP0409_clean.csv,0,0,0,0,0,0,0,0,0,0,0,0,0,0,0,0,1,0,0,1,0,0,0,0,0,0,0,0
kofamscan/ko_tables/sucrose/MMETSP0320_clean.csv,0,0,0,0,0,0,0,0,0,0,0,0,0,0,0,0,1,0,0,1,0,1,1,0,0,0,0,0
kofamscan/ko_tables/sucrose/MMETSP1374_clean.csv,0,0,0,0,0,0,0,0,0,0,0,0,0,0,0,0,1,0,0,1,0,0,1,0,0,0,0,0
kofamscan/ko_tables/sucrose/MMETSP0907_clean.csv,0,0,0,0,0,0,0,0,0,0,0,0,0,0,0,0,1,0,0,1,0,1,1,0,0,0,0,0
kofamscan/ko_tables/sucrose/MMETSP1407_clean.csv,0,0,0,0,0,0,0,0,0,0,0,0,0,0,0,0,1,0,0,1,0,1,1,0,0,0,0,0
kofamscan/ko_tables/sucrose/MMETSP0816_clean.csv,0,0,0,0,0,0,0,0,0,0,0,0,0,0,0,0,1,0,0,1,0,1,0,0,0,0,0,0
kofamscan/ko_tables/sucrose/MMETSP0661_clean.csv,0,0,0,0,0,0,0,0,0,0,0,0,0,0,0,0,1,0,0,1,0,0,1,0,0,0,0,0
kofamscan/ko_tables/sucrose/MMETSP1165_clean.csv,0,0,0,0,0,0,0,0,0,0,0,0,0,0,0,0,1,0,0,1,0,0,1,0,0,0,0,0
kofamscan/ko_tables/sucrose/MMETSP1411_clean.csv,0,0,0,0,0,0,0,0,0,0,0,0,0,0,0,0,1,0,0,1,0,1,1,0,0,0,0,0
kofamscan/ko_tables/sucrose/MMETSP0759_clean.csv,0,0,0,0,0,0,0,0,0,0,0,0,0,0,0,0,0,0,0,1,0,1,0,0,0,0,0,0
kofamscan/ko_tables/sucrose/MMETSP1319_clean.csv,0,0,0,0,0,0,0,0,0,0,0,0,0,0,0,0,1,0,0,0,0,1,1,0,0,0,0,1
kofamscan/ko_tables/sucrose/MMETSP0117_clean.csv,0,0,0,0,0,0,0,0,0,0,0,0,0,0,0,0,1,0,0,1,0,1,1,0,0,0,0,0
kofamscan/ko_tables/sucrose/MMETSP0887_clean.csv,0,0,0,0,0,0,0,0,0,0,0,0,0,0,0,0,1,0,0,1,0,1,0,0,0,0,0,0
kofamscan/ko_tables/sucrose/MMETSP1174_clean.csv,0,0,0,0,0,0,0,0,0,0,0,0,0,0,0,0,1,0,0,1,0,1,1,0,0,0,0,0
kofamscan/ko_tables/sucrose/MMETSP0898_clean.csv,0,0,0,0,0,0,0,0,0,0,0,0,0,0,0,0,1,0,0,1,0,1,1,0,0,0,0,0
kofamscan/ko_tables/sucrose/MMETSP0088_clean.csv,0,0,0,0,0,0,0,0,0,0,0,0,0,0,0,0,1,0,0,1,0,1,1,0,0,0,0,0
kofamscan/ko_tables/sucrose/MMETSP1395_clean.csv,0,0,0,0,0,0,0,0,0,0,0,0,0,0,0,0,1,0,0,0,0,1,0,0,0,0,0,0
kofamscan/ko_tables/sucrose/MMETSP0398_clean.csv,0,0,0,0,0,0,0,0,0,0,0,0,0,0,0,0,0,0,0,0,0,0,0,0,0,0,0,0
kofamscan/ko_tables/sucrose/MMETSP0922_clean.csv,0,0,0,0,0,0,0,0,0,0,0,0,0,0,0,0,0,0,0,0,0,0,0,0,0,0,0,0
kofamscan/ko_tables/sucrose/MMETSP0780_clean.csv,0,0,0,0,0,0,0,0,0,0,0,0,0,1,0,0,1,0,0,0,0,1,1,0,0,0,0,0
kofamscan/ko_tables/sucrose/MMETSP0227_clean.csv,0,0,0,0,0,0,0,0,0,0,0,0,0,0,0,0,1,0,0,1,0,0,1,0,0,0,0,0
kofamscan/ko_tables/sucrose/MMETSP0141_clean.csv,0,0,0,0,0,0,0,0,0,0,0,0,0,0,0,0,1,0,0,1,0,1,1,0,0,0,0,0
kofamscan/ko_tables/sucrose/MMETSP1007_clean.csv,0,0,0,0,0,0,0,0,0,0,0,0,0,0,0,0,1,0,0,1,0,1,1,0,0,0,0,0
kofamscan/ko_tables/sucrose/MMETSP0852_clean.csv,0,0,0,0,0,0,0,0,0,0,0,0,0,0,0,0,1,0,0,1,0,1,0,0,0,0,0,0
kofamscan/ko_tables/sucrose/MMETSP0812_clean.csv,0,0,0,0,0,0,0,0,0,0,0,0,0,0,0,0,1,0,0,1,0,1,1,0,0,0,0,0
kofamscan/ko_tables/sucrose/MMETSP0105_clean.csv,0,0,0,0,0,0,0,0,0,0,0,0,0,0,0,0,1,0,0,1,0,1,1,0,0,0,0,0
kofamscan/ko_tables/sucrose/MMETSP1384_clean.csv,0,0,0,0,0,0,0,0,0,0,0,0,0,0,0,0,1,0,0,0,0,1,1,0,0,0,0,0
kofamscan/ko_tables/sucrose/MMETSP1063_clean.csv,0,0,0,0,0,0,0,0,0,0,0,0,0,0,0,0,1,0,0,1,0,1,1,0,0,0,0,0
kofamscan/ko_tables/sucrose/MMETSP0467_clean.csv,0,0,0,0,0,0,0,0,0,0,0,0,0,0,0,0,0,0,0,0,0,0,1,0,0,0,0,0
kofamscan/ko_tables/sucrose/MMETSP0086_clean.csv,0,0,0,0,0,0,0,0,0,0,0,0,0,0,0,0,0,0,0,1,0,1,1,0,0,0,0,0
kofamscan/ko_tables/sucrose/MMETSP1366_clean.csv,0,0,0,0,0,0,0,0,0,0,0,0,0,0,0,0,1,0,0,1,0,1,1,0,0,0,0,0
kofamscan/ko_tables/sucrose/MMETSP1439_clean.csv,0,0,0,0,0,0,0,0,0,0,0,0,0,0,0,0,0,0,0,1,0,0,1,0,0,0,0,0
kofamscan/ko_tables/sucrose/MMETSP0693_clean.csv,0,0,0,0,0,0,0,0,0,0,0,0,0,0,0,0,0,0,0,0,0,0,0,0,0,0,0,0
kofamscan/ko_tables/sucrose/MMETSP1032_clean.csv,0,0,0,0,0,0,0,0,0,0,0,0,0,0,0,0,1,0,0,1,0,0,1,0,0,0,0,1
kofamscan/ko_tables/sucrose/MMETSP1399_clean.csv,0,0,0,0,0,0,0,0,0,1,0,0,0,0,0,0,1,0,0,0,0,1,0,1,0,0,0,0
kofamscan/ko_tables/sucrose/MMETSP0100_clean.csv,0,0,0,0,0,0,0,0,0,0,0,0,0,0,0,0,1,0,0,1,0,1,1,0,0,0,0,0
kofamscan/ko_tables/sucrose/MMETSP0328_clean.csv,0,0,0,0,0,0,0,0,0,0,0,0,0,0,0,0,0,0,0,1,0,0,0,0,0,0,0,0
kofamscan/ko_tables/sucrose/MMETSP1042_clean.csv,0,0,0,0,0,0,0,0,0,0,0,0,0,0,0,0,1,0,0,1,0,1,1,0,0,0,0,0
kofamscan/ko_tables/sucrose/MMETSP1171_clean.csv,0,0,0,0,0,0,0,0,0,0,0,0,0,0,0,0,1,0,0,1,0,0,0,0,0,0,0,0
kofamscan/ko_tables/sucrose/MMETSP0209_clean.csv,0,0,0,0,0,0,0,0,0,0,0,0,0,0,0,0,1,0,0,0,0,0,0,0,0,0,0,0
kofamscan/ko_tables/sucrose/MMETSP0252_clean.csv,0,0,0,0,0,0,0,0,0,0,0,0,0,0,0,0,0,0,0,0,0,0,0,0,0,0,0,0
kofamscan/ko_tables/sucrose/MMETSP0471_clean.csv,0,0,0,0,0,0,0,0,0,0,0,0,0,0,0,0,1,0,0,1,0,0,1,0,0,0,0,0
kofamscan/ko_tables/sucrose/MMETSP0955_clean.csv,0,0,0,0,0,0,0,0,0,0,0,0,0,0,0,0,1,0,0,0,0,0,1,0,0,0,0,0
kofamscan/ko_tables/sucrose/MMETSP0199_clean.csv,0,0,0,0,0,0,0,0,0,0,0,0,0,0,0,0,1,0,0,1,0,1,1,0,0,0,0,1
kofamscan/ko_tables/sucrose/MMETSP1057_clean.csv,0,0,0,0,0,0,0,0,0,0,0,0,0,0,0,0,1,0,0,1,0,1,0,0,0,0,0,0
kofamscan/ko_tables/sucrose/MMETSP0434_clean.csv,0,0,0,0,0,0,0,0,0,0,0,0,0,0,0,0,1,0,0,0,0,0,1,0,0,0,0,1
kofamscan/ko_tables/sucrose/MMETSP1097_clean.csv,0,0,0,0,0,0,0,0,0,0,0,0,0,0,0,0,0,0,0,0,0,0,0,0,0,0,0,0
kofamscan/ko_tables/sucrose/MMETSP0115_clean.csv,0,0,0,0,0,0,0,0,0,0,0,0,0,0,0,0,1,0,0,0,0,0,1,0,0,0,0,0
kofamscan/ko_tables/sucrose/MMETSP0593_clean.csv,0,0,0,0,0,0,0,0,0,0,0,0,0,0,0,0,1,0,0,1,0,0,0,0,0,0,0,0
kofamscan/ko_tables/sucrose/MMETSP0798_clean.csv,0,0,0,0,0,0,0,0,0,0,0,0,0,0,0,0,0,0,0,0,0,0,0,0,0,0,0,0
kofamscan/ko_tables/sucrose/MMETSP0318_clean.csv,0,0,0,0,0,0,0,0,0,0,0,0,0,0,0,0,1,0,0,1,0,1,1,0,0,0,0,0
kofamscan/ko_tables/sucrose/MMETSP0527_clean.csv,0,0,0,0,0,0,0,0,0,0,0,0,0,0,0,0,1,0,0,1,0,0,1,0,0,0,0,0
kofamscan/ko_tables/sucrose/MMETSP1357_clean.csv,0,0,0,0,0,0,0,0,0,0,0,0,0,0,0,0,1,0,0,1,0,1,1,0,0,0,0,0
kofamscan/ko_tables/sucrose/MMETSP1058_clean.csv,0,0,0,0,0,0,0,0,0,0,0,0,0,0,0,0,1,0,0,1,0,1,1,0,0,0,0,0
kofamscan/ko_tables/sucrose/MMETSP0095_clean.csv,0,0,0,0,0,0,0,0,0,0,0,0,0,0,0,0,1,0,0,1,0,1,1,0,0,0,0,1
kofamscan/ko_tables/sucrose/MMETSP0950_clean.csv,0,0,0,0,0,0,0,0,0,0,0,0,0,0,0,0,1,0,0,1,0,1,1,0,0,0,0,0
kofamscan/ko_tables/sucrose/MMETSP1321_clean.csv,0,0,0,0,0,0,0,0,0,0,0,0,0,0,0,0,1,0,0,1,0,1,1,0,0,0,0,1
kofamscan/ko_tables/sucrose/MMETSP0211_clean.csv,0,0,0,0,0,0,0,0,0,0,0,0,0,0,0,0,1,0,0,0,0,0,1,0,0,0,0,0
kofamscan/ko_tables/sucrose/MMETSP1326_clean.csv,0,0,0,0,0,0,0,0,0,1,0,0,0,0,0,0,1,0,0,0,0,1,0,0,0,0,0,1
kofamscan/ko_tables/sucrose/MMETSP1002_clean.csv,0,0,0,0,0,0,0,0,0,0,0,0,0,0,0,0,1,0,0,1,0,0,0,0,0,0,0,0
kofamscan/ko_tables/sucrose/MMETSP0818_clean.csv,0,0,0,0,0,0,0,0,0,1,0,0,0,0,0,0,1,0,0,1,0,1,1,0,0,0,0,0
kofamscan/ko_tables/sucrose/MMETSP0718_clean.csv,0,0,0,0,0,0,0,0,0,0,0,0,0,0,0,0,0,0,0,0,0,0,0,0,0,0,0,0
kofamscan/ko_tables/sucrose/MMETSP0415_clean.csv,0,0,0,0,0,0,0,0,0,0,0,0,0,0,0,0,1,0,0,1,0,0,0,0,0,0,0,0
kofamscan/ko_tables/sucrose/MMETSP0976_clean.csv,0,0,0,0,0,0,0,0,0,0,0,0,0,0,0,0,1,0,0,1,0,1,1,0,0,0,0,0
kofamscan/ko_tables/sucrose/MMETSP0751_clean.csv,0,0,0,0,0,0,0,0,0,0,0,0,0,0,0,0,1,0,0,1,0,1,1,0,0,0,0,0
kofamscan/ko_tables/sucrose/MMETSP1371_clean.csv,0,0,0,0,0,0,0,0,0,0,0,0,0,0,0,0,1,0,0,1,0,0,1,0,0,0,0,0
kofamscan/ko_tables/sucrose/MMETSP1422_clean.csv,0,0,0,0,0,0,0,0,0,0,0,0,0,0,0,0,1,0,0,1,0,1,1,0,0,0,0,0
kofamscan/ko_tables/sucrose/MMETSP1419_clean.csv,0,0,0,0,0,0,0,0,0,0,0,0,0,0,0,0,1,0,0,1,0,1,1,0,0,0,0,0
kofamscan/ko_tables/sucrose/MMETSP1421_clean.csv,0,0,0,0,0,0,0,0,0,0,0,0,0,0,0,0,1,0,0,1,0,1,1,0,0,0,0,0
kofamscan/ko_tables/sucrose/MMETSP1396_clean.csv,0,0,0,0,0,0,0,0,0,0,0,0,0,0,0,0,1,0,0,0,0,0,1,0,0,0,0,0
kofamscan/ko_tables/sucrose/MMETSP0404_clean.csv,0,0,0,0,0,0,0,0,0,0,0,0,0,0,0,0,1,0,0,1,0,1,0,0,0,0,0,0
kofamscan/ko_tables/sucrose/MMETSP0041_clean.csv,0,0,0,0,0,0,0,0,0,0,0,0,0,0,0,0,1,0,0,0,0,1,1,0,0,0,0,0
kofamscan/ko_tables/sucrose/MMETSP1425_clean.csv,0,0,0,0,0,0,0,0,0,0,0,0,0,0,0,0,1,0,0,1,0,0,1,0,0,0,0,0
kofamscan/ko_tables/sucrose/MMETSP0308_clean.csv,0,0,0,0,0,0,0,0,0,0,0,0,0,0,0,0,0,0,0,1,0,1,1,0,1,0,0,0
kofamscan/ko_tables/sucrose/MMETSP0910_clean.csv,0,0,0,0,0,0,0,0,0,0,0,0,0,0,0,0,1,0,0,1,0,1,0,0,0,0,0,0
kofamscan/ko_tables/sucrose/MMETSP1432_clean.csv,0,0,0,0,0,0,0,0,0,0,0,0,0,0,0,0,1,0,0,0,0,1,1,0,0,0,0,0
kofamscan/ko_tables/sucrose/MMETSP0259_clean.csv,0,1,0,0,0,0,0,0,0,0,0,0,0,0,0,0,1,0,0,1,0,0,1,0,0,0,0,0
kofamscan/ko_tables/sucrose/MMETSP1176_clean.csv,0,0,0,0,0,0,0,0,0,0,0,0,0,0,0,0,1,0,0,1,0,1,0,0,0,0,0,0
kofamscan/ko_tables/sucrose/MMETSP1465_clean.csv,0,0,0,0,0,0,0,0,0,0,0,0,0,0,0,0,0,0,0,0,0,1,0,0,0,0,0,0
kofamscan/ko_tables/sucrose/MMETSP1104_clean.csv,0,0,0,0,0,0,0,0,0,0,0,0,0,1,0,0,1,0,0,1,0,1,1,0,0,0,0,0
kofamscan/ko_tables/sucrose/MMETSP0004_clean.csv,0,0,0,0,0,0,0,0,0,0,0,0,0,0,0,0,1,0,0,1,0,1,1,0,0,0,0,1
kofamscan/ko_tables/sucrose/MMETSP1172_clean.csv,0,0,0,0,0,0,0,0,0,0,0,0,0,0,0,0,0,0,0,0,0,1,1,0,0,0,0,0
kofamscan/ko_tables/sucrose/MMETSP1055_clean.csv,0,0,0,0,0,0,0,0,0,0,0,0,0,0,0,0,1,0,0,0,0,1,1,0,0,0,0,1
kofamscan/ko_tables/sucrose/MMETSP1403_clean.csv,0,0,0,0,0,0,0,0,0,1,0,0,0,0,0,0,1,0,0,0,0,1,0,0,0,0,0,1
kofamscan/ko_tables/sucrose/MMETSP0574_clean.csv,0,0,0,0,0,0,0,0,0,0,0,0,0,0,0,0,1,0,0,1,0,0,1,0,0,0,0,0
kofamscan/ko_tables/sucrose/MMETSP0202_clean.csv,0,0,0,0,0,0,0,0,0,0,0,0,0,0,0,0,1,0,0,1,0,0,1,0,0,0,0,0
kofamscan/ko_tables/sucrose/MMETSP0796_clean.csv,0,0,0,0,0,0,0,0,0,0,0,0,0,0,0,0,1,0,0,1,0,1,1,0,0,0,0,1
kofamscan/ko_tables/sucrose/MMETSP0797_clean.csv,0,0,0,0,0,0,0,0,0,0,0,0,0,0,0,0,1,0,0,1,0,1,1,0,0,0,0,0
kofamscan/ko_tables/sucrose/MMETSP1127_clean.csv,0,0,0,0,0,0,0,0,0,1,0,0,0,0,0,0,1,0,0,1,0,1,1,0,0,0,0,0
kofamscan/ko_tables/sucrose/MMETSP1413_clean.csv,0,0,0,0,0,0,0,0,0,0,0,0,0,0,0,0,1,0,0,1,0,1,1,0,0,0,0,0
kofamscan/ko_tables/sucrose/MMETSP0991_clean.csv,0,0,0,0,0,0,0,0,0,0,0,0,0,0,0,0,1,0,0,1,0,1,1,0,0,0,0,0
kofamscan/ko_tables/sucrose/MMETSP1474_clean.csv,0,0,0,0,0,0,0,0,0,0,0,0,0,0,0,0,1,0,0,1,0,1,1,0,0,0,0,0
kofamscan/ko_tables/sucrose/MMETSP1406_clean.csv,0,0,0,0,0,0,0,0,0,0,0,0,0,0,0,0,1,0,0,1,0,1,1,0,0,0,0,0
kofamscan/ko_tables/sucrose/MMETSP1123_clean.csv,0,0,0,0,0,0,0,0,0,0,0,0,0,0,0,0,0,0,0,1,0,0,1,0,0,0,0,0
kofamscan/ko_tables/sucrose/MMETSP0930_clean.csv,0,0,0,0,0,0,0,0,0,1,0,0,0,0,0,0,1,0,0,0,0,1,0,1,0,0,0,1
kofamscan/ko_tables/sucrose/MMETSP0573_clean.csv,0,0,0,0,0,0,0,0,0,0,0,0,0,0,0,0,1,0,0,1,0,0,1,0,0,0,0,0
kofamscan/ko_tables/sucrose/MMETSP1013_clean.csv,0,0,0,0,0,0,0,0,0,0,0,0,0,0,0,0,1,0,0,1,0,0,0,0,0,0,0,0
kofamscan/ko_tables/sucrose/MMETSP1080_clean.csv,0,0,0,0,0,0,0,0,0,0,0,0,0,0,0,0,1,0,0,0,0,1,0,0,0,0,0,0
kofamscan/ko_tables/sucrose/MMETSP1464_clean.csv,0,0,0,0,0,0,0,0,0,0,0,0,0,0,0,0,1,0,0,1,0,1,1,0,0,0,0,0
kofamscan/ko_tables/sucrose/MMETSP0891_clean.csv,0,0,0,0,0,0,0,0,0,0,0,0,0,0,0,0,1,0,0,1,0,0,1,0,0,0,0,0
kofamscan/ko_tables/sucrose/MMETSP1169_clean.csv,0,0,0,0,0,0,0,0,0,1,0,0,0,0,0,0,1,0,0,1,0,1,1,0,0,0,0,0
kofamscan/ko_tables/sucrose/MMETSP1128_clean.csv,0,0,0,0,0,0,0,0,0,1,0,0,0,0,0,0,1,0,0,1,0,1,1,0,0,0,0,0
kofamscan/ko_tables/sucrose/MMETSP1155_clean.csv,0,0,0,0,0,0,0,0,0,0,0,0,0,0,0,0,1,0,0,1,0,1,1,0,0,0,0,0
kofamscan/ko_tables/sucrose/MMETSP0149_clean.csv,0,0,0,0,0,0,0,0,0,0,0,0,0,0,0,0,1,0,0,1,0,1,0,0,0,0,0,0
kofamscan/ko_tables/sucrose/MMETSP1100_clean.csv,0,0,0,0,0,0,0,0,0,0,0,0,0,0,0,0,1,0,0,1,0,1,1,0,0,0,0,0
kofamscan/ko_tables/sucrose/MMETSP0942_clean.csv,0,0,0,0,0,0,0,0,0,0,0,0,0,0,0,0,1,0,0,1,0,1,1,0,0,0,0,0
kofamscan/ko_tables/sucrose/MMETSP1137_clean.csv,0,0,0,0,0,0,0,0,0,0,0,0,0,0,0,0,0,0,0,1,0,0,1,0,0,0,0,0
kofamscan/ko_tables/sucrose/MMETSP0973_clean.csv,0,0,0,0,0,0,0,0,0,0,0,0,0,0,0,0,1,0,0,1,0,0,0,0,0,0,0,0
kofamscan/ko_tables/sucrose/MMETSP0413_clean.csv,0,0,0,0,0,0,0,0,0,0,0,0,0,1,0,0,0,0,0,1,0,1,1,0,0,0,0,0
kofamscan/ko_tables/sucrose/MMETSP0200_clean.csv,0,0,0,0,0,0,0,0,0,0,0,0,0,0,0,0,1,0,0,1,0,1,1,0,0,0,0,0
kofamscan/ko_tables/sucrose/MMETSP1047_clean.csv,0,0,0,0,0,0,0,0,0,0,0,0,0,0,0,0,1,0,0,0,0,1,1,0,0,0,0,0
kofamscan/ko_tables/sucrose/MMETSP0347_clean.csv,0,0,0,0,0,0,0,0,0,0,0,0,0,0,0,0,0,0,0,0,0,0,0,0,0,0,0,0
kofamscan/ko_tables/sucrose/MMETSP1394_clean.csv,0,0,0,0,0,0,0,0,0,0,0,0,0,0,0,0,1,0,0,1,0,0,0,0,0,0,0,0
kofamscan/ko_tables/sucrose/MMETSP0096_clean.csv,0,0,0,0,0,0,0,0,0,0,0,0,0,0,0,0,1,0,0,1,0,1,1,0,0,0,0,0
kofamscan/ko_tables/sucrose/MMETSP0811_clean.csv,0,0,0,0,0,0,0,0,0,0,0,0,0,0,0,0,1,0,0,1,0,1,0,0,0,0,0,0
kofamscan/ko_tables/sucrose/MMETSP0417_clean.csv,0,0,0,0,0,0,0,0,0,0,0,0,0,1,0,0,0,0,0,1,0,1,1,0,0,0,0,0
kofamscan/ko_tables/sucrose/MMETSP0087_clean.csv,0,0,0,0,0,0,0,0,0,0,0,0,0,0,0,0,1,0,0,1,0,1,1,0,0,0,0,1
kofamscan/ko_tables/sucrose/MMETSP1117_clean.csv,0,0,0,0,0,0,0,0,0,0,0,0,0,0,0,0,0,0,0,1,0,0,1,0,0,0,0,0
kofamscan/ko_tables/sucrose/MMETSP0603_clean.csv,0,0,0,0,0,0,0,0,0,0,0,0,0,0,0,0,1,0,0,1,0,1,1,0,0,0,0,0
kofamscan/ko_tables/sucrose/MMETSP0734_clean.csv,0,0,0,0,0,0,0,0,0,0,0,0,0,0,0,0,1,0,0,1,0,1,0,0,0,0,0,0
kofamscan/ko_tables/sucrose/MMETSP0011_clean.csv,0,0,0,0,0,0,0,0,0,0,0,0,0,0,0,0,0,0,0,1,0,1,1,0,1,0,0,0
kofamscan/ko_tables/sucrose/MMETSP1401_clean.csv,0,0,0,0,0,0,0,0,0,1,0,0,0,0,0,0,1,0,0,0,0,1,0,0,0,0,0,1
kofamscan/ko_tables/sucrose/MMETSP1412_clean.csv,0,0,0,0,0,0,0,0,0,0,0,0,0,0,0,0,1,0,0,1,0,1,1,0,0,0,0,0
kofamscan/ko_tables/sucrose/MMETSP1469_clean.csv,0,0,0,0,0,0,0,0,0,0,0,0,0,0,0,0,0,0,0,1,0,1,0,0,0,0,0,0
kofamscan/ko_tables/sucrose/MMETSP1035_clean.csv,0,0,0,0,0,0,0,0,0,0,0,0,0,0,0,0,1,0,0,1,0,0,1,0,0,0,0,1
kofamscan/ko_tables/sucrose/MMETSP0938_clean.csv,0,0,0,0,0,0,0,0,0,1,0,0,0,0,0,0,1,0,0,0,0,1,0,1,0,0,0,1
kofamscan/ko_tables/sucrose/MMETSP0092_clean.csv,0,0,0,0,0,0,0,0,0,0,0,0,0,0,0,0,1,0,0,0,0,0,0,0,0,0,0,0
kofamscan/ko_tables/sucrose/MMETSP0820_clean.csv,0,0,0,0,0,0,0,0,0,1,0,0,0,0,0,0,1,0,0,1,0,1,1,0,0,0,0,0
kofamscan/ko_tables/sucrose/MMETSP0993_clean.csv,0,0,0,0,0,0,0,0,0,0,0,0,0,0,0,0,1,0,0,1,0,1,1,0,0,0,0,0
kofamscan/ko_tables/sucrose/MMETSP0909_clean.csv,0,0,0,0,0,0,0,0,0,0,0,0,0,0,0,0,1,0,0,0,0,1,0,0,0,0,0,0
kofamscan/ko_tables/sucrose/MMETSP0160_clean.csv,0,0,0,0,0,0,0,0,0,0,0,0,0,0,0,0,1,0,0,1,0,0,1,0,0,0,0,0
kofamscan/ko_tables/sucrose/MMETSP1049_clean.csv,0,0,0,0,0,0,0,0,0,0,0,0,0,0,0,0,1,0,0,1,0,0,1,0,0,0,0,0
kofamscan/ko_tables/sucrose/MMETSP1459_clean.csv,0,0,0,0,0,0,1,0,0,1,0,0,0,0,0,0,0,0,0,1,0,0,1,0,0,0,0,0
kofamscan/ko_tables/sucrose/MMETSP1388_clean.csv,0,0,0,0,0,0,0,0,0,0,0,0,0,0,0,0,1,0,0,1,0,1,1,0,0,0,0,0
kofamscan/ko_tables/sucrose/MMETSP0920_clean.csv,0,0,0,0,0,0,0,0,0,0,0,0,0,0,0,0,1,0,0,1,0,0,0,0,0,0,0,0
kofamscan/ko_tables/sucrose/MMETSP1095_clean.csv,0,0,0,0,0,0,0,0,0,0,0,0,0,0,0,0,1,0,0,1,0,1,0,0,0,0,0,0
kofamscan/ko_tables/sucrose/MMETSP0120_clean.csv,0,0,0,0,0,0,0,0,0,0,0,0,0,0,0,0,1,0,0,1,0,0,1,0,0,0,0,0
kofamscan/ko_tables/sucrose/MMETSP1151_clean.csv,0,0,0,0,0,0,0,0,0,0,0,0,0,0,0,0,1,0,0,1,0,1,1,0,0,0,0,0
kofamscan/ko_tables/sucrose/MMETSP0006_clean.csv,0,0,0,0,0,0,0,0,0,0,0,0,0,0,0,0,1,0,0,1,0,1,1,0,0,0,0,1
kofamscan/ko_tables/sucrose/MMETSP1473_clean.csv,0,0,0,0,0,1,1,0,0,1,0,0,0,1,0,0,1,0,0,1,0,1,1,0,1,0,0,0
kofamscan/ko_tables/sucrose/MMETSP0272_clean.csv,0,0,0,0,0,0,0,0,0,0,0,0,0,0,0,0,1,0,0,1,0,0,1,0,0,0,0,1
kofamscan/ko_tables/sucrose/MMETSP0899_clean.csv,0,0,0,0,0,0,0,0,0,0,0,0,0,0,0,0,1,0,0,1,0,1,1,0,0,0,0,0
kofamscan/ko_tables/sucrose/MMETSP0151_clean.csv,0,0,0,0,0,0,0,0,0,0,0,0,0,0,0,0,0,0,0,1,0,1,1,0,0,0,0,0
kofamscan/ko_tables/sucrose/MMETSP1381_clean.csv,0,0,0,0,0,0,0,0,0,0,0,0,0,0,0,0,1,0,0,1,0,0,0,0,0,0,0,0
kofamscan/ko_tables/sucrose/MMETSP0326_clean.csv,0,0,0,0,0,0,0,0,0,0,0,0,0,0,0,0,0,0,0,1,0,0,0,0,0,0,0,0
kofamscan/ko_tables/sucrose/MMETSP0912_clean.csv,0,0,0,0,0,0,0,0,0,0,0,0,0,0,0,0,0,0,0,1,0,0,0,0,0,0,0,0
kofamscan/ko_tables/sucrose/MMETSP1070_clean.csv,0,0,0,0,0,0,0,0,0,0,0,0,0,0,0,0,1,0,0,1,0,0,1,0,0,0,0,0
kofamscan/ko_tables/sucrose/MMETSP0900_clean.csv,0,0,0,0,0,0,0,0,0,0,0,0,0,0,0,0,1,0,0,1,0,1,1,0,0,0,0,0
kofamscan/ko_tables/sucrose/MMETSP0014_clean.csv,0,0,0,0,0,0,0,0,0,0,0,0,0,0,0,0,1,0,0,1,0,1,1,1,0,0,0,0
kofamscan/ko_tables/sucrose/MMETSP1400_clean.csv,0,0,0,0,0,0,0,0,0,1,0,0,0,0,0,0,1,0,0,0,0,1,0,0,0,0,0,1
kofamscan/ko_tables/sucrose/MMETSP1437_clean.csv,0,0,0,0,0,0,0,0,0,0,0,0,0,0,0,0,1,0,0,1,0,0,0,0,0,0,0,0
kofamscan/ko_tables/sucrose/MMETSP1447_clean.csv,0,0,0,0,0,0,0,0,0,0,0,0,0,0,0,0,1,0,0,1,0,0,0,0,0,0,0,0
kofamscan/ko_tables/sucrose/MMETSP0140_clean.csv,0,0,0,0,0,0,0,0,0,0,0,0,0,0,0,0,1,0,0,1,0,1,1,0,0,0,0,0
kofamscan/ko_tables/sucrose/MMETSP1161_clean.csv,0,0,0,0,0,1,1,0,0,1,0,0,0,0,0,0,0,0,0,1,0,1,0,0,1,0,0,0
kofamscan/ko_tables/sucrose/MMETSP1043_clean.csv,0,0,0,0,0,0,0,0,0,0,0,0,0,0,0,0,1,0,0,1,0,1,1,0,0,0,0,0
kofamscan/ko_tables/sucrose/MMETSP1316_clean.csv,0,0,0,0,0,0,1,0,0,1,0,0,0,0,0,0,0,0,0,1,0,0,1,0,0,0,0,0
kofamscan/ko_tables/sucrose/MMETSP1157_clean.csv,0,0,0,0,0,0,0,0,0,0,0,0,0,0,0,0,1,0,0,1,0,1,1,0,0,0,0,0
kofamscan/ko_tables/sucrose/MMETSP0790_clean.csv,0,0,0,0,0,0,0,0,0,0,0,0,0,0,0,0,1,0,0,1,0,0,1,0,0,0,0,0
kofamscan/ko_tables/sucrose/MMETSP1360_clean.csv,0,0,0,0,0,0,0,0,0,0,0,0,0,0,0,0,1,0,0,1,0,0,1,0,0,0,0,0
kofamscan/ko_tables/sucrose/MMETSP0258_clean.csv,0,0,0,0,0,0,0,0,0,0,0,0,0,0,0,0,1,0,0,1,0,0,1,0,0,0,0,0
kofamscan/ko_tables/sucrose/MMETSP0746_clean.csv,0,0,0,0,0,0,0,0,0,0,0,0,0,0,0,0,0,0,0,0,0,0,1,0,0,0,0,0
kofamscan/ko_tables/sucrose/MMETSP1420_clean.csv,0,0,0,0,0,0,0,0,0,0,0,0,0,0,0,0,1,0,0,1,0,1,1,0,0,0,0,0
kofamscan/ko_tables/sucrose/MMETSP1397_clean.csv,0,0,0,0,0,0,0,0,0,0,0,0,0,0,0,0,1,0,0,0,0,1,1,0,0,0,0,0
kofamscan/ko_tables/sucrose/MMETSP1452_clean.csv,0,0,0,0,0,0,0,0,0,0,0,0,0,0,0,0,1,0,0,1,0,1,1,0,0,0,0,1
kofamscan/ko_tables/sucrose/MMETSP1178_clean.csv,0,0,0,0,0,0,0,0,0,0,0,0,0,0,0,0,0,0,0,1,0,0,1,0,0,0,0,0
kofamscan/ko_tables/sucrose/MMETSP1115_clean.csv,0,0,0,0,0,0,0,0,0,0,0,0,0,0,0,0,0,0,0,1,0,0,1,0,0,0,0,0
kofamscan/ko_tables/sucrose/MMETSP1361_clean.csv,0,0,0,0,0,0,0,0,0,0,0,0,0,0,0,0,1,0,0,1,0,1,1,0,0,0,0,0
kofamscan/ko_tables/sucrose/MMETSP0941_clean.csv,0,0,0,0,0,0,0,0,0,1,0,0,0,0,0,0,0,0,0,1,0,1,1,0,0,0,0,0
kofamscan/ko_tables/sucrose/MMETSP0098_clean.csv,0,0,0,0,0,0,0,0,0,0,0,0,0,0,0,0,1,0,0,1,0,1,1,0,0,0,0,0
kofamscan/ko_tables/sucrose/MMETSP0924_clean.csv,0,0,0,0,0,0,0,0,0,0,0,0,0,0,0,0,0,0,0,0,0,0,0,0,0,0,0,0
kofamscan/ko_tables/sucrose/MMETSP0234_clean.csv,0,0,0,0,0,0,0,0,0,0,0,0,0,0,0,0,0,0,0,1,0,1,0,0,0,0,0,0
kofamscan/ko_tables/sucrose/MMETSP1106_clean.csv,0,0,0,0,0,0,0,0,0,1,0,0,0,0,0,0,1,0,0,0,0,1,0,0,0,0,0,1
kofamscan/ko_tables/sucrose/MMETSP0267_clean.csv,0,0,0,0,0,0,0,0,0,0,0,0,0,0,0,0,1,0,0,1,0,0,1,0,0,0,0,0
kofamscan/ko_tables/sucrose/MMETSP0091_clean.csv,0,0,0,0,0,0,0,0,0,0,0,0,0,0,0,0,1,0,0,0,0,0,1,0,0,0,0,0
kofamscan/ko_tables/sucrose/MMETSP0132_clean.csv,0,0,0,0,0,0,0,0,0,0,0,0,0,0,0,0,0,0,0,0,0,0,1,0,0,0,0,0
kofamscan/ko_tables/sucrose/MMETSP1417_clean.csv,0,0,0,0,0,0,0,0,0,0,0,0,0,0,0,0,1,0,0,1,0,1,1,0,0,0,0,0
kofamscan/ko_tables/sucrose/MMETSP1363_clean.csv,0,0,0,0,0,0,0,0,0,0,0,0,0,0,0,0,1,0,0,1,0,1,1,0,0,0,0,0
kofamscan/ko_tables/sucrose/MMETSP0316_clean.csv,0,0,0,0,0,0,0,0,0,0,0,0,0,0,0,0,1,0,0,0,0,0,1,0,0,0,0,0
kofamscan/ko_tables/sucrose/MMETSP0229_clean.csv,0,0,0,0,0,0,0,0,0,0,0,0,0,0,0,0,0,0,0,0,0,0,0,0,0,0,0,0
kofamscan/ko_tables/sucrose/MMETSP1408_clean.csv,0,0,0,0,0,0,0,0,0,0,0,0,0,0,0,0,1,0,0,1,0,1,1,0,0,0,0,0
kofamscan/ko_tables/sucrose/MMETSP0987_clean.csv,0,0,0,0,0,0,0,0,0,0,0,0,0,0,0,0,1,0,0,1,0,1,0,0,0,0,0,0
kofamscan/ko_tables/sucrose/MMETSP1333_clean.csv,0,0,0,0,0,0,0,0,0,0,0,0,0,0,0,0,1,0,0,1,0,1,1,0,0,0,0,0
kofamscan/ko_tables/sucrose/MMETSP1345_clean.csv,0,0,0,0,0,0,0,0,0,0,0,0,0,0,0,0,1,0,0,0,0,1,1,0,0,0,0,0
kofamscan/ko_tables/sucrose/MMETSP0878_clean.csv,0,0,0,0,0,0,0,0,0,0,0,0,0,0,0,0,1,0,0,1,0,1,1,0,0,0,0,0
kofamscan/ko_tables/sucrose/MMETSP1153_clean.csv,0,0,0,0,0,0,0,0,0,0,0,0,0,0,0,0,1,0,0,1,0,1,1,0,0,0,0,0
kofamscan/ko_tables/sucrose/MMETSP0288_clean.csv,0,0,0,0,0,0,0,0,0,0,0,0,0,0,0,0,1,0,0,0,0,1,1,0,0,0,0,0
kofamscan/ko_tables/sucrose/MMETSP1462_clean.csv,0,0,0,0,0,0,0,0,0,0,0,0,0,0,0,0,1,0,0,1,0,0,1,0,0,0,0,0
kofamscan/ko_tables/sucrose/MMETSP0139_clean.csv,0,0,0,0,0,0,0,0,0,0,0,0,0,0,0,0,1,0,0,1,0,1,1,0,0,0,0,0
kofamscan/ko_tables/sucrose/MMETSP1096_clean.csv,0,0,0,0,0,0,0,0,0,0,0,0,0,0,0,0,1,0,0,1,0,1,1,0,0,0,0,0
kofamscan/ko_tables/sucrose/MMETSP1418_clean.csv,0,0,0,0,0,0,0,0,0,0,0,0,0,0,0,0,1,0,0,1,0,1,1,0,0,0,0,0
kofamscan/ko_tables/sucrose/MMETSP0963_clean.csv,0,0,0,0,0,0,0,0,0,0,0,0,0,0,0,0,1,0,0,1,0,0,1,0,0,0,0,0
kofamscan/ko_tables/sucrose/MMETSP0171_clean.csv,0,0,0,0,0,0,0,0,0,0,0,0,0,0,0,0,1,0,0,1,0,1,0,0,0,0,0,0
kofamscan/ko_tables/sucrose/MMETSP0904_clean.csv,0,0,0,0,0,0,0,0,0,0,0,0,0,0,0,0,1,0,0,0,0,1,1,0,0,0,0,0
kofamscan/ko_tables/sucrose/MMETSP1040_clean.csv,0,0,0,0,0,0,0,0,0,0,0,0,0,0,0,0,1,0,0,1,0,1,0,0,0,0,0,0
kofamscan/ko_tables/sucrose/MMETSP1389_clean.csv,0,0,0,0,0,0,0,0,0,0,0,0,0,0,0,0,1,0,0,1,0,1,0,0,0,0,0,0
kofamscan/ko_tables/sucrose/MMETSP1415_clean.csv,0,0,0,0,0,0,0,0,0,0,0,0,0,0,0,0,1,0,0,1,0,1,1,0,0,0,0,0
kofamscan/ko_tables/sucrose/MMETSP0789_clean.csv,0,0,0,0,0,0,0,0,0,0,0,0,0,0,0,0,1,0,0,1,0,1,1,0,0,0,0,1
kofamscan/ko_tables/sucrose/MMETSP0169_clean.csv,0,0,0,0,0,0,0,0,0,0,0,0,0,0,0,0,1,0,0,1,0,1,1,0,0,0,0,0
kofamscan/ko_tables/sucrose/MMETSP1064_clean.csv,0,0,0,0,0,0,0,0,0,0,0,0,0,0,0,0,1,0,0,1,0,1,1,0,0,0,0,0
kofamscan/ko_tables/sucrose/MMETSP0015_clean.csv,0,0,0,0,0,0,0,0,0,0,0,0,0,0,0,0,1,0,0,1,0,0,1,0,0,0,0,0
kofamscan/ko_tables/sucrose/MMETSP1152_clean.csv,0,0,0,0,0,0,0,0,0,0,0,0,0,0,0,0,1,0,0,1,0,1,1,0,0,0,0,0
kofamscan/ko_tables/sucrose/MMETSP0106_clean.csv,0,0,0,0,0,0,0,0,0,0,0,0,0,0,0,0,1,0,0,1,0,1,1,0,0,0,0,1
kofamscan/ko_tables/sucrose/MMETSP1349_clean.csv,0,0,0,0,0,0,0,0,0,0,0,0,0,0,0,0,1,0,0,1,0,0,1,0,0,0,0,0
kofamscan/ko_tables/sucrose/MMETSP0727_clean.csv,0,0,0,0,0,0,0,0,0,0,0,0,0,0,0,0,1,0,0,1,0,1,0,0,0,0,0,0
kofamscan/ko_tables/sucrose/MMETSP1429_clean.csv,0,0,0,0,0,0,0,0,0,0,0,0,0,0,0,0,1,0,0,0,0,1,0,0,0,0,0,0
kofamscan/ko_tables/sucrose/MMETSP0911_clean.csv,0,0,0,0,0,0,0,0,0,0,0,0,0,0,0,0,0,0,0,1,0,0,0,0,0,0,0,0
kofamscan/ko_tables/sucrose/MMETSP0717_clean.csv,0,0,0,0,0,0,0,0,0,0,0,0,0,0,0,0,1,0,0,1,0,0,1,0,0,0,0,0
kofamscan/ko_tables/sucrose/MMETSP0901_clean.csv,0,0,0,0,0,0,0,0,0,0,0,0,0,0,0,0,1,0,0,1,0,1,1,0,0,0,0,0
kofamscan/ko_tables/sucrose/MMETSP0111_clean.csv,0,0,0,0,0,0,0,0,0,0,0,0,0,0,0,0,1,0,0,0,0,0,1,0,0,0,0,0
kofamscan/ko_tables/sucrose/MMETSP0411_clean.csv,0,0,0,0,0,0,0,0,0,0,0,0,0,0,0,0,1,0,0,1,0,1,0,0,0,0,0,0
kofamscan/ko_tables/sucrose/MMETSP0317_clean.csv,0,0,0,0,0,0,0,0,0,0,0,0,0,0,0,0,0,0,0,0,0,0,1,0,0,0,0,0
kofamscan/ko_tables/sucrose/MMETSP1148_clean.csv,0,0,0,0,0,0,0,0,0,0,0,0,0,0,0,0,0,0,0,0,0,0,0,0,0,0,0,0
kofamscan/ko_tables/sucrose/MMETSP0957_clean.csv,0,0,0,0,0,0,0,0,0,0,0,0,0,0,0,0,0,0,0,1,0,0,1,0,0,0,0,0
kofamscan/ko_tables/sucrose/MMETSP0914_clean.csv,0,0,0,0,0,0,0,0,0,0,0,0,0,0,0,0,1,0,0,1,0,1,1,0,0,0,0,0
kofamscan/ko_tables/sucrose/MMETSP0738_clean.csv,0,0,0,0,0,0,0,0,0,0,0,0,0,0,0,0,0,0,0,0,0,1,1,0,0,0,0,0
kofamscan/ko_tables/sucrose/MMETSP0010_clean.csv,0,0,0,0,0,0,0,0,0,0,0,0,0,0,0,0,1,0,0,1,0,0,1,0,0,0,0,0
kofamscan/ko_tables/sucrose/MMETSP0056_clean.csv,0,0,0,0,0,0,0,0,0,0,0,0,0,0,0,0,1,0,0,1,0,0,1,0,0,0,0,0
kofamscan/ko_tables/sucrose/MMETSP0595_clean.csv,0,0,0,0,0,0,0,0,0,0,0,0,0,0,0,0,1,0,0,1,0,1,1,0,0,0,0,0
kofamscan/ko_tables/sucrose/MMETSP0116_clean.csv,0,0,0,0,0,0,0,0,0,0,0,0,0,0,0,0,1,0,0,1,0,0,1,0,0,0,0,0
kofamscan/ko_tables/sucrose/MMETSP0368_clean.csv,0,0,0,0,0,0,0,0,0,0,0,0,0,0,0,0,1,0,0,1,0,0,1,0,0,0,0,0
kofamscan/ko_tables/sucrose/MMETSP1156_clean.csv,0,0,0,0,0,0,0,0,0,0,0,0,0,0,0,0,1,0,0,1,0,1,1,0,0,0,0,0
kofamscan/ko_tables/sucrose/MMETSP0881_clean.csv,0,0,0,0,0,0,0,0,0,0,0,0,0,0,0,0,1,0,0,1,0,1,1,0,0,0,0,0
kofamscan/ko_tables/sucrose/MMETSP0114_clean.csv,0,0,0,0,0,0,0,0,0,0,0,0,0,0,0,0,0,0,0,1,0,1,1,0,0,0,0,0
kofamscan/ko_tables/sucrose/MMETSP0706_clean.csv,0,0,0,0,0,0,0,0,0,0,0,0,0,0,0,0,0,0,0,0,0,0,1,0,0,0,0,0
kofamscan/ko_tables/sucrose/MMETSP0802_clean.csv,0,0,0,0,0,0,0,0,0,1,0,0,0,0,0,0,1,0,0,0,0,0,0,0,0,0,0,0
kofamscan/ko_tables/sucrose/MMETSP0371_clean.csv,0,0,0,0,0,0,0,0,0,0,0,0,0,0,0,0,1,0,0,1,0,0,1,0,0,0,0,0
kofamscan/ko_tables/sucrose/MMETSP1426_clean.csv,0,0,0,0,0,0,0,0,0,0,0,0,0,0,0,0,1,0,0,1,0,0,1,0,0,0,0,0
kofamscan/ko_tables/sucrose/MMETSP1173_clean.csv,0,0,0,0,0,0,0,0,0,0,0,0,0,0,0,0,1,0,0,0,0,1,1,0,0,0,0,0
kofamscan/ko_tables/sucrose/MMETSP0726_clean.csv,0,0,0,0,0,0,0,0,0,0,0,0,0,0,0,0,0,0,0,0,0,0,0,0,0,0,0,0
kofamscan/ko_tables/sucrose/MMETSP1330_clean.csv,0,0,0,0,0,1,1,0,0,1,0,0,0,0,0,0,1,0,0,1,0,0,0,0,1,0,0,0
kofamscan/ko_tables/sucrose/MMETSP0807_clean.csv,0,0,0,0,0,0,0,0,0,0,0,0,0,0,0,0,1,0,0,1,0,1,1,0,0,0,0,0
kofamscan/ko_tables/sucrose/MMETSP0125_clean.csv,0,0,0,0,0,0,0,0,0,0,0,0,0,0,0,0,0,0,0,0,0,1,1,0,0,0,0,0
kofamscan/ko_tables/sucrose/MMETSP1370_clean.csv,0,0,0,0,0,0,0,0,0,0,0,0,0,0,0,0,1,0,0,1,0,0,1,0,0,0,0,0
kofamscan/ko_tables/sucrose/MMETSP0033_clean.csv,0,0,0,0,0,0,0,0,0,1,0,0,0,0,0,0,1,0,0,1,0,1,1,0,1,0,0,1
kofamscan/ko_tables/sucrose/MMETSP0109_clean.csv,0,0,0,0,0,0,0,0,0,0,0,0,0,0,0,0,1,0,0,0,0,1,1,0,0,0,0,1
kofamscan/ko_tables/sucrose/MMETSP1329_clean.csv,0,0,0,0,0,0,0,0,0,0,0,0,0,0,0,0,1,0,0,1,0,0,1,0,0,0,0,0
kofamscan/ko_tables/sucrose/MMETSP0057_clean.csv,0,0,0,0,0,0,0,0,0,0,0,0,0,0,0,0,1,0,0,1,0,0,1,0,0,0,0,0
kofamscan/ko_tables/sucrose/MMETSP0990_clean.csv,0,0,0,0,0,0,0,0,0,0,0,0,0,0,0,0,1,0,0,1,0,1,1,0,0,0,0,0
kofamscan/ko_tables/sucrose/MMETSP1107_clean.csv,0,0,0,0,0,0,0,0,0,0,0,0,0,0,0,0,0,0,0,1,0,1,1,0,0,0,0,0
kofamscan/ko_tables/sucrose/MMETSP0766_clean.csv,0,0,0,0,0,0,0,0,0,0,0,0,0,0,0,0,0,0,0,1,0,0,1,0,0,0,0,0
kofamscan/ko_tables/sucrose/MMETSP1435_clean.csv,0,0,0,0,0,0,0,0,0,0,0,0,0,0,0,0,0,0,0,1,0,0,0,0,0,0,0,0
kofamscan/ko_tables/sucrose/MMETSP1416_clean.csv,0,0,0,0,0,0,0,0,0,0,0,0,0,0,0,0,1,0,0,1,0,1,1,0,0,0,0,0
kofamscan/ko_tables/sucrose/MMETSP0469_clean.csv,0,0,0,0,0,0,0,0,0,0,0,0,0,0,0,0,1,0,0,1,0,0,1,0,0,0,0,0
kofamscan/ko_tables/sucrose/MMETSP1038_clean.csv,0,0,0,0,0,0,0,0,0,0,0,0,0,0,0,0,1,0,0,1,0,0,1,0,0,0,0,1
kofamscan/ko_tables/sucrose/MMETSP0998_clean.csv,0,0,0,0,0,0,0,0,0,0,0,0,0,0,0,0,1,0,0,1,0,1,0,0,0,0,0,0
kofamscan/ko_tables/sucrose/MMETSP0988_clean.csv,0,0,0,0,0,0,0,0,0,0,0,0,0,0,0,0,1,0,0,1,0,1,0,0,0,0,0,0
kofamscan/ko_tables/sucrose/MMETSP1445_clean.csv,0,0,0,0,0,0,0,0,0,0,0,0,0,0,0,0,1,0,0,1,0,1,1,0,0,0,0,0
kofamscan/ko_tables/sucrose/MMETSP0562_clean.csv,0,0,0,0,0,0,0,0,0,0,0,0,0,0,0,0,1,0,0,1,0,1,0,0,0,0,0,0
kofamscan/ko_tables/sucrose/MMETSP1443_clean.csv,0,0,0,0,0,0,0,0,0,0,0,0,0,0,0,0,1,0,0,1,0,0,0,0,0,0,0,0
kofamscan/ko_tables/sucrose/MMETSP0983_clean.csv,0,0,0,0,0,0,0,0,0,0,0,0,0,0,0,0,1,0,0,1,0,1,1,0,0,0,0,0
kofamscan/ko_tables/sucrose/MMETSP0817_clean.csv,0,0,0,0,0,0,0,0,0,1,0,0,0,0,0,0,1,0,0,1,0,1,1,0,0,0,0,0
kofamscan/ko_tables/sucrose/MMETSP0733_clean.csv,0,0,0,0,0,0,0,0,0,0,0,0,0,0,0,0,1,0,0,1,0,1,1,0,0,0,0,0
kofamscan/ko_tables/sucrose/MMETSP1177_clean.csv,0,0,0,0,0,0,0,0,0,0,0,0,0,0,0,0,0,0,0,1,0,0,1,0,0,0,0,0
kofamscan/ko_tables/sucrose/MMETSP0698_clean.csv,0,0,0,0,0,0,0,0,0,0,0,0,0,0,0,0,1,0,0,1,0,1,1,0,0,0,0,0
kofamscan/ko_tables/sucrose/MMETSP0110_clean.csv,0,0,0,0,0,0,0,0,0,0,0,0,0,0,0,0,1,0,0,0,0,1,1,0,0,0,0,0
kofamscan/ko_tables/sucrose/MMETSP0753_clean.csv,0,0,0,0,0,0,0,0,0,0,0,0,0,0,0,0,1,0,0,1,0,1,1,0,0,0,0,0
kofamscan/ko_tables/sucrose/MMETSP1016_clean.csv,0,0,0,0,0,0,0,0,0,0,0,0,0,0,0,0,1,0,0,1,0,0,1,0,0,0,0,0
kofamscan/ko_tables/sucrose/MMETSP0449_clean.csv,0,0,0,0,0,0,0,0,0,0,0,0,0,0,0,0,1,0,0,0,0,0,1,0,0,0,0,1
kofamscan/ko_tables/sucrose/MMETSP1105_clean.csv,0,0,0,0,0,0,0,0,0,0,0,0,0,0,0,0,1,0,0,1,0,1,1,0,0,0,0,1
kofamscan/ko_tables/sucrose/MMETSP1463_clean.csv,0,0,0,0,0,0,0,0,0,0,0,0,0,0,0,0,1,0,0,1,0,1,1,0,0,0,0,0
kofamscan/ko_tables/sucrose/MMETSP0962_clean.csv,0,0,0,0,0,0,0,0,0,0,0,0,0,0,0,0,0,0,0,0,0,0,0,0,0,0,0,0
kofamscan/ko_tables/sucrose/MMETSP1098_clean.csv,0,0,0,0,0,0,0,0,0,0,0,0,0,0,0,0,1,0,0,1,0,1,1,0,0,0,0,0
kofamscan/ko_tables/sucrose/MMETSP1441_clean.csv,0,0,0,0,0,0,0,0,0,0,0,0,0,0,0,0,0,0,0,1,0,0,1,0,0,0,0,0
kofamscan/ko_tables/sucrose/MMETSP1074_clean.csv,0,0,0,0,0,0,0,0,0,0,0,0,0,0,0,0,1,0,0,1,0,0,1,0,0,0,0,0
kofamscan/ko_tables/sucrose/MMETSP0908_clean.csv,0,0,0,0,0,0,0,0,0,0,0,0,0,0,0,0,1,0,0,1,0,1,1,0,0,0,0,0
kofamscan/ko_tables/sucrose/MMETSP0484_clean.csv,0,0,0,0,0,0,0,0,0,0,0,0,0,0,0,0,1,0,0,1,0,1,1,0,0,0,0,0
kofamscan/ko_tables/sucrose/MMETSP0044_clean.csv,0,0,0,0,0,0,0,0,0,0,0,0,0,0,0,0,0,0,0,0,0,0,0,0,0,0,0,0
kofamscan/ko_tables/sucrose/MMETSP0795_clean.csv,0,0,0,0,0,0,0,0,0,0,0,0,0,0,0,0,1,0,0,0,0,0,1,0,0,0,0,0
kofamscan/ko_tables/sucrose/MMETSP1362_clean.csv,0,0,0,0,0,0,0,0,0,0,0,0,0,0,0,0,1,0,0,1,0,1,1,0,0,0,0,0
kofamscan/ko_tables/sucrose/MMETSP1041_clean.csv,0,0,0,0,0,0,0,0,0,0,0,0,0,0,0,0,1,0,0,1,0,1,1,0,0,0,0,0
kofamscan/ko_tables/sucrose/MMETSP0403_clean.csv,0,0,0,0,0,0,0,0,0,0,0,0,0,0,0,0,1,0,0,1,0,0,1,0,0,0,0,0
kofamscan/ko_tables/sucrose/MMETSP0949_clean.csv,0,0,0,0,0,0,0,0,0,0,0,0,0,0,0,0,1,0,0,1,0,1,1,0,0,0,0,0
kofamscan/ko_tables/sucrose/MMETSP1010_clean.csv,0,0,0,0,0,0,0,0,0,0,0,0,0,0,0,0,1,0,0,1,0,1,0,0,0,0,0,0
kofamscan/ko_tables/sucrose/MMETSP1353_clean.csv,0,0,0,0,0,0,0,0,0,0,0,0,0,0,0,0,0,0,0,1,0,1,1,0,0,0,0,0
kofamscan/ko_tables/sucrose/MMETSP0150_clean.csv,0,0,0,0,0,0,0,0,0,0,0,0,0,0,0,0,1,0,0,1,0,1,1,0,0,0,0,0
kofamscan/ko_tables/sucrose/MMETSP0893_clean.csv,0,0,0,0,0,0,0,0,0,0,0,0,0,0,0,0,1,0,0,0,0,0,1,0,0,0,0,0
kofamscan/ko_tables/sucrose/MMETSP0294_clean.csv,0,0,0,0,0,0,0,0,0,0,0,0,0,0,0,0,1,0,0,1,0,1,1,0,0,0,0,0
kofamscan/ko_tables/sucrose/MMETSP0145_clean.csv,0,0,0,0,0,0,0,0,0,0,0,0,0,0,0,0,1,0,0,1,0,1,1,0,0,0,0,0
kofamscan/ko_tables/sucrose/MMETSP1405_clean.csv,0,0,0,0,0,0,0,0,0,0,0,0,0,0,0,0,1,0,0,1,0,1,1,0,0,0,0,0
kofamscan/ko_tables/sucrose/MMETSP0046_clean.csv,0,0,0,0,0,0,0,0,0,0,0,0,0,0,0,0,1,0,0,1,0,1,1,1,1,0,0,0
kofamscan/ko_tables/sucrose/MMETSP1083_clean.csv,0,0,0,0,0,0,0,0,0,0,0,0,0,0,0,0,1,0,0,1,0,1,1,0,0,0,0,0
kofamscan/ko_tables/sucrose/MMETSP0724_clean.csv,0,0,0,0,0,0,0,0,0,0,0,0,0,0,0,0,1,0,0,1,0,1,1,0,0,0,0,0
kofamscan/ko_tables/sucrose/MMETSP0472_clean.csv,0,0,0,0,0,0,0,0,0,0,0,0,0,0,0,0,1,0,0,1,0,1,1,0,0,0,0,0
kofamscan/ko_tables/sucrose/MMETSP1352_clean.csv,0,0,0,0,0,0,0,0,0,0,0,0,0,0,0,0,1,0,0,1,0,0,1,0,0,0,0,0
kofamscan/ko_tables/sucrose/MMETSP1364_clean.csv,0,0,0,0,0,0,0,0,0,0,0,0,0,0,0,0,1,0,0,1,0,1,1,0,0,0,0,0
kofamscan/ko_tables/sucrose/MMETSP0174_clean.csv,0,0,0,0,0,0,0,0,0,0,0,0,0,0,0,0,1,0,0,1,0,1,0,0,0,0,0,0
kofamscan/ko_tables/sucrose/MMETSP1365_clean.csv,0,0,0,0,0,0,0,0,0,0,0,0,0,0,0,0,1,0,0,1,0,1,1,0,0,0,0,0
kofamscan/ko_tables/sucrose/MMETSP0971_clean.csv,0,0,0,0,0,0,0,0,0,0,0,0,0,0,0,0,1,0,0,1,0,0,1,0,0,0,0,0
kofamscan/ko_tables/sucrose/MMETSP0896_clean.csv,0,0,0,0,0,0,0,0,0,0,0,0,0,0,0,0,1,0,0,1,0,1,0,0,0,0,0,0
kofamscan/ko_tables/sucrose/MMETSP0879_clean.csv,0,0,0,0,0,0,0,0,0,0,0,0,0,0,0,0,1,0,0,1,0,1,1,0,0,0,0,0
kofamscan/ko_tables/sucrose/MMETSP1359_clean.csv,0,0,0,0,0,0,0,0,0,0,0,0,0,0,0,0,1,0,0,0,0,1,1,0,0,0,0,0
kofamscan/ko_tables/sucrose/MMETSP0972_clean.csv,0,0,0,0,0,0,0,0,0,0,0,0,0,0,0,0,1,0,0,1,0,0,1,0,0,0,0,0
kofamscan/ko_tables/sucrose/MMETSP1323_clean.csv,0,0,0,0,0,0,0,0,0,0,0,0,0,0,0,0,1,0,0,1,0,0,1,0,0,0,0,0
kofamscan/ko_tables/sucrose/MMETSP0156_clean.csv,0,0,0,0,0,0,0,0,0,0,0,0,0,0,0,0,1,0,0,1,0,0,1,0,0,0,0,0
kofamscan/ko_tables/sucrose/MMETSP0142_clean.csv,0,0,0,0,0,0,0,0,0,0,0,0,0,0,0,0,1,0,0,1,0,1,1,0,0,0,0,0
kofamscan/ko_tables/sucrose/MMETSP0123_clean.csv,0,0,0,0,0,0,0,0,0,0,0,0,0,0,0,0,1,0,0,0,0,0,1,0,0,0,0,0
kofamscan/ko_tables/sucrose/MMETSP0107_clean.csv,0,0,0,0,0,0,0,0,0,0,0,0,0,0,0,0,0,0,0,1,0,1,1,0,0,0,0,0
kofamscan/ko_tables/sucrose/MMETSP1367_clean.csv,0,0,0,0,0,0,0,0,0,0,0,0,0,0,0,0,1,0,0,1,0,0,1,0,0,0,0,0
kofamscan/ko_tables/sucrose/MMETSP0029_clean.csv,0,0,0,0,0,0,0,0,0,0,0,0,0,0,0,0,1,0,0,1,0,0,1,0,0,0,0,0
kofamscan/ko_tables/sucrose/MMETSP1324_clean.csv,0,0,0,0,0,0,0,0,0,0,0,0,0,0,0,0,1,0,0,1,0,1,1,0,0,0,0,1
kofamscan/ko_tables/sucrose/MMETSP0916_clean.csv,0,0,0,0,0,0,0,0,0,0,0,0,0,0,0,0,1,0,0,1,0,1,1,0,0,0,0,0
kofamscan/ko_tables/sucrose/MMETSP0108_clean.csv,0,0,0,0,0,0,0,0,0,0,0,0,0,0,0,0,1,0,0,1,0,1,1,0,0,0,0,0
kofamscan/ko_tables/sucrose/MMETSP0027_clean.csv,0,0,0,0,0,0,0,0,0,0,0,0,0,0,0,0,1,0,0,1,0,0,1,0,0,0,0,0
kofamscan/ko_tables/sucrose/MMETSP0251_clean.csv,0,0,0,0,0,0,0,0,0,0,0,0,0,0,0,0,0,0,0,0,0,0,0,0,0,0,0,0
kofamscan/ko_tables/sucrose/MMETSP1018_clean.csv,0,0,0,0,0,0,0,0,0,0,0,0,0,0,0,0,0,0,0,0,0,0,0,0,0,0,0,0
kofamscan/ko_tables/sucrose/MMETSP1089_clean.csv,0,0,0,0,0,0,0,0,0,0,0,0,0,0,0,0,0,0,0,1,0,1,1,0,0,0,0,0
kofamscan/ko_tables/sucrose/MMETSP1369_clean.csv,0,0,0,0,0,0,0,0,0,0,0,0,0,0,0,0,0,0,0,1,0,0,1,0,0,0,0,0
kofamscan/ko_tables/sucrose/MMETSP1144_clean.csv,0,0,0,0,0,0,0,0,0,0,0,0,0,0,0,0,1,0,0,1,0,1,1,0,0,0,0,0
kofamscan/ko_tables/sucrose/MMETSP1143_clean.csv,0,0,0,0,0,0,0,0,0,0,0,0,0,0,0,0,1,0,0,1,0,1,1,0,0,0,0,0
kofamscan/ko_tables/sucrose/MMETSP0944_clean.csv,0,0,0,0,0,0,0,0,0,0,0,0,0,0,0,0,1,0,0,1,0,1,1,0,0,0,0,0
kofamscan/ko_tables/sucrose/MMETSP1310_clean.csv,0,0,0,0,0,0,0,0,0,1,0,0,0,0,0,0,1,0,0,1,0,1,1,0,0,0,0,1
kofamscan/ko_tables/sucrose/MMETSP0382_clean.csv,0,0,0,0,0,0,0,0,0,0,0,0,0,0,0,0,1,0,0,1,0,1,1,0,0,0,0,0
kofamscan/ko_tables/sucrose/MMETSP1402_clean.csv,0,0,0,0,0,0,0,0,0,1,0,0,0,0,0,0,1,0,0,0,0,1,0,0,0,0,0,0
kofamscan/ko_tables/sucrose/MMETSP1315_clean.csv,0,0,0,0,0,0,0,0,0,1,0,0,0,0,0,0,1,0,0,0,0,1,1,0,0,0,0,0
kofamscan/ko_tables/sucrose/MMETSP0956_clean.csv,0,0,0,0,0,0,0,0,0,0,0,0,0,0,0,0,0,0,0,0,0,0,1,0,0,0,0,0
kofamscan/ko_tables/sucrose/MMETSP0166_clean.csv,0,0,0,0,0,0,0,0,0,0,0,0,0,0,0,0,0,0,0,1,0,1,1,0,0,0,0,0
kofamscan/ko_tables/sucrose/MMETSP0939_clean.csv,0,0,0,0,0,0,0,0,0,1,0,0,0,0,0,0,1,0,0,0,0,1,0,1,0,0,0,1
kofamscan/ko_tables/sucrose/MMETSP1140_clean.csv,0,0,0,0,0,0,0,0,0,0,0,0,0,0,0,0,1,0,0,1,0,1,0,0,0,0,0,0
kofamscan/ko_tables/sucrose/MMETSP1377_clean.csv,0,0,0,0,0,0,0,0,0,0,0,0,0,0,0,0,0,0,0,1,0,0,1,0,0,0,0,0
kofamscan/ko_tables/sucrose/MMETSP1434_clean.csv,0,0,0,0,0,0,0,0,0,0,0,0,0,0,0,0,0,0,0,0,0,0,1,0,0,0,0,0
kofamscan/ko_tables/sucrose/MMETSP0121_clean.csv,0,0,0,0,0,0,0,0,0,0,0,0,0,0,0,0,1,0,0,1,0,0,1,0,0,0,0,0
kofamscan/ko_tables/sucrose/MMETSP1390_clean.csv,0,0,0,0,0,0,0,0,0,1,0,0,0,0,0,0,1,0,0,0,0,0,0,0,0,0,0,0
kofamscan/ko_tables/sucrose/MMETSP0994_clean.csv,0,0,0,0,0,0,0,0,0,0,0,0,0,0,0,0,1,0,0,1,0,1,1,0,0,0,0,0
kofamscan/ko_tables/sucrose/MMETSP1012_clean.csv,0,0,0,0,0,0,0,0,0,0,0,0,0,0,0,0,1,0,0,1,0,1,1,0,0,0,0,0
kofamscan/ko_tables/sucrose/MMETSP0047_clean.csv,0,0,0,0,0,0,0,0,0,0,0,0,0,0,0,0,1,0,0,1,0,1,1,0,0,0,0,0
kofamscan/ko_tables/sucrose/MMETSP0410_clean.csv,0,0,0,0,0,0,0,0,0,0,0,0,0,0,0,0,1,0,0,1,0,0,0,0,0,0,0,0
kofamscan/ko_tables/sucrose/MMETSP0295_clean.csv,0,0,0,0,0,0,0,0,0,0,0,0,0,0,0,0,1,0,0,1,0,1,0,0,0,0,0,0
kofamscan/ko_tables/sucrose/MMETSP0803_clean.csv,0,0,0,0,0,0,0,0,0,0,0,0,0,0,0,0,1,0,0,1,0,1,0,0,0,0,0,0
kofamscan/ko_tables/sucrose/MMETSP1066_clean.csv,0,0,0,0,0,0,0,0,0,0,0,0,0,0,0,0,1,0,0,1,0,0,0,0,0,0,0,0
kofamscan/ko_tables/sucrose/MMETSP0814_clean.csv,0,0,0,0,0,0,0,0,0,0,0,0,0,0,0,0,1,0,0,1,0,1,1,0,0,0,0,0
kofamscan/ko_tables/sucrose/MMETSP0697_clean.csv,0,0,0,0,0,0,0,0,0,0,0,0,0,0,0,0,1,0,0,1,0,1,1,0,0,0,0,0
kofamscan/ko_tables/sucrose/MMETSP0228_clean.csv,0,0,0,0,0,0,0,0,0,0,0,0,0,0,0,0,1,0,0,1,0,0,1,0,0,0,0,1
kofamscan/ko_tables/sucrose/MMETSP0725_clean.csv,0,0,0,0,0,0,0,0,0,0,0,0,0,0,0,0,1,0,0,1,0,1,1,0,0,0,0,0
kofamscan/ko_tables/sucrose/MMETSP0492_clean.csv,0,0,0,0,0,0,0,0,0,0,0,0,0,0,0,0,0,0,0,0,0,0,0,0,0,0,0,0
kofamscan/ko_tables/sucrose/MMETSP1065_clean.csv,0,0,0,0,0,0,0,0,0,0,0,0,0,0,0,0,1,0,0,1,0,0,1,0,0,0,0,0
kofamscan/ko_tables/sucrose/MMETSP1006_clean.csv,0,0,0,0,0,0,0,0,0,0,0,0,0,0,0,0,1,0,0,1,0,1,1,0,0,0,0,0
kofamscan/ko_tables/sucrose/MMETSP0143_clean.csv,0,0,0,0,0,0,0,0,0,0,0,0,0,0,0,0,1,0,0,1,0,1,1,0,0,0,0,0
kofamscan/ko_tables/sucrose/MMETSP1033_clean.csv,0,0,0,0,0,0,0,0,0,0,0,0,0,0,0,0,1,0,0,1,0,0,1,0,0,0,0,1
kofamscan/ko_tables/sucrose/MMETSP0974_clean.csv,0,0,0,0,0,0,0,0,0,0,0,0,0,0,0,0,1,0,0,1,0,1,1,0,0,0,0,0
kofamscan/ko_tables/sucrose/MMETSP1147_clean.csv,0,0,0,0,0,0,0,0,0,0,0,0,0,0,0,0,0,0,0,0,0,0,0,0,0,0,0,0
kofamscan/ko_tables/sucrose/MMETSP1404_clean.csv,0,0,0,0,0,0,0,0,0,1,0,0,0,0,0,0,1,0,0,0,0,1,0,0,0,0,0,1
kofamscan/ko_tables/sucrose/MMETSP1048_clean.csv,0,0,0,0,0,0,0,0,0,0,0,0,0,0,0,0,1,0,0,1,0,1,1,1,1,0,0,0
kofamscan/ko_tables/sucrose/MMETSP0970_clean.csv,0,0,0,0,0,0,0,0,0,0,0,0,0,0,0,0,1,0,0,1,0,0,1,0,0,0,0,0
kofamscan/ko_tables/sucrose/MMETSP0747_clean.csv,0,0,0,0,0,0,0,0,0,0,0,0,0,0,0,0,1,0,0,0,0,0,1,0,0,0,0,0
kofamscan/ko_tables/sucrose/MMETSP0020_clean.csv,0,0,0,0,0,0,0,0,0,0,0,0,0,0,0,0,1,0,0,1,0,1,1,0,0,0,0,0
kofamscan/ko_tables/sucrose/MMETSP0019_clean.csv,0,0,0,0,0,0,0,0,0,0,0,0,0,0,0,0,1,0,0,1,0,1,1,0,0,0,0,0
kofamscan/ko_tables/sucrose/MMETSP0216_clean.csv,0,0,0,0,0,0,0,0,0,0,0,0,0,1,0,0,1,0,0,0,0,1,1,0,0,0,0,0
kofamscan/ko_tables/sucrose/MMETSP1170_clean.csv,0,0,0,0,0,0,0,0,0,0,0,0,0,0,0,0,0,0,0,0,0,0,0,0,0,0,0,0
kofamscan/ko_tables/sucrose/MMETSP0031_clean.csv,0,0,0,0,0,0,0,0,0,0,0,0,0,0,0,0,1,0,0,1,0,0,1,0,0,0,0,0
kofamscan/ko_tables/sucrose/MMETSP1328_clean.csv,0,0,0,0,0,0,0,0,0,0,0,0,0,0,0,0,1,0,0,1,0,1,1,0,0,0,0,0
kofamscan/ko_tables/sucrose/MMETSP1175_clean.csv,0,0,0,0,0,0,0,0,0,0,0,0,0,0,0,0,0,0,0,1,0,0,1,0,0,0,0,0
kofamscan/ko_tables/sucrose/MMETSP0985_clean.csv,0,0,0,0,0,0,0,0,0,0,0,0,0,0,0,0,1,0,0,1,0,1,1,0,0,0,0,0
kofamscan/ko_tables/sucrose/MMETSP0936_clean.csv,0,0,0,0,0,0,0,0,0,1,0,0,0,0,0,0,1,0,0,0,0,1,0,1,0,0,0,0
kofamscan/ko_tables/sucrose/MMETSP1129_clean.csv,0,0,0,0,0,0,0,0,0,0,0,0,0,0,0,0,1,0,0,1,0,1,1,0,0,0,0,0
kofamscan/ko_tables/sucrose/MMETSP1102_clean.csv,0,0,0,0,0,0,0,0,0,0,0,0,0,0,0,0,1,0,0,1,0,1,0,0,0,0,0,0
kofamscan/ko_tables/sucrose/MMETSP0232_clean.csv,0,0,0,0,0,0,0,0,0,0,0,0,0,0,0,0,0,0,0,1,0,1,0,0,0,0,0,0
kofamscan/ko_tables/sucrose/MMETSP0127_clean.csv,0,0,0,0,0,0,0,0,0,0,0,0,0,0,0,0,1,0,0,1,0,1,1,0,0,0,0,0
kofamscan/ko_tables/sucrose/MMETSP0491_clean.csv,0,0,0,0,0,0,0,0,0,1,0,0,0,1,0,0,0,0,0,1,0,1,1,0,1,0,0,0
kofamscan/ko_tables/sucrose/MMETSP0167_clean.csv,0,0,0,0,0,0,0,0,0,0,0,0,0,0,0,0,0,0,0,1,0,1,1,0,0,0,0,0
kofamscan/ko_tables/sucrose/MMETSP1335_clean.csv,0,0,0,0,0,0,0,0,0,0,0,0,0,0,0,0,0,0,0,1,0,1,1,0,0,0,0,0
kofamscan/ko_tables/sucrose/MMETSP0897_clean.csv,0,0,0,0,0,0,0,0,0,0,0,0,0,0,0,0,1,0,0,1,0,0,0,0,0,0,0,0
kofamscan/ko_tables/sucrose/MMETSP0708_clean.csv,0,0,0,0,0,0,0,0,0,0,0,0,0,0,0,0,0,0,0,0,0,0,1,0,0,0,0,0
kofamscan/ko_tables/sucrose/MMETSP0528_clean.csv,0,0,0,0,0,0,0,0,0,0,0,0,0,0,0,0,1,0,0,1,0,0,1,0,0,0,0,0
kofamscan/ko_tables/sucrose/MMETSP0101_clean.csv,0,0,0,0,0,0,0,0,0,0,0,0,0,0,0,0,1,0,0,1,0,1,1,0,0,0,0,0
kofamscan/ko_tables/sucrose/MMETSP0235_clean.csv,0,0,0,0,0,0,0,0,0,0,0,0,0,0,0,0,0,0,0,1,0,0,0,0,0,0,0,0
kofamscan/ko_tables/sucrose/MMETSP0196_clean.csv,0,0,0,0,0,0,0,0,0,0,0,0,0,0,0,0,0,0,0,1,0,0,0,0,0,0,0,0
kofamscan/ko_tables/sucrose/MMETSP0752_clean.csv,0,0,0,0,0,0,0,0,0,0,0,0,0,0,0,0,1,0,0,1,0,1,1,0,0,0,0,0
kofamscan/ko_tables/sucrose/MMETSP0948_clean.csv,0,0,0,0,0,0,0,0,0,0,0,0,0,0,0,0,1,0,0,1,0,1,1,0,0,0,0,0
kofamscan/ko_tables/sucrose/MMETSP0648_clean.csv,0,0,0,0,0,0,0,0,0,0,0,0,0,0,0,0,1,0,0,1,0,0,1,0,0,0,0,0
kofamscan/ko_tables/sucrose/MMETSP0905_clean.csv,0,0,0,0,0,0,0,0,0,0,0,0,0,0,0,0,1,0,0,1,0,1,1,0,0,0,0,0
kofamscan/ko_tables/sucrose/MMETSP1164_clean.csv,0,0,0,0,0,0,0,0,0,0,0,0,0,0,0,0,1,0,0,0,0,0,1,0,0,0,0,0
kofamscan/ko_tables/sucrose/MMETSP0190_clean.csv,0,0,0,0,0,0,0,0,0,0,0,0,0,0,0,0,0,0,0,0,0,0,1,0,0,0,0,0
kofamscan/ko_tables/sucrose/MMETSP0161_clean.csv,0,0,0,0,0,0,0,0,0,0,0,0,0,1,0,0,0,0,0,1,0,1,1,0,0,0,0,0
kofamscan/ko_tables/sucrose/MMETSP0090_clean.csv,0,0,0,0,0,0,0,0,0,0,0,0,0,0,0,0,1,0,0,1,0,1,0,0,0,0,0,0
kofamscan/ko_tables/sucrose/MMETSP0895_clean.csv,0,0,0,0,0,0,0,0,0,0,0,0,0,0,0,0,1,0,0,1,0,0,0,0,0,0,0,0
kofamscan/ko_tables/sucrose/MMETSP0946_clean.csv,0,0,0,0,0,0,0,0,0,0,0,0,0,0,0,0,1,0,0,1,0,1,0,0,0,0,0,0
kofamscan/ko_tables/sucrose/MMETSP0943_clean.csv,0,0,0,0,0,0,0,0,0,0,0,0,0,0,0,0,1,0,0,1,0,1,1,0,0,0,0,0
kofamscan/ko_tables/sucrose/MMETSP0439_clean.csv,0,0,0,0,0,0,0,0,0,0,0,0,0,1,0,0,0,0,0,1,0,1,1,0,0,0,0,0
kofamscan/ko_tables/sucrose/MMETSP0053_clean.csv,0,0,0,0,0,0,0,0,0,0,0,0,0,0,0,0,1,0,0,1,0,0,1,0,0,0,0,0
kofamscan/ko_tables/sucrose/MMETSP0030_clean.csv,0,0,0,0,0,0,0,0,0,0,0,0,0,0,0,0,1,0,0,1,0,0,1,0,0,0,0,0
kofamscan/ko_tables/sucrose/MMETSP0886_clean.csv,0,0,0,0,0,0,0,0,0,0,0,0,0,0,0,0,1,0,0,1,0,1,0,0,0,0,0,0
kofamscan/ko_tables/sucrose/MMETSP0735_clean.csv,0,0,0,0,0,0,0,0,0,0,0,0,0,0,0,0,1,0,0,1,0,0,1,0,0,0,0,0
kofamscan/ko_tables/sucrose/MMETSP1423_clean.csv,0,0,0,0,0,0,0,0,0,0,0,0,0,0,0,0,1,0,0,1,0,0,1,0,0,0,0,0
kofamscan/ko_tables/sucrose/MMETSP1356_clean.csv,0,0,0,0,0,0,0,0,0,0,0,0,0,0,0,0,1,0,0,1,0,1,1,0,0,0,0,0
kofamscan/ko_tables/sucrose/MMETSP1451_clean.csv,0,0,0,0,0,0,0,0,0,0,0,0,0,0,0,0,1,0,0,0,0,1,1,0,0,0,0,0
kofamscan/ko_tables/sucrose/MMETSP1334_clean.csv,0,0,0,0,0,0,0,0,0,0,0,0,0,0,0,0,1,0,0,1,0,1,1,0,0,0,0,1
kofamscan/ko_tables/sucrose/MMETSP1327_clean.csv,0,0,0,0,0,0,0,0,0,1,0,0,0,0,0,0,1,0,0,0,0,1,0,0,0,0,0,0
kofamscan/ko_tables/sucrose/MMETSP1116_clean.csv,0,0,0,0,0,0,0,0,0,0,0,0,0,0,0,0,0,0,0,1,0,0,1,0,0,0,0,0
kofamscan/ko_tables/sucrose/MMETSP0313_clean.csv,0,0,0,0,0,0,0,0,0,0,0,0,0,0,0,0,0,0,0,1,0,0,1,0,0,0,0,0
kofamscan/ko_tables/sucrose/MMETSP0580_clean.csv,0,0,0,0,0,0,0,0,0,0,0,0,0,0,0,0,1,0,0,1,0,1,1,0,0,0,0,0
kofamscan/ko_tables/sucrose/MMETSP0315_clean.csv,0,0,0,0,0,0,0,0,0,0,0,0,0,0,0,0,0,0,0,1,0,0,1,0,0,0,0,0
kofamscan/ko_tables/sucrose/MMETSP0958_clean.csv,0,0,0,0,0,0,0,0,0,0,0,0,0,0,0,0,1,0,0,1,0,1,1,0,0,0,0,0
kofamscan/ko_tables/sucrose/MMETSP0915_clean.csv,0,0,0,0,0,0,0,0,0,0,0,0,0,0,0,0,1,0,0,1,0,1,1,0,0,0,0,0
kofamscan/ko_tables/sucrose/MMETSP1167_clean.csv,0,0,0,0,0,0,0,0,0,0,0,0,0,0,0,0,1,0,0,1,0,0,1,0,0,0,0,0
kofamscan/ko_tables/sucrose/MMETSP1468_clean.csv,0,0,0,0,0,0,0,0,0,0,0,0,0,0,0,0,1,0,0,0,0,0,0,0,0,0,0,0
kofamscan/ko_tables/sucrose/MMETSP0806_clean.csv,0,0,0,0,0,0,0,0,0,1,0,0,0,0,0,0,1,0,0,0,0,1,1,0,0,0,0,0
kofamscan/ko_tables/sucrose/MMETSP0903_clean.csv,0,0,0,0,0,0,0,0,0,0,0,0,0,0,0,0,1,0,0,1,0,1,1,0,0,0,0,0
kofamscan/ko_tables/sucrose/MMETSP1391_clean.csv,0,0,0,0,0,0,0,0,0,1,0,0,0,0,0,0,1,0,0,1,0,1,1,0,0,0,0,0
kofamscan/ko_tables/sucrose/MMETSP1142_clean.csv,0,0,0,0,0,0,0,0,0,0,0,0,0,0,0,0,1,0,0,1,0,1,1,0,0,0,0,0
kofamscan/ko_tables/sucrose/MMETSP0369_clean.csv,0,0,0,0,0,0,0,0,0,0,0,0,0,0,0,0,1,0,0,1,0,0,1,0,0,0,0,0
kofamscan/ko_tables/sucrose/MMETSP0414_clean.csv,0,0,0,0,0,0,0,0,0,0,0,0,0,0,0,0,1,0,0,1,0,1,0,0,0,0,0,0
kofamscan/ko_tables/sucrose/MMETSP1138_clean.csv,0,0,0,0,0,0,0,0,0,0,0,0,0,0,0,0,1,0,0,1,0,1,1,0,0,0,0,0
kofamscan/ko_tables/sucrose/MMETSP0707_clean.csv,0,0,0,0,0,0,0,0,0,0,0,0,0,0,0,0,1,0,0,1,0,1,1,0,0,0,0,1
kofamscan/ko_tables/sucrose/MMETSP0314_clean.csv,0,0,0,0,0,0,0,0,0,0,0,0,0,0,0,0,0,0,0,1,0,1,1,0,0,0,0,0
kofamscan/ko_tables/sucrose/MMETSP1410_clean.csv,0,0,0,0,0,0,0,0,0,0,0,0,0,0,0,0,1,0,0,1,0,1,1,0,0,0,0,0
kofamscan/ko_tables/sucrose/MMETSP0152_clean.csv,0,0,0,0,0,0,0,0,0,0,0,0,0,0,0,0,1,0,0,1,0,1,1,0,0,0,0,0
kofamscan/ko_tables/sucrose/MMETSP0321_clean.csv,0,0,0,0,0,0,0,0,0,0,0,0,0,0,0,0,1,0,0,1,0,1,1,0,0,0,0,0
kofamscan/ko_tables/sucrose/MMETSP0201_clean.csv,0,0,0,0,0,0,0,0,0,0,0,0,0,0,0,0,1,0,0,1,0,0,1,0,0,0,0,0
kofamscan/ko_tables/sucrose/MMETSP0882_clean.csv,0,0,0,0,0,0,0,0,0,0,0,0,0,0,0,0,1,0,0,1,0,1,1,0,0,0,0,0
kofamscan/ko_tables/sucrose/MMETSP1456_clean.csv,0,0,0,0,0,0,0,0,0,1,0,0,0,0,0,0,0,0,0,1,0,1,0,0,0,0,0,0
kofamscan/ko_tables/sucrose/MMETSP0503_clean.csv,0,0,0,0,0,0,0,0,0,0,0,0,0,0,0,0,1,0,0,1,0,0,1,0,0,0,0,0
kofamscan/ko_tables/sucrose/MMETSP0158_clean.csv,0,0,0,0,0,0,0,0,0,0,0,0,0,0,0,0,1,0,0,1,0,0,1,0,0,0,0,0
kofamscan/ko_tables/sucrose/MMETSP0463_clean.csv,0,0,0,0,0,0,0,0,0,0,0,0,0,0,0,0,1,0,0,0,0,0,1,0,0,0,0,0
kofamscan/ko_tables/sucrose/MMETSP0804_clean.csv,0,0,0,0,0,0,1,0,0,1,0,0,0,1,0,0,0,0,0,1,0,1,1,0,1,0,0,0
kofamscan/ko_tables/sucrose/MMETSP1424_clean.csv,0,0,0,0,0,0,0,0,0,0,0,0,0,0,0,0,1,0,0,1,0,0,1,0,0,0,0,0
kofamscan/ko_tables/sucrose/MMETSP0325_clean.csv,0,0,0,0,0,0,0,0,0,0,0,0,0,0,0,0,1,0,0,1,0,0,1,0,0,0,0,0
kofamscan/ko_tables/sucrose/MMETSP1009_clean.csv,0,0,0,0,0,0,0,0,0,0,0,0,0,0,0,0,1,0,0,0,0,1,1,0,0,0,0,0
kofamscan/ko_tables/sucrose/MMETSP1094_clean.csv,0,0,0,0,0,0,0,0,0,0,0,0,0,0,0,0,1,0,0,1,0,1,1,0,0,0,0,0
kofamscan/ko_tables/sucrose/MMETSP0370_clean.csv,0,0,0,0,0,0,0,0,0,0,0,0,0,0,0,0,1,0,0,1,0,0,1,0,0,0,0,0
kofamscan/ko_tables/sucrose/MMETSP0405_clean.csv,0,0,0,0,0,0,0,0,0,0,0,0,0,0,0,0,0,0,0,1,0,1,1,0,0,0,0,0
kofamscan/ko_tables/sucrose/MMETSP0009_clean.csv,0,0,0,0,0,0,1,0,0,0,0,0,0,0,0,0,1,0,0,1,0,1,1,0,0,0,0,0
kofamscan/ko_tables/sucrose/MMETSP1034_clean.csv,0,0,0,0,0,0,0,0,0,0,0,0,0,0,0,0,1,0,0,1,0,0,1,0,0,0,0,1
kofamscan/ko_tables/sucrose/MMETSP0448_clean.csv,0,0,0,0,0,0,0,0,0,0,0,0,0,0,0,0,1,0,0,1,0,0,1,0,0,0,0,0
kofamscan/ko_tables/sucrose/MMETSP0982_clean.csv,0,0,0,0,0,0,0,0,0,0,0,0,0,0,0,0,1,0,0,1,0,1,1,0,0,0,0,0
kofamscan/ko_tables/sucrose/MMETSP0758_clean.csv,0,0,0,0,0,0,0,0,0,0,0,0,0,0,0,0,0,0,0,0,0,1,0,0,0,0,0,0
kofamscan/ko_tables/sucrose/MMETSP1084_clean.csv,0,0,0,0,0,0,0,0,0,1,0,0,0,0,0,0,1,0,0,0,0,1,0,0,0,0,0,1
kofamscan/ko_tables/sucrose/MMETSP1339_clean.csv,0,0,0,0,0,0,0,0,0,0,0,0,0,0,0,0,1,0,0,1,0,0,0,0,0,0,0,0
kofamscan/ko_tables/sucrose/MMETSP0164_clean.csv,0,0,0,0,0,0,0,0,0,0,0,0,0,0,0,0,1,0,0,1,0,1,1,0,0,0,0,0
kofamscan/ko_tables/sucrose/MMETSP0740_clean.csv,0,0,0,0,0,0,0,0,0,0,0,0,0,0,0,0,0,0,0,1,0,1,0,0,0,0,0,0
kofamscan/ko_tables/sucrose/MMETSP0268_clean.csv,0,0,0,0,0,0,0,0,0,0,0,0,0,0,0,0,1,0,0,1,0,0,1,0,0,0,0,0
kofamscan/ko_tables/sucrose/MMETSP1309_clean.csv,0,0,0,0,0,0,0,0,0,1,0,0,0,0,0,0,0,0,0,1,0,1,0,0,0,0,0,0
kofamscan/ko_tables/sucrose/MMETSP0287_clean.csv,0,0,0,0,0,0,0,0,0,0,0,0,0,0,0,0,1,0,0,1,0,1,1,0,0,0,0,0
kofamscan/ko_tables/sucrose/MMETSP0884_clean.csv,0,0,0,0,0,0,0,0,0,0,0,0,0,0,0,0,1,0,0,1,0,1,1,0,0,0,0,0
kofamscan/ko_tables/sucrose/MMETSP1163_clean.csv,0,0,0,0,0,0,0,0,0,0,0,0,0,0,0,0,1,0,0,0,0,0,1,0,0,0,0,0
kofamscan/ko_tables/sucrose/MMETSP0997_clean.csv,0,0,0,0,0,0,0,0,0,0,0,0,0,0,0,0,1,0,0,1,0,1,1,0,0,0,0,0
kofamscan/ko_tables/sucrose/MMETSP1136_clean.csv,0,0,0,0,0,0,0,0,0,0,0,0,0,0,0,0,1,0,0,1,0,1,1,0,0,0,0,0
kofamscan/ko_tables/sucrose/MMETSP0384_clean.csv,0,0,0,0,0,0,0,0,0,0,0,0,0,0,0,0,1,0,0,1,0,1,1,0,0,0,0,0
kofamscan/ko_tables/sucrose/MMETSP0989_clean.csv,0,0,0,0,0,0,0,0,0,0,0,0,0,0,0,0,1,0,0,1,0,1,0,0,0,0,0,0
kofamscan/ko_tables/sucrose/MMETSP0191_clean.csv,0,0,0,0,0,0,0,0,0,0,0,0,0,0,0,0,0,0,0,1,0,0,1,0,0,0,0,0
kofamscan/ko_tables/sucrose/MMETSP0043_clean.csv,0,0,0,0,0,0,0,0,0,0,0,0,0,0,0,0,1,0,0,1,0,1,1,0,0,0,0,0
kofamscan/ko_tables/sucrose/MMETSP1124_clean.csv,0,0,0,0,0,0,0,0,0,0,0,0,0,0,0,0,0,0,0,1,0,0,1,0,0,0,0,0
kofamscan/ko_tables/sucrose/MMETSP1311_clean.csv,0,0,0,0,0,0,0,0,0,0,0,0,0,0,0,0,0,0,0,0,0,0,0,0,0,0,0,0
kofamscan/ko_tables/sucrose/MMETSP0319_clean.csv,0,0,0,0,0,0,0,0,0,0,0,0,0,0,0,0,1,0,0,0,0,1,1,0,0,0,0,0
kofamscan/ko_tables/sucrose/MMETSP0045_clean.csv,0,0,0,0,0,0,0,0,0,0,0,0,0,0,0,0,1,0,0,0,0,1,1,0,0,0,0,1
kofamscan/ko_tables/sucrose/MMETSP1166_clean.csv,0,0,0,0,0,0,0,0,0,0,0,0,0,0,0,0,1,0,0,1,0,1,1,0,0,0,0,0
kofamscan/ko_tables/sucrose/MMETSP1440_clean.csv,0,0,0,0,0,0,0,0,0,0,0,0,0,0,0,0,0,0,0,1,0,0,1,0,0,0,0,0
kofamscan/ko_tables/sucrose/MMETSP1071_clean.csv,0,0,0,0,0,0,0,0,0,0,0,0,0,0,0,0,1,0,0,1,0,1,1,0,0,0,0,0
kofamscan/ko_tables/sucrose/MMETSP0850_clean.csv,0,0,0,0,0,0,0,0,0,0,0,0,0,0,0,0,1,0,0,1,0,1,0,0,0,0,0,0
kofamscan/ko_tables/sucrose/MMETSP0113_clean.csv,0,0,0,0,0,0,0,0,0,0,0,0,0,0,0,0,1,0,0,0,0,1,1,0,0,0,0,1
kofamscan/ko_tables/sucrose/MMETSP1180_clean.csv,0,0,0,0,0,0,0,0,0,0,0,0,0,0,0,0,1,0,0,1,0,1,1,0,0,0,0,0
kofamscan/ko_tables/sucrose/MMETSP0103_clean.csv,0,0,0,0,0,0,0,0,0,0,0,0,0,0,0,0,1,0,0,1,0,1,1,0,0,0,0,1
kofamscan/ko_tables/sucrose/MMETSP0126_clean.csv,0,0,0,0,0,0,0,0,0,0,0,0,0,0,0,0,1,0,0,0,0,0,1,0,0,0,0,0
kofamscan/ko_tables/sucrose/MMETSP1354_clean.csv,0,0,0,0,0,0,0,0,0,0,0,0,0,0,0,0,0,0,0,1,0,1,1,0,0,0,0,0
kofamscan/ko_tables/sucrose/MMETSP0468_clean.csv,0,0,0,0,0,0,0,0,0,0,0,0,0,0,0,0,1,0,0,1,0,0,1,0,0,0,0,0
kofamscan/ko_tables/sucrose/MMETSP0954_clean.csv,0,0,0,0,0,0,0,0,0,0,0,0,0,0,0,0,0,0,0,1,0,0,1,0,0,0,0,0
kofamscan/ko_tables/sucrose/MMETSP1054_clean.csv,0,0,0,0,0,0,0,0,0,0,0,0,0,0,0,0,1,0,0,0,0,1,1,0,0,0,0,1
kofamscan/ko_tables/sucrose/MMETSP0397_clean.csv,0,0,0,0,0,0,0,0,0,0,0,0,0,0,0,0,1,0,0,0,0,1,0,0,0,0,0,0
kofamscan/ko_tables/sucrose/MMETSP1122_clean.csv,0,0,0,0,0,0,0,0,0,0,0,0,0,0,0,0,1,0,0,1,0,0,1,0,0,0,0,0
kofamscan/ko_tables/sucrose/MMETSP1320_clean.csv,0,0,0,0,0,0,0,0,0,0,0,0,0,0,0,0,1,0,0,1,0,1,1,0,0,0,0,1
kofamscan/ko_tables/sucrose/MMETSP1081_clean.csv,0,0,0,0,0,0,0,0,0,1,0,0,0,0,0,0,1,0,0,1,0,1,0,0,0,0,0,1
kofamscan/ko_tables/sucrose/MMETSP0206_clean.csv,0,0,0,0,0,0,0,0,0,0,0,0,0,0,0,0,1,0,0,0,0,0,0,0,0,0,0,0
kofamscan/ko_tables/sucrose/MMETSP0039_clean.csv,0,0,0,0,0,0,0,0,0,0,0,0,0,0,0,0,1,0,0,1,0,1,1,0,0,0,0,0
kofamscan/ko_tables/sucrose/MMETSP0815_clean.csv,0,0,0,0,0,0,0,0,0,0,0,0,0,0,0,0,1,0,0,1,0,1,1,0,0,0,0,1
kofamscan/ko_tables/sucrose/MMETSP0040_clean.csv,0,0,0,0,0,0,0,0,0,0,0,0,0,0,0,0,1,0,0,0,0,0,1,0,0,0,0,0
kofamscan/ko_tables/sucrose/MMETSP0359_clean.csv,0,0,0,0,0,0,0,0,0,0,0,0,0,0,0,0,1,0,0,1,0,0,1,0,0,0,0,1
kofamscan/ko_tables/sucrose/MMETSP0784_clean.csv,0,0,0,0,0,0,0,0,0,0,0,0,0,0,0,0,1,0,0,1,0,1,1,0,0,0,0,1
kofamscan/ko_tables/sucrose/MMETSP0223_clean.csv,0,0,0,0,0,0,0,0,0,0,0,0,0,0,0,0,0,0,0,0,0,0,0,0,0,0,0,0
kofamscan/ko_tables/sucrose/MMETSP1386_clean.csv,0,0,0,0,0,0,0,0,0,1,0,0,0,0,0,0,1,0,0,0,0,1,0,0,0,0,0,1
kofamscan/ko_tables/sucrose/MMETSP0785_clean.csv,0,0,0,0,0,0,0,0,0,0,0,0,0,0,0,0,1,0,0,1,0,1,1,0,0,0,0,1
kofamscan/ko_tables/sucrose/MMETSP0892_clean.csv,0,0,0,0,0,0,0,0,0,0,0,0,0,0,0,0,1,0,0,0,0,0,0,0,0,0,0,0
kofamscan/ko_tables/sucrose/MMETSP1393_clean.csv,0,0,0,0,0,0,0,0,0,1,0,0,0,0,0,0,1,0,0,0,0,1,0,0,0,0,0,0
kofamscan/ko_tables/sucrose/MMETSP0945_clean.csv,0,0,0,0,0,0,0,0,0,0,0,0,0,0,0,0,1,0,0,1,0,0,0,0,0,0,0,0
kofamscan/ko_tables/sucrose/MMETSP1075_clean.csv,0,0,0,0,0,0,0,0,0,0,0,0,0,0,0,0,1,0,0,1,0,0,1,0,0,0,0,0
kofamscan/ko_tables/sucrose/MMETSP1131_clean.csv,0,0,0,0,0,0,0,0,0,0,0,0,0,0,0,0,0,0,0,1,0,0,0,0,0,0,0,0
kofamscan/ko_tables/sucrose/MMETSP0327_clean.csv,0,0,0,0,0,0,0,0,0,0,0,0,0,0,0,0,1,0,0,1,0,1,1,0,0,0,0,0
kofamscan/ko_tables/sucrose/MMETSP1325_clean.csv,0,0,0,0,0,0,0,0,0,0,0,0,0,0,0,0,1,0,0,1,0,0,1,0,0,0,0,0
kofamscan/ko_tables/sucrose/MMETSP1428_clean.csv,0,0,0,0,0,0,0,0,0,0,0,0,0,0,0,0,1,0,0,0,0,1,1,0,0,0,0,0
kofamscan/ko_tables/sucrose/MMETSP0225_clean.csv,0,0,0,0,0,0,0,0,0,0,0,0,0,0,0,0,0,0,0,0,0,0,0,0,0,0,0,0
kofamscan/ko_tables/sucrose/MMETSP0329_clean.csv,0,0,0,0,0,0,0,0,0,0,0,0,0,0,0,0,1,0,0,1,0,1,1,0,0,0,0,0
kofamscan/ko_tables/sucrose/MMETSP1162_clean.csv,0,0,0,0,0,0,0,0,0,0,0,0,0,0,0,0,1,0,0,1,0,1,1,0,0,0,0,0
kofamscan/ko_tables/sucrose/MMETSP0739_clean.csv,0,0,0,0,0,0,0,0,0,0,0,0,0,0,0,0,1,0,0,0,0,0,0,0,0,0,0,0
kofamscan/ko_tables/sucrose/MMETSP0416_clean.csv,0,0,0,0,0,0,0,0,0,0,0,0,0,0,0,0,1,0,0,1,0,1,0,0,0,0,0,0
kofamscan/ko_tables/sucrose/MMETSP1347_clean.csv,0,0,0,0,0,0,0,0,0,0,0,0,0,0,0,0,0,0,0,1,0,0,1,0,0,0,0,0
kofamscan/ko_tables/sucrose/MMETSP0205_clean.csv,0,0,0,0,0,0,0,0,0,0,0,0,0,0,0,0,1,0,0,0,0,0,0,0,0,0,0,0
kofamscan/ko_tables/sucrose/MMETSP1414_clean.csv,0,0,0,0,0,0,0,0,0,0,0,0,0,0,0,0,1,0,0,1,0,1,1,0,0,0,0,0
kofamscan/ko_tables/sucrose/MMETSP0888_clean.csv,0,0,0,0,0,0,0,0,0,0,0,0,0,0,0,0,1,0,0,1,0,0,1,0,0,0,0,0
kofamscan/ko_tables/sucrose/MMETSP0052_clean.csv,0,0,0,0,0,0,0,0,0,0,0,0,0,0,0,0,1,0,0,1,0,1,1,0,0,0,0,0
kofamscan/ko_tables/sucrose/MMETSP0018_clean.csv,0,0,0,0,0,0,0,0,0,0,0,0,0,0,0,0,0,0,0,0,0,0,0,0,0,0,0,0
kofamscan/ko_tables/sucrose/MMETSP0008_clean.csv,0,0,0,0,0,0,0,0,0,0,0,0,0,0,0,0,1,0,0,1,0,1,1,0,0,0,0,1
kofamscan/ko_tables/sucrose/MMETSP1346_clean.csv,0,0,0,0,0,0,0,0,0,0,0,0,0,0,0,0,1,0,0,1,0,0,1,0,0,0,0,0
kofamscan/ko_tables/sucrose/MMETSP0233_clean.csv,0,0,0,0,0,0,0,0,0,0,0,0,0,0,0,0,0,0,0,1,0,1,0,0,0,0,0,0
kofamscan/ko_tables/sucrose/MMETSP0118_clean.csv,0,0,0,0,0,0,0,0,0,0,0,0,0,0,0,0,1,0,0,1,0,0,1,0,0,0,0,0
kofamscan/ko_tables/sucrose/MMETSP1141_clean.csv,0,0,0,0,0,0,0,0,0,0,0,0,0,0,0,0,1,0,0,1,0,1,1,0,0,0,0,0
kofamscan/ko_tables/sucrose/MMETSP0208_clean.csv,0,0,0,0,0,0,0,0,0,0,0,0,0,0,0,0,0,0,0,0,0,0,1,0,0,0,0,0
kofamscan/ko_tables/sucrose/MMETSP0883_clean.csv,0,0,0,0,0,0,0,0,0,0,0,0,0,0,0,0,1,0,0,1,0,1,1,0,0,0,0,0
kofamscan/ko_tables/sucrose/MMETSP0918_clean.csv,0,0,0,0,0,0,0,0,0,0,0,0,0,0,0,0,1,0,0,1,0,0,0,0,0,0,0,0
kofamscan/ko_tables/sucrose/MMETSP1015_clean.csv,0,0,0,0,0,0,0,0,0,0,0,0,0,0,0,0,1,0,0,1,0,0,1,0,0,0,0,0
kofamscan/ko_tables/sucrose/MMETSP0147_clean.csv,0,0,0,0,0,0,0,0,0,0,0,0,0,0,0,0,1,0,0,1,0,1,1,0,0,0,0,0
kofamscan/ko_tables/sucrose/MMETSP0959_clean.csv,0,0,0,0,0,0,0,0,0,0,0,0,0,0,0,0,1,0,0,1,0,1,1,0,0,0,0,0
kofamscan/ko_tables/sucrose/MMETSP1067_clean.csv,0,0,0,0,0,0,0,0,0,0,0,0,0,0,0,0,1,0,0,1,0,1,1,0,0,0,0,0
kofamscan/ko_tables/sucrose/MMETSP1091_clean.csv,0,0,0,0,0,0,0,0,0,0,0,0,0,0,0,0,1,0,0,1,0,1,1,0,0,0,0,0
kofamscan/ko_tables/sucrose/MMETSP0013_clean.csv,0,0,0,0,0,0,0,0,0,0,0,0,0,0,0,0,1,0,0,1,0,1,1,0,0,0,0,0
kofamscan/ko_tables/sucrose/MMETSP1385_clean.csv,0,0,0,0,0,0,0,0,0,0,0,0,0,0,0,0,1,0,0,0,0,1,1,0,0,0,0,0
kofamscan/ko_tables/sucrose/MMETSP0253_clean.csv,0,0,0,0,0,0,0,0,0,0,0,0,0,0,0,0,1,0,0,1,0,0,1,0,0,0,0,0
kofamscan/ko_tables/sucrose/MMETSP1139_clean.csv,0,0,0,0,0,0,0,0,0,0,0,0,0,0,0,0,1,0,0,1,0,1,1,0,0,0,0,0
kofamscan/ko_tables/sucrose/MMETSP1348_clean.csv,0,0,0,0,0,0,0,0,0,0,0,0,0,0,0,0,1,0,0,1,0,0,1,0,0,0,0,0
kofamscan/ko_tables/sucrose/MMETSP0995_clean.csv,0,0,0,0,0,0,0,0,0,0,0,0,0,0,0,0,1,0,0,1,0,1,1,0,0,0,0,0
kofamscan/ko_tables/sucrose/MMETSP0420_clean.csv,0,0,0,0,0,0,0,0,0,0,0,0,0,0,0,0,0,0,0,0,0,1,1,0,0,0,0,0
kofamscan/ko_tables/sucrose/MMETSP0324_clean.csv,0,0,0,0,0,0,0,0,0,0,0,0,0,0,0,0,1,0,0,1,0,0,1,0,0,0,0,0
kofamscan/ko_tables/sucrose/MMETSP1318_clean.csv,0,0,0,0,0,0,0,0,0,0,0,0,0,0,0,0,1,0,0,0,0,1,1,0,0,0,0,0
kofamscan/ko_tables/sucrose/MMETSP1453_clean.csv,0,0,0,0,0,0,0,0,0,0,0,0,0,0,0,0,0,0,0,0,0,1,0,0,0,0,0,0
kofamscan/ko_tables/sucrose/MMETSP1037_clean.csv,0,0,0,0,0,0,0,0,0,0,0,0,0,0,0,0,1,0,0,1,0,0,1,0,0,0,0,1
kofamscan/ko_tables/sucrose/MMETSP1085_clean.csv,0,0,0,0,0,0,0,0,0,1,0,0,0,0,0,0,0,0,0,1,0,1,0,0,0,0,0,0
kofamscan/ko_tables/sucrose/MMETSP0119_clean.csv,0,0,0,0,0,0,0,0,0,0,0,0,0,0,0,0,1,0,0,1,0,0,1,0,0,0,0,0
kofamscan/ko_tables/sucrose/MMETSP1060_clean.csv,0,0,0,0,0,0,0,0,0,0,0,0,0,0,0,0,1,0,0,1,0,1,1,0,0,0,0,0
kofamscan/ko_tables/sucrose/MMETSP0447_clean.csv,0,0,0,0,0,0,0,0,0,0,0,0,0,1,0,0,0,0,0,1,0,1,1,0,0,0,0,1
kofamscan/ko_tables/sucrose/MMETSP0906_clean.csv,0,0,0,0,0,0,0,0,0,0,0,0,0,0,0,0,1,0,0,1,0,1,0,0,0,0,0,0
kofamscan/ko_tables/sucrose/MMETSP0937_clean.csv,0,0,0,0,0,0,0,0,0,1,0,0,0,0,0,0,1,0,0,0,0,1,0,1,0,0,0,1
kofamscan/ko_tables/sucrose/MMETSP0146_clean.csv,0,0,0,0,0,0,0,0,0,0,0,0,0,0,0,0,1,0,0,1,0,1,1,0,0,0,0,0
kofamscan/ko_tables/sucrose/MMETSP0367_clean.csv,0,0,0,0,0,0,0,0,0,0,0,0,0,0,0,0,1,0,0,1,0,0,1,0,0,0,0,0
kofamscan/ko_tables/sucrose/MMETSP0885_clean.csv,0,0,0,0,0,0,0,0,0,0,0,0,0,0,0,0,1,0,0,1,0,1,1,0,0,0,0,0
kofamscan/ko_tables/sucrose/MMETSP1358_clean.csv,0,0,0,0,0,0,0,0,0,0,0,0,0,0,0,0,1,0,0,0,0,1,1,0,0,0,0,1
kofamscan/ko_tables/sucrose/MMETSP0745_clean.csv,0,0,0,0,0,0,0,0,0,0,0,0,0,0,0,0,0,0,0,0,0,0,0,0,0,0,0,0
kofamscan/ko_tables/sucrose/MMETSP0975_clean.csv,0,0,0,0,0,0,0,0,0,0,0,0,0,0,0,0,1,0,0,1,0,1,1,0,0,0,0,0
kofamscan/ko_tables/sucrose/MMETSP0754_clean.csv,0,0,0,0,0,0,0,0,0,0,0,0,0,0,0,0,1,0,0,1,0,1,1,0,0,0,0,0
kofamscan/ko_tables/sucrose/MMETSP0224_clean.csv,0,0,0,0,0,0,0,0,0,0,0,0,0,0,0,0,1,0,0,1,0,0,1,0,0,0,0,0
kofamscan/ko_tables/sucrose/MMETSP0965_clean.csv,0,0,0,0,0,0,0,0,0,0,0,0,0,0,0,0,1,0,0,1,0,1,0,0,0,0,0,0
kofamscan/ko_tables/sucrose/MMETSP0186_clean.csv,0,0,0,0,0,0,0,0,0,0,0,0,0,0,0,0,0,0,0,0,0,0,0,0,0,0,0,0
kofamscan/ko_tables/sucrose/MMETSP1470_clean.csv,0,0,0,0,0,0,0,0,0,0,0,0,0,0,0,0,0,0,0,1,0,1,1,0,0,0,0,0
kofamscan/ko_tables/sucrose/MMETSP0913_clean.csv,0,0,0,0,0,0,0,0,0,0,0,0,0,0,0,0,1,0,0,0,0,0,0,0,0,0,0,0
kofamscan/ko_tables/sucrose/MMETSP0437_clean.csv,0,0,0,0,0,0,0,0,0,0,0,0,0,0,0,0,0,0,0,0,0,1,1,0,0,0,0,0
kofamscan/ko_tables/sucrose/MMETSP0102_clean.csv,0,0,0,0,0,0,0,0,0,0,0,0,0,0,0,0,0,0,0,1,0,1,1,0,0,0,0,0
kofamscan/ko_tables/sucrose/MMETSP1103_clean.csv,0,0,0,0,0,0,0,0,0,0,0,0,0,0,0,0,1,0,0,1,0,1,1,0,0,0,0,1
kofamscan/ko_tables/sucrose/MMETSP0689_clean.csv,0,0,0,0,0,0,0,0,0,0,0,0,0,0,0,0,1,0,0,1,0,0,1,0,0,0,0,0
kofamscan/ko_tables/sucrose/MMETSP0436_clean.csv,0,0,0,0,0,0,0,0,0,0,0,0,0,0,0,0,1,0,0,0,0,0,1,0,0,0,0,0
kofamscan/ko_tables/sucrose/MMETSP0055_clean.csv,0,0,0,0,0,0,0,0,0,0,0,0,0,0,0,0,1,0,0,1,0,0,1,0,0,0,0,0
kofamscan/ko_tables/sucrose/MMETSP1126_clean.csv,0,0,0,0,0,0,0,0,0,1,0,0,0,0,0,0,1,0,0,1,0,1,0,0,0,0,0,0
kofamscan/ko_tables/sucrose/MMETSP0992_clean.csv,0,0,0,0,0,0,0,0,0,0,0,0,0,0,0,0,1,0,0,1,0,1,1,0,0,0,0,0
kofamscan/ko_tables/sucrose/MMETSP0451_clean.csv,0,0,0,0,0,0,0,0,0,0,0,0,0,0,0,0,0,0,0,0,0,0,0,0,0,0,0,0
kofamscan/ko_tables/sucrose/MMETSP0996_clean.csv,0,0,0,0,0,0,0,0,0,0,0,0,0,0,0,0,1,0,0,1,0,1,1,0,0,0,0,0
kofamscan/ko_tables/sucrose/MMETSP1460_clean.csv,0,0,0,0,0,0,0,0,0,1,0,0,0,0,0,0,1,0,0,0,0,1,0,0,0,0,0,0
kofamscan/ko_tables/sucrose/MMETSP0853_clean.csv,0,0,0,0,0,0,0,0,0,0,0,0,0,0,0,0,1,0,0,1,0,0,0,0,0,0,0,0
kofamscan/ko_tables/sucrose/MMETSP0296_clean.csv,0,0,0,0,0,0,0,0,0,0,0,0,0,0,0,0,1,0,0,1,0,0,0,0,0,0,0,0
kofamscan/ko_tables/sucrose/MMETSP0977_clean.csv,0,0,0,0,0,0,0,0,0,0,0,0,0,0,0,0,1,0,0,1,0,1,1,0,0,0,0,0
kofamscan/ko_tables/sucrose/MMETSP0809_clean.csv,0,0,0,0,0,0,0,0,0,0,0,0,0,0,0,0,1,0,0,1,0,1,0,0,0,0,0,0
kofamscan/ko_tables/sucrose/MMETSP0851_clean.csv,0,0,0,0,0,0,0,0,0,0,0,0,0,0,0,0,1,0,0,1,0,1,0,0,0,0,0,0
kofamscan/ko_tables/sucrose/MMETSP1317_clean.csv,0,0,0,0,0,0,0,0,0,0,0,0,0,0,0,0,0,0,0,0,0,0,0,0,0,0,0,0
kofamscan/ko_tables/sucrose/MMETSP0034_clean.csv,0,0,0,0,0,0,0,0,0,1,0,0,0,0,0,0,1,0,0,1,0,1,1,0,0,0,0,0
kofamscan/ko_tables/sucrose/MMETSP1001_clean.csv,0,0,0,0,0,0,0,0,0,0,0,0,0,0,0,0,1,0,0,1,0,1,0,0,0,0,0,0
kofamscan/ko_tables/sucrose/MMETSP0649_clean.csv,0,0,0,0,0,0,0,0,0,0,0,0,0,0,0,0,1,0,0,1,0,0,1,0,0,0,0,0
kofamscan/ko_tables/sucrose/MMETSP0269_clean.csv,0,0,0,0,0,0,0,0,0,0,0,0,0,0,0,0,1,0,0,1,0,0,1,0,0,0,0,0
kofamscan/ko_tables/sucrose/MMETSP0168_clean.csv,0,0,0,0,0,0,0,0,0,0,0,0,0,0,0,0,0,0,0,1,0,1,1,0,0,0,0,0
kofamscan/ko_tables/sucrose/MMETSP1392_clean.csv,0,0,0,0,0,0,0,0,0,0,0,0,0,0,0,0,1,0,0,1,0,1,1,0,1,0,0,0
kofamscan/ko_tables/sucrose/MMETSP0361_clean.csv,0,0,0,0,0,0,0,0,0,0,0,0,0,0,0,0,1,0,0,1,0,0,1,0,0,0,0,1
kofamscan/ko_tables/sucrose/MMETSP1008_clean.csv,0,0,0,0,0,0,0,0,0,0,0,0,0,0,0,0,1,0,0,1,0,1,1,0,0,0,0,0
kofamscan/ko_tables/sucrose/MMETSP0494_clean.csv,0,0,0,0,0,0,0,0,0,0,0,0,0,0,0,0,1,0,0,0,0,0,0,0,0,0,0,0
kofamscan/ko_tables/sucrose/MMETSP0563_clean.csv,0,0,0,0,0,0,0,0,0,0,0,0,0,0,0,0,1,0,0,1,0,0,1,0,0,0,0,0
kofamscan/ko_tables/sucrose/MMETSP1344_clean.csv,0,0,0,0,0,0,0,0,0,0,0,0,0,0,0,0,1,0,0,1,0,1,1,0,0,0,0,1
kofamscan/ko_tables/sucrose/MMETSP0917_clean.csv,0,0,0,0,0,0,0,0,0,0,0,0,0,0,0,0,1,0,0,1,0,1,1,0,0,0,0,0
kofamscan/ko_tables/sucrose/MMETSP1017_clean.csv,0,0,0,0,0,0,0,0,0,0,0,0,0,0,0,0,1,0,0,1,0,0,1,0,0,0,0,0
kofamscan/ko_tables/sucrose/MMETSP0902_clean.csv,0,0,0,0,0,0,0,0,0,0,0,0,0,0,0,0,1,0,0,1,0,1,1,0,0,0,0,0
kofamscan/ko_tables/sucrose/MMETSP0933_clean.csv,0,0,0,0,0,0,0,0,0,1,0,0,0,0,0,0,1,0,0,0,0,1,0,1,0,0,0,0
kofamscan/ko_tables/sucrose/MMETSP0290_clean.csv,0,0,0,0,0,0,0,0,0,0,0,0,0,0,0,0,1,0,0,0,0,0,1,0,0,0,0,0
kofamscan/ko_tables/sucrose/MMETSP1475_clean.csv,0,0,0,0,0,0,0,0,0,0,0,0,0,0,0,0,0,0,0,1,0,0,1,0,0,0,0,0
kofamscan/ko_tables/sucrose/MMETSP0042_clean.csv,0,0,0,0,0,0,0,0,0,0,0,0,0,0,0,0,1,0,0,0,0,1,1,0,0,0,0,0
kofamscan/ko_tables/sucrose/MMETSP0604_clean.csv,0,0,0,0,0,0,0,0,0,0,0,0,0,0,0,0,1,0,0,1,0,1,1,0,0,0,0,0
kofamscan/ko_tables/sucrose/MMETSP0292_clean.csv,0,0,0,0,0,0,0,0,0,0,0,0,0,0,0,0,1,0,0,1,0,1,0,0,0,0,0,0
kofamscan/ko_tables/sucrose/MMETSP0017_clean.csv,0,0,0,0,0,0,0,0,0,0,0,0,0,0,0,0,1,0,0,1,0,0,1,0,0,0,0,0
kofamscan/ko_tables/sucrose/MMETSP0961_clean.csv,0,0,0,0,0,0,0,0,0,0,0,0,0,0,0,0,1,0,0,1,0,1,1,0,0,0,0,1
kofamscan/ko_tables/sucrose/MMETSP0213_clean.csv,0,0,0,0,0,0,0,0,0,0,0,0,0,0,0,0,1,0,0,0,0,1,0,0,0,0,0,0
kofamscan/ko_tables/sucrose/MMETSP0005_clean.csv,0,0,0,0,0,0,0,0,0,0,0,0,0,0,0,0,1,0,0,1,0,1,1,0,0,0,0,1
kofamscan/ko_tables/sucrose/MMETSP1082_clean.csv,0,0,0,0,0,0,0,0,0,1,0,0,0,0,0,0,1,0,0,0,0,1,0,0,0,0,0,1
kofamscan/ko_tables/sucrose/MMETSP1110_clean.csv,0,0,0,0,0,0,0,0,0,0,0,0,0,0,0,0,1,0,0,1,0,0,1,0,0,0,0,0
kofamscan/ko_tables/sucrose/MMETSP0154_clean.csv,0,0,0,0,0,0,0,0,0,0,0,0,0,0,0,0,1,0,0,1,0,1,1,0,0,0,0,0
kofamscan/ko_tables/sucrose/MMETSP0713_clean.csv,0,0,0,0,0,0,0,0,0,0,0,0,0,0,0,0,1,0,0,0,0,0,1,0,0,0,0,0
kofamscan/ko_tables/sucrose/MMETSP1036_clean.csv,0,0,0,0,0,0,0,0,0,0,0,0,0,0,0,0,1,0,0,1,0,0,1,0,0,0,0,1
kofamscan/ko_tables/sucrose/MMETSP1062_clean.csv,0,0,0,0,0,0,0,0,0,0,0,0,0,0,0,0,1,0,0,1,0,1,1,0,0,0,0,0
kofamscan/ko_tables/sucrose/MMETSP1467_clean.csv,0,0,0,0,0,0,0,0,0,0,0,0,0,0,0,0,1,0,0,1,0,0,1,0,0,0,0,0
kofamscan/ko_tables/sucrose/MMETSP1068_clean.csv,0,0,0,0,0,0,0,0,0,0,0,0,0,0,0,0,1,0,0,1,0,1,1,0,0,0,0,0
kofamscan/ko_tables/sucrose/MMETSP0890_clean.csv,0,0,0,0,0,0,0,0,0,0,0,0,0,0,0,0,1,0,0,0,0,0,1,0,0,0,0,0
kofamscan/ko_tables/sucrose/MMETSP1387_clean.csv,0,0,0,0,0,0,0,0,0,1,0,0,0,0,0,0,1,0,0,0,0,1,0,0,0,0,0,1
kofamscan/ko_tables/sucrose/MMETSP1355_clean.csv,0,0,0,0,0,0,0,0,0,0,0,0,0,0,0,0,1,0,0,1,0,1,1,0,0,0,0,0
kofamscan/ko_tables/sucrose/MMETSP1059_clean.csv,0,0,0,0,0,0,0,0,0,0,0,0,0,0,0,0,1,0,0,1,0,1,1,0,0,0,0,0
kofamscan/ko_tables/sucrose/MMETSP1438_clean.csv,0,0,0,0,0,0,0,0,0,1,0,0,0,0,0,0,1,0,0,1,0,1,0,0,0,0,0,0
kofamscan/ko_tables/sucrose/MMETSP1409_clean.csv,0,0,0,0,0,0,0,0,0,0,0,0,0,0,0,0,1,0,0,1,0,1,1,0,0,0,0,0
kofamscan/ko_tables/sucrose/MMETSP0786_clean.csv,0,1,0,0,0,0,0,0,0,0,0,0,0,0,0,0,1,0,0,1,0,0,1,0,0,0,0,0
kofamscan/ko_tables/sucrose/MMETSP0744_clean.csv,0,0,0,0,0,0,0,0,0,0,0,0,0,0,0,0,0,0,0,0,0,0,1,0,0,0,0,0
kofamscan/ko_tables/sucrose/MMETSP1132_clean.csv,0,0,0,0,0,0,0,0,0,0,0,0,0,0,0,0,1,0,0,1,0,1,1,0,0,0,0,0
kofamscan/ko_tables/sucrose/MMETSP1471_clean.csv,0,0,0,0,0,0,0,0,0,1,0,0,0,0,0,0,0,0,0,1,0,0,1,0,0,0,0,0
kofamscan/ko_tables/sucrose/MMETSP0493_clean.csv,0,0,0,0,0,0,0,0,0,0,0,0,0,0,0,0,1,0,0,0,0,0,0,0,0,0,0,0
kofamscan/ko_tables/sucrose/MMETSP0038_clean.csv,0,0,0,0,0,0,0,0,0,0,0,0,0,0,0,0,1,0,0,1,0,0,0,0,0,0,0,0
kofamscan/ko_tables/sucrose/MMETSP1086_clean.csv,0,0,0,0,0,0,0,0,0,0,0,0,0,0,0,0,0,0,0,1,0,0,0,0,0,0,0,0
kofamscan/ko_tables/sucrose/MMETSP1338_clean.csv,0,0,0,0,0,0,0,0,0,0,0,0,0,0,0,0,1,0,0,1,0,0,1,0,0,0,0,0
kofamscan/ko_tables/sucrose/MMETSP0819_clean.csv,0,0,0,0,0,0,0,0,0,1,0,0,0,0,0,0,1,0,0,1,0,1,1,0,0,0,0,0
kofamscan/ko_tables/sucrose/MMETSP1446_clean.csv,0,0,0,0,0,0,0,0,0,0,0,0,0,0,0,0,0,0,0,1,0,1,1,0,0,0,0,0
kofamscan/ko_tables/sucrose/MMETSP0947_clean.csv,0,0,0,0,0,0,0,0,0,0,0,0,0,0,0,0,1,0,0,1,0,1,1,0,0,0,0,0
kofamscan/ko_tables/sucrose/MMETSP0097_clean.csv,0,0,0,0,0,0,0,0,0,0,0,0,0,0,0,0,1,0,0,1,0,1,1,0,0,0,0,0
kofamscan/ko_tables/sucrose/MMETSP1444_clean.csv,0,0,0,0,0,0,0,0,0,0,0,0,0,0,0,0,1,0,0,1,0,1,1,0,0,0,0,0
kofamscan/ko_tables/sucrose/MMETSP1160_clean.csv,0,0,0,0,0,0,0,0,0,0,0,0,0,0,0,0,1,0,0,1,0,1,0,0,0,0,0,0
kofamscan/ko_tables/sucrose/MMETSP0929_clean.csv,0,0,0,0,0,0,0,0,0,1,0,0,0,0,0,0,1,0,0,0,0,1,0,1,0,0,0,0
kofamscan/ko_tables/sucrose/MMETSP0270_clean.csv,0,0,0,0,0,0,0,0,0,0,0,0,0,0,0,0,1,0,0,1,0,0,1,0,0,0,0,0
kofamscan/ko_tables/sucrose/MMETSP0964_clean.csv,0,0,0,0,0,0,0,0,0,0,0,0,0,0,0,0,1,0,0,1,0,1,0,0,0,0,0,0
kofamscan/ko_tables/sucrose/MMETSP1449_clean.csv,0,0,0,0,0,0,0,0,0,0,0,0,0,0,0,0,1,0,0,1,0,0,1,0,0,0,0,0
kofamscan/ko_tables/sucrose/MMETSP1039_clean.csv,0,0,0,0,0,0,0,0,0,0,0,0,0,0,0,0,1,0,0,1,0,1,0,0,0,0,0,0
kofamscan/ko_tables/sucrose/MMETSP0799_clean.csv,0,0,0,0,0,0,0,0,0,0,0,0,0,0,0,0,1,0,0,1,0,1,0,0,0,0,0,0
kofamscan/ko_tables/sucrose/MMETSP1322_clean.csv,0,0,0,0,0,0,0,0,0,0,0,0,0,0,0,0,1,0,0,0,0,1,1,0,0,0,0,0
kofamscan/ko_tables/sucrose/MMETSP0176_clean.csv,0,0,0,0,0,0,0,0,0,0,0,0,0,0,0,0,1,0,0,1,0,1,0,0,0,0,0,0
kofamscan/ko_tables/sucrose/MMETSP0800_clean.csv,0,0,0,0,0,0,0,0,0,0,0,0,0,0,0,0,1,0,0,1,0,1,0,0,0,0,0,0
kofamscan/ko_tables/sucrose/MMETSP0986_clean.csv,0,0,0,0,0,0,0,0,0,0,0,0,0,0,0,0,1,0,0,1,0,1,0,0,0,0,0,0
kofamscan/ko_tables/sucrose/MMETSP0470_clean.csv,0,0,0,0,0,0,0,0,0,0,0,0,0,0,0,0,1,0,0,1,0,0,1,0,0,0,0,0
kofamscan/ko_tables/sucrose/MMETSP0984_clean.csv,0,0,0,0,0,0,0,0,0,0,0,0,0,0,0,0,1,0,0,1,0,1,1,0,0,0,0,0
kofamscan/ko_tables/sucrose/MMETSP0880_clean.csv,0,0,0,0,0,0,0,0,0,0,0,0,0,0,0,0,1,0,0,1,0,1,1,0,0,0,0,0
kofamscan/ko_tables/sucrose/MMETSP0932_clean.csv,0,0,0,0,0,0,0,0,0,1,0,0,0,0,0,0,1,0,0,0,0,1,0,1,1,0,0,0
kofamscan/ko_tables/sucrose/MMETSP0794_clean.csv,0,0,0,0,0,0,0,0,0,0,0,0,0,0,0,0,1,0,0,1,0,0,1,0,0,0,0,0
kofamscan/ko_tables/sucrose/MMETSP0059_clean.csv,0,0,0,0,0,0,0,0,0,1,0,0,0,0,0,0,1,0,0,1,0,1,1,0,0,0,0,1
kofamscan/ko_tables/sucrose/MMETSP1114_clean.csv,0,0,0,0,0,0,0,0,0,0,0,0,0,0,0,0,1,0,0,1,0,1,1,0,0,0,0,0
kofamscan/ko_tables/sucrose/MMETSP1472_clean.csv,0,0,0,0,0,0,0,0,0,0,0,0,0,0,0,0,0,0,0,0,0,0,1,0,0,0,0,0
kofamscan/ko_tables/sucrose/MMETSP1154_clean.csv,0,0,0,0,0,0,0,0,0,0,0,0,0,0,0,0,1,0,0,1,0,1,1,0,0,0,0,0
kofamscan/ko_tables/sucrose/MMETSP1159_clean.csv,0,0,0,0,0,0,0,0,0,0,0,0,0,0,0,0,1,0,0,1,0,0,0,0,0,0,0,0
kofamscan/ko_tables/sucrose/MMETSP1005_clean.csv,0,0,0,0,0,0,0,0,0,0,0,0,0,0,0,0,0,0,0,1,0,0,0,0,0,0,0,0
kofamscan/ko_tables/sucrose/MMETSP1336_clean.csv,0,0,0,0,0,0,0,0,0,0,0,0,0,0,0,0,1,0,0,1,0,1,1,0,0,0,0,0
kofamscan/ko_tables/sucrose/MMETSP0104_clean.csv,0,0,0,0,0,0,0,0,0,0,0,0,0,0,0,0,1,0,0,1,0,1,1,0,0,0,0,0
kofamscan/ko_tables/sucrose/MMETSP1436_clean.csv,0,0,0,0,0,0,0,0,0,0,0,0,0,0,0,0,0,0,0,1,0,0,1,0,0,0,0,0
kofamscan/ko_tables/sucrose/MMETSP1090_clean.csv,0,0,0,0,0,0,0,0,0,0,0,0,0,0,0,0,1,0,0,1,0,1,1,0,0,0,0,0
kofamscan/ko_tables/sucrose/MMETSP0198_clean.csv,0,0,0,0,0,0,0,0,0,0,0,0,0,0,0,0,1,0,0,1,0,1,1,0,0,0,0,0
kofamscan/ko_tables/sucrose/MMETSP0210_clean.csv,0,0,0,0,0,0,0,0,0,0,0,0,0,0,0,0,0,0,0,0,0,0,0,0,0,0,0,0
kofamscan/ko_tables/sucrose/MMETSP1150_clean.csv,0,0,0,0,0,0,0,0,0,0,0,0,0,0,0,0,1,0,0,1,0,1,1,0,0,0,0,0
kofamscan/ko_tables/sucrose/MMETSP1312_clean.csv,0,0,0,0,0,0,0,0,0,1,0,0,0,0,0,0,0,0,0,0,0,1,0,0,0,0,0,0
kofamscan/ko_tables/sucrose/MMETSP0112_clean.csv,0,0,0,0,0,0,0,0,0,0,0,0,0,0,0,0,1,0,0,0,0,0,1,0,0,0,0,0
kofamscan/ko_tables/sucrose/MMETSP0360_clean.csv,0,0,0,0,0,0,0,0,0,0,0,0,0,0,0,0,1,0,0,1,0,0,1,0,0,0,0,0
kofamscan/ko_tables/sucrose/MMETSP0419_clean.csv,0,0,0,0,0,0,1,0,0,0,0,0,0,1,0,0,1,0,0,1,0,1,1,0,1,0,0,0
kofamscan/ko_tables/sucrose/MMETSP0099_clean.csv,0,0,0,0,0,0,0,0,0,0,0,0,0,0,0,0,1,0,0,1,0,1,0,0,0,0,0,0
kofamscan/ko_tables/sucrose/MMETSP0960_clean.csv,0,0,0,0,0,0,0,0,0,0,0,0,0,0,0,0,1,0,0,1,0,1,1,0,0,0,0,0
kofamscan/ko_tables/sucrose/MMETSP1442_clean.csv,0,0,0,0,0,0,0,0,0,0,0,0,0,0,0,0,0,0,0,0,0,0,1,0,0,0,0,0
kofamscan/ko_tables/sucrose/MMETSP0173_clean.csv,0,0,0,0,0,0,0,0,0,0,0,0,0,0,0,0,0,0,0,1,0,1,1,0,0,0,0,0
kofamscan/ko_tables/sucrose/MMETSP1450_clean.csv,0,0,0,0,0,0,0,0,0,0,0,0,0,0,0,0,0,0,0,1,0,0,1,0,0,0,0,0
kofamscan/ko_tables/sucrose/MMETSP0322_clean.csv,0,0,0,0,0,0,0,0,0,0,0,0,0,0,0,0,1,0,0,1,0,1,1,0,0,0,0,0
kofamscan/ko_tables/sucrose/MMETSP0578_clean.csv,0,0,0,0,0,0,0,0,0,0,0,0,0,0,0,0,1,0,0,1,0,0,1,0,0,0,0,0
kofamscan/ko_tables/sucrose/MMETSP0810_clean.csv,0,0,0,0,0,0,0,0,0,0,0,0,0,0,0,0,1,0,0,1,0,1,0,0,0,0,0,0
kofamscan/ko_tables/sucrose/MMETSP0372_clean.csv,0,0,0,0,0,0,0,0,0,0,0,0,0,0,0,0,1,0,0,0,0,0,1,0,0,0,0,0
kofamscan/ko_tables/sucrose/MMETSP1061_clean.csv,0,0,0,0,0,0,0,0,0,0,0,0,0,0,0,0,1,0,0,1,0,0,1,0,0,0,0,0
kofamscan/ko_tables/sucrose/MMETSP1130_clean.csv,0,0,0,0,0,0,0,0,0,0,0,0,0,0,0,0,0,0,0,1,0,0,0,0,0,0,0,0
kofamscan/ko_tables/sucrose/MMETSP0063_clean.csv,0,0,0,0,0,1,1,0,0,0,0,0,0,0,0,0,1,0,0,1,0,1,1,0,1,0,0,0
kofamscan/ko_tables/sucrose/MMETSP1466_clean.csv,0,0,0,0,0,0,0,0,0,0,0,0,0,0,0,0,1,0,0,1,0,0,0,0,0,0,0,0
kofamscan/ko_tables/sucrose/MMETSP0323_clean.csv,0,0,0,0,0,0,0,0,0,0,0,0,0,0,0,0,0,0,0,1,0,0,0,0,0,0,0,0
kofamscan/ko_tables/sucrose/MMETSP1050_clean.csv,0,0,0,0,0,0,0,0,0,0,0,0,0,0,0,0,1,0,0,1,0,0,1,0,0,0,0,0
kofamscan/ko_tables/sucrose/MMETSP1101_clean.csv,0,0,0,0,0,0,0,0,0,0,0,0,0,0,0,0,1,0,0,1,0,1,1,0,0,0,0,0
kofamscan/ko_tables/sucrose/MMETSP0312_clean.csv,0,0,0,0,0,0,0,0,0,0,0,0,0,0,0,0,0,0,0,1,0,1,1,0,0,0,0,0
kofamscan/ko_tables/sucrose/MMETSP0889_clean.csv,0,0,0,0,0,0,0,0,0,0,0,0,0,0,0,0,1,0,0,1,0,1,1,0,0,0,0,0
kofamscan/ko_tables/sucrose/MMETSP0007_clean.csv,0,0,0,0,0,0,0,0,0,0,0,0,0,0,0,0,1,0,0,1,0,0,1,0,0,0,0,0
kofamscan/ko_tables/sucrose/MMETSP0271_clean.csv,0,0,0,0,0,0,0,0,0,0,0,0,0,0,0,0,1,0,0,1,0,0,1,0,0,0,0,1
kofamscan/ko_tables/sucrose/MMETSP1052_clean.csv,0,0,0,0,0,0,0,0,0,0,0,0,0,0,0,0,1,0,0,0,0,1,1,0,0,0,0,1
kofamscan/ko_tables/sucrose/MMETSP0737_clean.csv,0,0,0,0,0,0,0,0,0,0,0,0,0,0,0,0,1,0,0,1,0,1,1,0,0,0,0,0
kofamscan/ko_tables/sucrose/MMETSP0286_clean.csv,0,0,0,0,0,0,0,0,0,0,0,0,0,0,0,0,1,0,0,1,0,0,1,0,0,0,0,0
kofamscan/ko_tables/sucrose/MMETSP1125_clean.csv,0,0,0,0,0,0,0,0,0,0,0,0,0,0,0,0,1,0,0,1,0,0,1,0,0,0,0,0
kofamscan/ko_tables/sucrose/MMETSP0894_clean.csv,0,0,0,0,0,0,0,0,0,0,0,0,0,0,0,0,1,0,0,1,0,0,0,0,0,0,0,0
kofamscan/ko_tables/sucrose/MMETSP0699_clean.csv,0,0,0,0,0,0,0,0,0,0,0,0,0,0,0,0,1,0,0,1,0,1,1,0,0,0,0,0
kofamscan/ko_tables/sucrose/MMETSP0058_clean.csv,0,0,0,0,0,0,0,0,0,1,0,0,0,0,0,0,1,0,0,1,0,1,1,0,0,0,0,1
kofamscan/ko_tables/sucrose/MMETSP0696_clean.csv,0,0,0,0,0,0,0,0,0,0,0,0,0,0,0,0,1,0,0,1,0,1,1,0,0,0,0,0
kofamscan/ko_tables/sucrose/MMETSP1019_clean.csv,0,0,0,0,0,0,0,0,0,0,0,0,0,0,0,0,0,0,0,0,0,0,0,0,0,0,0,0
kofamscan/ko_tables/sucrose/MMETSP0093_clean.csv,0,0,0,0,0,0,0,0,0,0,0,0,0,0,0,0,1,0,0,1,0,1,1,0,0,0,0,0
kofamscan/ko_tables/sucrose/MMETSP1433_clean.csv,0,0,0,0,0,0,0,0,0,0,0,0,0,0,0,0,1,0,0,1,0,1,1,0,0,0,0,0
kofamscan/ko_tables/sucrose/MMETSP0736_clean.csv,0,0,0,0,0,0,0,0,0,0,0,0,0,0,0,0,1,0,0,1,0,0,1,0,0,0,0,0
kofamscan/ko_tables/sucrose/MMETSP0418_clean.csv,0,0,0,0,0,0,0,0,0,0,0,0,0,0,0,0,1,0,0,0,0,0,1,0,0,0,0,0
