,K00613,K18966,K18592,K15372,K15551,K01442,K03119,K10712,K10831,K15552,K23235,K01594,K00659,K01580,K03851,K00681
kofamscan/ko_tables/taurine/MMETSP1380_clean.csv,0,0,0,0,0,0,0,0,0,0,0,0,0,0,0,0
kofamscan/ko_tables/taurine/MMETSP0409_clean.csv,0,0,0,0,0,0,0,0,0,0,0,0,0,0,0,0
kofamscan/ko_tables/taurine/MMETSP0320_clean.csv,0,0,0,0,0,0,0,0,0,0,0,0,0,0,0,0
kofamscan/ko_tables/taurine/MMETSP1374_clean.csv,1,0,0,0,0,0,0,0,0,0,0,0,0,0,0,1
kofamscan/ko_tables/taurine/MMETSP0907_clean.csv,0,0,0,0,0,0,0,0,0,0,0,0,0,0,0,0
kofamscan/ko_tables/taurine/MMETSP1407_clean.csv,0,0,0,0,0,0,0,0,0,0,0,0,0,0,0,0
kofamscan/ko_tables/taurine/MMETSP0816_clean.csv,0,0,0,0,0,0,0,0,0,0,0,0,0,1,0,0
kofamscan/ko_tables/taurine/MMETSP0661_clean.csv,1,0,0,0,0,0,0,0,0,0,0,0,0,0,0,0
kofamscan/ko_tables/taurine/MMETSP1165_clean.csv,0,0,0,1,0,0,0,0,0,0,0,0,0,0,0,0
kofamscan/ko_tables/taurine/MMETSP1411_clean.csv,0,0,0,0,0,0,0,0,0,0,0,0,0,0,0,0
kofamscan/ko_tables/taurine/MMETSP0759_clean.csv,0,0,1,0,0,0,0,0,0,0,0,0,0,0,0,0
kofamscan/ko_tables/taurine/MMETSP1319_clean.csv,0,0,0,0,0,0,0,0,0,0,0,0,0,0,0,0
kofamscan/ko_tables/taurine/MMETSP0117_clean.csv,1,0,0,0,0,0,0,0,0,0,0,0,0,0,0,1
kofamscan/ko_tables/taurine/MMETSP0887_clean.csv,0,0,0,0,0,0,0,0,0,0,0,0,0,0,0,0
kofamscan/ko_tables/taurine/MMETSP1174_clean.csv,1,0,0,0,0,0,0,0,0,0,0,0,0,1,0,0
kofamscan/ko_tables/taurine/MMETSP0898_clean.csv,0,0,0,0,0,0,0,0,0,0,0,0,0,0,0,0
kofamscan/ko_tables/taurine/MMETSP0088_clean.csv,0,0,0,0,0,0,0,0,0,0,0,0,0,0,0,0
kofamscan/ko_tables/taurine/MMETSP1395_clean.csv,0,0,0,0,0,0,0,0,0,0,0,0,0,0,0,0
kofamscan/ko_tables/taurine/MMETSP0398_clean.csv,0,0,0,0,0,0,0,0,0,0,0,0,0,0,0,0
kofamscan/ko_tables/taurine/MMETSP0922_clean.csv,0,0,0,0,0,0,0,0,0,0,0,0,0,0,0,0
kofamscan/ko_tables/taurine/MMETSP0780_clean.csv,0,0,0,0,0,0,0,0,0,0,0,0,0,1,0,0
kofamscan/ko_tables/taurine/MMETSP0227_clean.csv,1,0,0,1,0,0,0,0,0,0,0,0,0,0,0,0
kofamscan/ko_tables/taurine/MMETSP0141_clean.csv,0,0,0,0,0,0,0,0,0,0,0,0,0,0,0,1
kofamscan/ko_tables/taurine/MMETSP1007_clean.csv,0,0,0,0,0,0,0,0,0,0,0,0,0,0,0,0
kofamscan/ko_tables/taurine/MMETSP0852_clean.csv,0,0,0,0,0,0,0,0,0,0,0,0,0,0,0,1
kofamscan/ko_tables/taurine/MMETSP0812_clean.csv,1,0,1,0,0,0,0,0,0,0,0,0,0,0,0,1
kofamscan/ko_tables/taurine/MMETSP0105_clean.csv,0,0,0,1,0,0,0,0,0,0,0,0,0,1,0,0
kofamscan/ko_tables/taurine/MMETSP1384_clean.csv,0,0,0,1,0,0,0,0,0,0,0,0,0,0,0,0
kofamscan/ko_tables/taurine/MMETSP1063_clean.csv,0,0,0,0,0,0,0,0,0,0,0,0,0,0,1,0
kofamscan/ko_tables/taurine/MMETSP0467_clean.csv,1,0,0,1,0,0,0,0,0,0,0,0,0,0,0,0
kofamscan/ko_tables/taurine/MMETSP0086_clean.csv,0,0,0,0,0,0,0,0,0,0,0,0,0,0,0,0
kofamscan/ko_tables/taurine/MMETSP1366_clean.csv,0,0,0,0,0,0,0,0,0,0,0,0,0,0,0,1
kofamscan/ko_tables/taurine/MMETSP1439_clean.csv,0,0,0,0,0,0,0,0,0,0,0,0,0,0,0,0
kofamscan/ko_tables/taurine/MMETSP0693_clean.csv,0,0,0,0,0,0,0,0,0,0,0,0,0,0,0,0
kofamscan/ko_tables/taurine/MMETSP1032_clean.csv,0,0,0,1,0,0,0,0,0,0,1,0,0,0,0,1
kofamscan/ko_tables/taurine/MMETSP1399_clean.csv,0,0,0,0,0,0,0,0,0,0,0,0,0,1,0,0
kofamscan/ko_tables/taurine/MMETSP0100_clean.csv,0,0,0,0,0,0,0,0,0,0,0,0,0,1,0,0
kofamscan/ko_tables/taurine/MMETSP0328_clean.csv,0,0,0,0,0,0,0,0,0,0,0,0,0,0,0,0
kofamscan/ko_tables/taurine/MMETSP1042_clean.csv,1,0,0,0,0,0,0,0,0,0,0,0,0,0,0,0
kofamscan/ko_tables/taurine/MMETSP1171_clean.csv,0,0,0,0,0,0,0,0,0,0,0,0,0,0,0,0
kofamscan/ko_tables/taurine/MMETSP0209_clean.csv,0,0,0,1,0,0,0,0,0,0,0,0,0,0,0,0
kofamscan/ko_tables/taurine/MMETSP0252_clean.csv,0,0,0,0,0,0,0,0,0,0,0,0,0,0,0,0
kofamscan/ko_tables/taurine/MMETSP0471_clean.csv,1,0,0,1,0,0,1,0,0,0,0,0,0,1,0,0
kofamscan/ko_tables/taurine/MMETSP0955_clean.csv,0,0,0,0,0,0,1,0,0,0,0,0,0,0,0,0
kofamscan/ko_tables/taurine/MMETSP0199_clean.csv,0,0,0,0,0,0,0,0,0,0,0,0,0,0,0,1
kofamscan/ko_tables/taurine/MMETSP1057_clean.csv,0,0,0,0,0,0,0,0,0,0,0,0,0,0,0,1
kofamscan/ko_tables/taurine/MMETSP0434_clean.csv,0,0,0,0,0,0,0,0,0,0,0,0,0,0,0,0
kofamscan/ko_tables/taurine/MMETSP1097_clean.csv,0,0,0,0,0,0,0,0,0,0,0,0,0,0,0,0
kofamscan/ko_tables/taurine/MMETSP0115_clean.csv,1,0,0,0,0,0,0,0,0,0,0,0,0,0,0,0
kofamscan/ko_tables/taurine/MMETSP0593_clean.csv,0,0,0,0,0,0,0,0,0,0,0,0,0,0,0,0
kofamscan/ko_tables/taurine/MMETSP0798_clean.csv,0,0,0,0,0,0,0,0,0,0,0,0,0,0,0,0
kofamscan/ko_tables/taurine/MMETSP0318_clean.csv,0,0,0,0,0,0,0,0,0,0,0,0,0,0,0,0
kofamscan/ko_tables/taurine/MMETSP0527_clean.csv,1,0,0,1,0,0,0,0,0,0,0,0,0,0,0,0
kofamscan/ko_tables/taurine/MMETSP1357_clean.csv,1,0,0,0,0,0,0,0,0,0,0,0,0,0,0,0
kofamscan/ko_tables/taurine/MMETSP1058_clean.csv,0,0,0,0,0,0,0,0,0,0,0,0,0,0,0,1
kofamscan/ko_tables/taurine/MMETSP0095_clean.csv,1,0,0,0,0,0,0,0,0,0,1,0,0,0,0,1
kofamscan/ko_tables/taurine/MMETSP0950_clean.csv,0,0,0,0,0,0,0,0,0,0,0,0,0,0,0,1
kofamscan/ko_tables/taurine/MMETSP1321_clean.csv,0,0,0,0,0,0,0,0,0,0,0,0,0,0,0,0
kofamscan/ko_tables/taurine/MMETSP0211_clean.csv,0,0,0,0,0,0,0,0,0,0,0,0,0,0,0,0
kofamscan/ko_tables/taurine/MMETSP1326_clean.csv,0,0,0,0,0,0,0,0,0,0,0,0,0,0,0,1
kofamscan/ko_tables/taurine/MMETSP1002_clean.csv,0,0,0,0,0,0,0,0,0,0,0,0,0,0,0,0
kofamscan/ko_tables/taurine/MMETSP0818_clean.csv,1,0,0,0,0,0,0,0,0,0,0,0,0,1,0,0
kofamscan/ko_tables/taurine/MMETSP0718_clean.csv,0,0,0,0,0,0,0,0,0,0,0,0,0,0,0,0
kofamscan/ko_tables/taurine/MMETSP0415_clean.csv,0,0,0,0,0,0,0,0,0,0,0,0,0,0,0,0
kofamscan/ko_tables/taurine/MMETSP0976_clean.csv,0,0,0,0,0,0,0,0,0,0,0,0,0,0,0,1
kofamscan/ko_tables/taurine/MMETSP0751_clean.csv,0,0,0,0,0,0,0,0,0,0,0,0,0,0,0,0
kofamscan/ko_tables/taurine/MMETSP1371_clean.csv,1,0,0,0,0,0,0,0,0,0,1,0,0,0,0,0
kofamscan/ko_tables/taurine/MMETSP1422_clean.csv,0,0,0,0,0,0,0,0,0,0,0,0,0,0,0,0
kofamscan/ko_tables/taurine/MMETSP1419_clean.csv,0,0,0,0,0,0,0,0,0,0,0,0,0,0,0,0
kofamscan/ko_tables/taurine/MMETSP1421_clean.csv,0,0,0,0,0,0,0,0,0,0,0,0,0,0,0,0
kofamscan/ko_tables/taurine/MMETSP1396_clean.csv,0,0,0,0,0,0,0,0,0,0,0,0,0,0,0,0
kofamscan/ko_tables/taurine/MMETSP0404_clean.csv,0,0,0,0,0,0,0,0,0,0,0,0,0,0,0,1
kofamscan/ko_tables/taurine/MMETSP0041_clean.csv,0,0,0,0,0,0,1,0,0,0,0,0,0,0,0,1
kofamscan/ko_tables/taurine/MMETSP1425_clean.csv,1,0,0,1,0,0,1,0,0,0,0,0,0,1,0,0
kofamscan/ko_tables/taurine/MMETSP0308_clean.csv,0,0,1,0,0,0,0,0,0,0,0,0,0,1,0,1
kofamscan/ko_tables/taurine/MMETSP0910_clean.csv,0,0,0,0,0,0,0,0,0,0,0,0,0,0,0,1
kofamscan/ko_tables/taurine/MMETSP1432_clean.csv,0,0,0,0,0,0,0,0,0,0,0,0,0,0,0,0
kofamscan/ko_tables/taurine/MMETSP0259_clean.csv,1,0,0,0,0,0,0,0,0,0,0,0,0,0,0,1
kofamscan/ko_tables/taurine/MMETSP1176_clean.csv,0,0,0,0,0,0,0,0,0,0,0,0,0,0,0,0
kofamscan/ko_tables/taurine/MMETSP1465_clean.csv,0,0,0,0,0,0,0,0,0,0,0,0,0,1,0,0
kofamscan/ko_tables/taurine/MMETSP1104_clean.csv,0,0,0,0,0,0,0,0,0,0,0,0,0,0,0,1
kofamscan/ko_tables/taurine/MMETSP0004_clean.csv,1,0,0,0,0,0,0,0,0,0,0,0,0,0,0,0
kofamscan/ko_tables/taurine/MMETSP1172_clean.csv,0,0,0,0,0,0,0,0,0,0,0,0,0,1,0,1
kofamscan/ko_tables/taurine/MMETSP1055_clean.csv,0,0,0,0,0,0,1,0,0,0,0,0,0,0,0,1
kofamscan/ko_tables/taurine/MMETSP1403_clean.csv,0,0,0,0,0,0,0,0,0,0,0,0,0,1,0,0
kofamscan/ko_tables/taurine/MMETSP0574_clean.csv,1,0,0,1,0,0,0,0,0,0,0,0,0,0,0,1
kofamscan/ko_tables/taurine/MMETSP0202_clean.csv,1,0,0,1,0,0,0,0,0,0,0,0,0,0,0,0
kofamscan/ko_tables/taurine/MMETSP0796_clean.csv,0,0,0,0,0,0,0,0,0,0,1,0,0,1,0,0
kofamscan/ko_tables/taurine/MMETSP0797_clean.csv,0,0,0,0,0,0,0,0,0,0,1,0,0,0,0,0
kofamscan/ko_tables/taurine/MMETSP1127_clean.csv,0,0,0,0,0,0,0,0,0,0,0,0,0,0,0,0
kofamscan/ko_tables/taurine/MMETSP1413_clean.csv,0,0,0,0,0,0,0,0,0,0,0,0,0,0,0,0
kofamscan/ko_tables/taurine/MMETSP0991_clean.csv,0,0,0,0,0,0,0,0,0,0,0,0,0,0,0,1
kofamscan/ko_tables/taurine/MMETSP1474_clean.csv,0,0,0,0,0,0,0,0,0,0,0,0,0,0,0,1
kofamscan/ko_tables/taurine/MMETSP1406_clean.csv,0,0,0,0,0,0,0,0,0,0,0,0,0,0,0,0
kofamscan/ko_tables/taurine/MMETSP1123_clean.csv,0,0,0,0,0,0,0,0,0,0,0,0,0,0,0,0
kofamscan/ko_tables/taurine/MMETSP0930_clean.csv,0,0,0,0,0,0,0,0,0,0,0,0,0,1,0,0
kofamscan/ko_tables/taurine/MMETSP0573_clean.csv,1,0,0,1,0,0,0,0,0,0,0,0,0,0,0,0
kofamscan/ko_tables/taurine/MMETSP1013_clean.csv,0,0,0,0,0,0,0,0,0,0,0,0,0,0,1,0
kofamscan/ko_tables/taurine/MMETSP1080_clean.csv,0,0,1,0,0,0,0,0,0,0,0,0,0,1,0,1
kofamscan/ko_tables/taurine/MMETSP1464_clean.csv,0,0,0,0,0,0,0,0,0,0,0,0,0,0,0,0
kofamscan/ko_tables/taurine/MMETSP0891_clean.csv,0,0,0,0,0,0,0,0,0,0,0,0,0,0,0,0
kofamscan/ko_tables/taurine/MMETSP1169_clean.csv,0,0,0,0,0,0,0,0,0,0,0,0,0,0,0,0
kofamscan/ko_tables/taurine/MMETSP1128_clean.csv,0,0,0,0,0,0,0,0,0,0,0,0,0,0,0,0
kofamscan/ko_tables/taurine/MMETSP1155_clean.csv,0,0,0,0,0,0,1,0,0,0,0,0,0,0,0,1
kofamscan/ko_tables/taurine/MMETSP0149_clean.csv,0,0,0,0,0,0,0,0,0,0,0,0,0,0,0,0
kofamscan/ko_tables/taurine/MMETSP1100_clean.csv,1,0,0,0,0,0,0,0,0,0,0,0,0,0,0,0
kofamscan/ko_tables/taurine/MMETSP0942_clean.csv,0,0,0,0,0,0,0,0,0,0,0,0,0,0,0,1
kofamscan/ko_tables/taurine/MMETSP1137_clean.csv,0,0,0,0,0,0,0,0,0,0,0,0,0,0,0,0
kofamscan/ko_tables/taurine/MMETSP0973_clean.csv,0,0,0,0,0,0,0,0,0,0,0,0,0,0,0,1
kofamscan/ko_tables/taurine/MMETSP0413_clean.csv,0,0,0,1,0,0,0,0,0,0,0,0,0,0,0,1
kofamscan/ko_tables/taurine/MMETSP0200_clean.csv,0,0,0,0,0,0,0,0,0,0,0,0,0,0,0,0
kofamscan/ko_tables/taurine/MMETSP1047_clean.csv,0,0,0,0,0,0,0,0,0,0,0,0,0,1,0,0
kofamscan/ko_tables/taurine/MMETSP0347_clean.csv,0,0,0,0,0,0,0,0,0,0,0,0,0,0,0,0
kofamscan/ko_tables/taurine/MMETSP1394_clean.csv,0,0,0,0,0,0,0,0,0,0,0,0,0,0,0,1
kofamscan/ko_tables/taurine/MMETSP0096_clean.csv,1,0,0,0,0,0,0,0,0,0,1,0,0,0,0,1
kofamscan/ko_tables/taurine/MMETSP0811_clean.csv,0,0,0,1,0,0,0,0,0,0,0,0,0,1,0,0
kofamscan/ko_tables/taurine/MMETSP0417_clean.csv,0,0,1,0,0,0,0,0,0,0,0,0,0,0,0,1
kofamscan/ko_tables/taurine/MMETSP0087_clean.csv,1,0,0,0,0,0,0,0,0,0,0,0,0,1,0,1
kofamscan/ko_tables/taurine/MMETSP1117_clean.csv,1,0,0,0,0,0,0,0,0,0,0,0,0,0,0,0
kofamscan/ko_tables/taurine/MMETSP0603_clean.csv,0,0,0,0,0,0,0,0,0,0,0,0,0,0,0,0
kofamscan/ko_tables/taurine/MMETSP0734_clean.csv,0,0,0,0,0,0,0,0,0,0,0,0,0,0,0,0
kofamscan/ko_tables/taurine/MMETSP0011_clean.csv,0,0,0,0,0,0,0,0,0,0,0,0,0,0,0,0
kofamscan/ko_tables/taurine/MMETSP1401_clean.csv,0,0,0,0,0,0,0,0,0,0,0,0,0,1,0,1
kofamscan/ko_tables/taurine/MMETSP1412_clean.csv,0,0,0,0,0,0,0,0,0,0,0,0,0,0,0,0
kofamscan/ko_tables/taurine/MMETSP1469_clean.csv,0,0,0,0,0,0,0,0,0,0,0,0,0,0,0,0
kofamscan/ko_tables/taurine/MMETSP1035_clean.csv,0,0,0,0,0,0,0,0,0,0,1,0,0,0,0,1
kofamscan/ko_tables/taurine/MMETSP0938_clean.csv,0,0,0,0,0,0,0,0,0,0,0,0,0,1,0,0
kofamscan/ko_tables/taurine/MMETSP0092_clean.csv,0,0,0,0,0,0,0,0,0,0,0,0,0,0,0,0
kofamscan/ko_tables/taurine/MMETSP0820_clean.csv,0,0,0,0,0,0,0,0,0,0,0,0,0,0,0,0
kofamscan/ko_tables/taurine/MMETSP0993_clean.csv,0,0,0,0,0,0,0,0,0,0,0,0,0,0,0,0
kofamscan/ko_tables/taurine/MMETSP0909_clean.csv,0,0,0,0,0,0,0,0,0,0,0,0,0,0,0,0
kofamscan/ko_tables/taurine/MMETSP0160_clean.csv,0,0,0,0,0,0,0,0,0,0,0,0,0,0,0,1
kofamscan/ko_tables/taurine/MMETSP1049_clean.csv,1,0,0,0,0,0,0,0,0,0,0,0,0,0,0,0
kofamscan/ko_tables/taurine/MMETSP1459_clean.csv,0,0,0,0,0,0,0,0,0,0,0,0,0,1,0,0
kofamscan/ko_tables/taurine/MMETSP1388_clean.csv,0,0,0,0,0,0,1,0,0,0,0,0,0,0,0,1
kofamscan/ko_tables/taurine/MMETSP0920_clean.csv,0,0,0,0,0,0,0,0,0,0,0,0,0,0,0,0
kofamscan/ko_tables/taurine/MMETSP1095_clean.csv,0,0,0,0,0,0,0,0,0,0,0,0,0,0,0,0
kofamscan/ko_tables/taurine/MMETSP0120_clean.csv,0,0,0,0,0,0,0,0,0,0,1,0,0,1,0,1
kofamscan/ko_tables/taurine/MMETSP1151_clean.csv,0,0,0,0,0,0,0,0,0,0,0,0,0,0,0,1
kofamscan/ko_tables/taurine/MMETSP0006_clean.csv,0,0,0,0,0,0,0,0,0,0,0,0,0,0,0,0
kofamscan/ko_tables/taurine/MMETSP1473_clean.csv,0,0,0,0,0,0,0,0,0,0,0,0,0,1,0,1
kofamscan/ko_tables/taurine/MMETSP0272_clean.csv,1,0,0,0,0,0,0,0,0,0,0,0,0,1,0,0
kofamscan/ko_tables/taurine/MMETSP0899_clean.csv,0,0,0,0,0,0,0,0,0,0,0,0,0,0,0,0
kofamscan/ko_tables/taurine/MMETSP0151_clean.csv,0,0,0,1,0,0,0,0,0,0,0,0,0,0,0,1
kofamscan/ko_tables/taurine/MMETSP1381_clean.csv,0,0,0,0,0,0,0,0,0,0,0,0,0,0,0,0
kofamscan/ko_tables/taurine/MMETSP0326_clean.csv,0,0,0,0,0,0,0,0,0,0,0,0,0,0,0,0
kofamscan/ko_tables/taurine/MMETSP0912_clean.csv,0,0,0,0,0,0,0,0,0,0,0,0,0,0,0,0
kofamscan/ko_tables/taurine/MMETSP1070_clean.csv,0,0,0,0,0,0,0,0,0,0,0,0,0,0,0,0
kofamscan/ko_tables/taurine/MMETSP0900_clean.csv,0,0,0,0,0,0,0,0,0,0,0,0,0,0,0,0
kofamscan/ko_tables/taurine/MMETSP0014_clean.csv,0,0,1,0,0,0,0,0,0,0,0,0,0,0,0,1
kofamscan/ko_tables/taurine/MMETSP1400_clean.csv,0,0,0,0,0,0,0,0,0,0,0,0,0,1,0,0
kofamscan/ko_tables/taurine/MMETSP1437_clean.csv,0,0,0,0,0,0,0,0,0,0,0,0,0,0,0,0
kofamscan/ko_tables/taurine/MMETSP1447_clean.csv,0,0,0,0,0,0,0,0,0,0,0,0,0,0,0,0
kofamscan/ko_tables/taurine/MMETSP0140_clean.csv,0,0,0,0,0,0,0,0,0,0,0,0,0,0,0,1
kofamscan/ko_tables/taurine/MMETSP1161_clean.csv,0,0,0,0,0,0,0,0,0,0,0,0,0,1,0,0
kofamscan/ko_tables/taurine/MMETSP1043_clean.csv,1,0,0,0,0,0,0,0,0,0,0,0,0,0,0,0
kofamscan/ko_tables/taurine/MMETSP1316_clean.csv,0,0,0,0,0,0,0,0,0,0,0,0,0,1,0,0
kofamscan/ko_tables/taurine/MMETSP1157_clean.csv,0,0,0,0,0,0,0,0,0,0,0,0,0,0,0,1
kofamscan/ko_tables/taurine/MMETSP0790_clean.csv,0,0,0,0,0,0,0,0,0,0,0,0,0,0,0,1
kofamscan/ko_tables/taurine/MMETSP1360_clean.csv,0,0,0,0,0,0,0,0,0,0,0,0,0,0,0,0
kofamscan/ko_tables/taurine/MMETSP0258_clean.csv,1,0,0,0,0,0,0,0,0,0,0,0,0,0,0,1
kofamscan/ko_tables/taurine/MMETSP0746_clean.csv,0,0,0,0,0,0,0,0,0,0,0,0,0,0,0,0
kofamscan/ko_tables/taurine/MMETSP1420_clean.csv,0,0,0,0,0,0,0,0,0,0,0,0,0,0,0,0
kofamscan/ko_tables/taurine/MMETSP1397_clean.csv,0,0,0,0,0,0,0,0,0,0,0,0,0,0,0,0
kofamscan/ko_tables/taurine/MMETSP1452_clean.csv,0,0,0,0,0,0,0,0,0,0,0,0,0,0,0,0
kofamscan/ko_tables/taurine/MMETSP1178_clean.csv,0,0,0,0,0,0,0,0,0,0,0,0,0,0,0,0
kofamscan/ko_tables/taurine/MMETSP1115_clean.csv,1,0,0,1,0,0,0,0,0,0,0,0,0,0,0,0
kofamscan/ko_tables/taurine/MMETSP1361_clean.csv,0,0,0,0,0,0,0,0,0,0,0,0,0,0,0,1
kofamscan/ko_tables/taurine/MMETSP0941_clean.csv,0,0,0,0,0,0,0,0,0,0,0,0,0,1,0,1
kofamscan/ko_tables/taurine/MMETSP0098_clean.csv,0,0,0,0,0,0,0,0,0,0,0,0,0,1,0,0
kofamscan/ko_tables/taurine/MMETSP0924_clean.csv,0,0,0,0,0,0,0,0,0,0,0,0,0,0,0,0
kofamscan/ko_tables/taurine/MMETSP0234_clean.csv,0,0,0,0,0,0,0,0,0,0,0,0,0,0,0,1
kofamscan/ko_tables/taurine/MMETSP1106_clean.csv,0,0,1,0,0,0,0,0,0,0,0,0,0,1,0,1
kofamscan/ko_tables/taurine/MMETSP0267_clean.csv,1,0,0,1,0,0,0,0,0,0,0,0,0,0,0,0
kofamscan/ko_tables/taurine/MMETSP0091_clean.csv,0,0,0,0,0,0,0,0,0,0,0,0,0,0,0,0
kofamscan/ko_tables/taurine/MMETSP0132_clean.csv,0,0,0,0,0,0,0,0,0,0,0,0,0,0,0,0
kofamscan/ko_tables/taurine/MMETSP1417_clean.csv,0,0,0,0,0,0,0,0,0,0,0,0,0,0,0,0
kofamscan/ko_tables/taurine/MMETSP1363_clean.csv,0,0,0,0,0,0,0,0,0,0,0,0,0,0,0,1
kofamscan/ko_tables/taurine/MMETSP0316_clean.csv,0,0,0,0,0,0,0,0,0,0,0,0,0,0,0,0
kofamscan/ko_tables/taurine/MMETSP0229_clean.csv,0,0,0,0,0,0,0,0,0,0,0,0,0,0,0,0
kofamscan/ko_tables/taurine/MMETSP1408_clean.csv,0,0,0,0,0,0,0,0,0,0,0,0,0,0,0,0
kofamscan/ko_tables/taurine/MMETSP0987_clean.csv,1,0,0,0,0,0,0,0,0,0,0,0,0,0,0,0
kofamscan/ko_tables/taurine/MMETSP1333_clean.csv,1,0,0,1,0,0,0,0,0,0,0,0,0,0,0,0
kofamscan/ko_tables/taurine/MMETSP1345_clean.csv,0,0,0,0,0,0,0,0,0,0,0,0,0,0,0,0
kofamscan/ko_tables/taurine/MMETSP0878_clean.csv,0,0,0,0,0,0,0,0,0,0,0,0,0,0,0,0
kofamscan/ko_tables/taurine/MMETSP1153_clean.csv,0,0,0,0,0,0,0,0,0,0,0,0,0,0,0,1
kofamscan/ko_tables/taurine/MMETSP0288_clean.csv,0,0,0,0,0,0,0,0,0,0,0,0,0,1,0,1
kofamscan/ko_tables/taurine/MMETSP1462_clean.csv,1,0,0,0,0,0,0,0,0,0,1,0,0,1,0,0
kofamscan/ko_tables/taurine/MMETSP0139_clean.csv,0,0,0,0,0,0,0,0,0,0,0,0,0,0,0,1
kofamscan/ko_tables/taurine/MMETSP1096_clean.csv,0,0,0,0,0,0,0,0,0,0,0,0,0,0,0,0
kofamscan/ko_tables/taurine/MMETSP1418_clean.csv,0,0,0,0,0,0,0,0,0,0,0,0,0,0,0,0
kofamscan/ko_tables/taurine/MMETSP0963_clean.csv,0,0,0,0,0,0,0,0,0,0,0,0,0,1,0,0
kofamscan/ko_tables/taurine/MMETSP0171_clean.csv,0,0,0,0,0,0,0,0,0,0,0,0,0,1,0,0
kofamscan/ko_tables/taurine/MMETSP0904_clean.csv,0,0,0,0,1,0,0,0,0,0,0,0,0,0,0,1
kofamscan/ko_tables/taurine/MMETSP1040_clean.csv,0,0,0,0,0,0,0,0,0,0,0,0,0,0,0,0
kofamscan/ko_tables/taurine/MMETSP1389_clean.csv,0,0,0,0,0,0,0,0,0,0,0,0,0,0,0,0
kofamscan/ko_tables/taurine/MMETSP1415_clean.csv,0,0,0,0,0,0,0,0,0,0,0,0,0,0,0,0
kofamscan/ko_tables/taurine/MMETSP0789_clean.csv,0,0,0,0,0,0,0,0,0,0,0,0,0,0,0,0
kofamscan/ko_tables/taurine/MMETSP0169_clean.csv,1,0,0,0,0,0,0,0,0,0,0,0,0,1,0,0
kofamscan/ko_tables/taurine/MMETSP1064_clean.csv,0,0,0,0,0,0,0,0,0,0,0,0,0,0,0,0
kofamscan/ko_tables/taurine/MMETSP0015_clean.csv,0,0,0,0,0,0,0,0,0,0,0,0,0,0,0,1
kofamscan/ko_tables/taurine/MMETSP1152_clean.csv,0,0,0,0,0,0,0,0,0,0,0,0,0,0,0,1
kofamscan/ko_tables/taurine/MMETSP0106_clean.csv,0,0,0,1,0,0,0,0,0,0,0,0,0,1,0,0
kofamscan/ko_tables/taurine/MMETSP1349_clean.csv,0,0,0,0,0,0,0,0,0,0,0,0,0,0,0,0
kofamscan/ko_tables/taurine/MMETSP0727_clean.csv,0,0,0,0,0,0,0,0,0,0,0,0,0,0,0,1
kofamscan/ko_tables/taurine/MMETSP1429_clean.csv,0,0,0,0,1,0,0,0,1,0,0,0,0,0,1,0
kofamscan/ko_tables/taurine/MMETSP0911_clean.csv,0,0,0,0,0,0,0,0,0,0,0,0,0,0,0,0
kofamscan/ko_tables/taurine/MMETSP0717_clean.csv,0,0,0,0,0,0,0,0,0,0,0,0,0,0,0,0
kofamscan/ko_tables/taurine/MMETSP0901_clean.csv,0,0,0,0,0,0,0,0,0,0,0,0,0,0,0,0
kofamscan/ko_tables/taurine/MMETSP0111_clean.csv,0,0,0,0,0,0,1,0,0,0,0,0,0,0,0,1
kofamscan/ko_tables/taurine/MMETSP0411_clean.csv,0,0,0,0,0,0,0,0,0,0,0,0,0,0,0,0
kofamscan/ko_tables/taurine/MMETSP0317_clean.csv,0,0,0,0,0,0,0,0,0,0,0,0,0,0,0,0
kofamscan/ko_tables/taurine/MMETSP1148_clean.csv,0,0,0,0,0,0,0,0,0,0,0,0,0,0,0,0
kofamscan/ko_tables/taurine/MMETSP0957_clean.csv,0,0,0,0,0,0,0,0,0,0,0,0,0,0,0,0
kofamscan/ko_tables/taurine/MMETSP0914_clean.csv,0,0,0,1,0,0,0,0,0,0,0,0,0,0,0,0
kofamscan/ko_tables/taurine/MMETSP0738_clean.csv,0,0,0,0,1,0,0,0,1,1,0,0,0,0,0,1
kofamscan/ko_tables/taurine/MMETSP0010_clean.csv,0,0,0,0,0,0,0,0,0,0,0,0,0,1,0,0
kofamscan/ko_tables/taurine/MMETSP0056_clean.csv,1,0,0,0,0,0,0,0,0,0,0,0,0,0,0,0
kofamscan/ko_tables/taurine/MMETSP0595_clean.csv,0,0,0,1,0,0,0,0,0,0,0,0,0,0,0,0
kofamscan/ko_tables/taurine/MMETSP0116_clean.csv,0,0,0,0,0,0,0,0,0,0,1,0,0,1,0,0
kofamscan/ko_tables/taurine/MMETSP0368_clean.csv,1,0,0,0,0,0,0,0,0,0,1,0,0,1,0,1
kofamscan/ko_tables/taurine/MMETSP1156_clean.csv,0,0,0,0,0,0,0,0,0,0,0,0,0,0,0,1
kofamscan/ko_tables/taurine/MMETSP0881_clean.csv,0,0,0,0,0,0,0,0,0,0,0,0,0,0,0,0
kofamscan/ko_tables/taurine/MMETSP0114_clean.csv,1,0,0,1,0,0,0,0,0,0,0,0,0,0,0,0
kofamscan/ko_tables/taurine/MMETSP0706_clean.csv,0,0,0,0,1,0,0,0,0,0,0,0,0,0,0,0
kofamscan/ko_tables/taurine/MMETSP0802_clean.csv,0,0,1,0,0,0,0,0,0,0,0,0,0,1,0,1
kofamscan/ko_tables/taurine/MMETSP0371_clean.csv,0,0,0,0,0,0,0,0,0,0,1,0,0,1,0,1
kofamscan/ko_tables/taurine/MMETSP1426_clean.csv,1,0,0,1,0,0,1,0,0,0,0,0,0,1,0,0
kofamscan/ko_tables/taurine/MMETSP1173_clean.csv,0,0,0,1,0,0,0,0,0,0,0,0,0,0,0,1
kofamscan/ko_tables/taurine/MMETSP0726_clean.csv,0,0,0,0,0,0,0,0,0,0,0,0,0,0,0,1
kofamscan/ko_tables/taurine/MMETSP1330_clean.csv,0,0,0,0,0,0,0,0,0,0,0,0,0,0,0,0
kofamscan/ko_tables/taurine/MMETSP0807_clean.csv,0,0,0,0,0,0,0,0,0,0,0,0,0,1,0,0
kofamscan/ko_tables/taurine/MMETSP0125_clean.csv,0,0,0,0,0,0,0,0,0,0,0,0,0,0,0,0
kofamscan/ko_tables/taurine/MMETSP1370_clean.csv,1,0,0,0,0,0,0,0,0,0,0,0,0,0,0,0
kofamscan/ko_tables/taurine/MMETSP0033_clean.csv,0,0,0,0,0,0,0,0,0,0,0,0,0,1,0,1
kofamscan/ko_tables/taurine/MMETSP0109_clean.csv,0,0,0,1,0,0,1,0,0,0,0,0,0,0,0,1
kofamscan/ko_tables/taurine/MMETSP1329_clean.csv,0,0,0,1,0,0,0,0,0,0,0,0,0,0,0,0
kofamscan/ko_tables/taurine/MMETSP0057_clean.csv,1,0,0,1,0,0,0,0,0,0,0,0,0,0,0,0
kofamscan/ko_tables/taurine/MMETSP0990_clean.csv,0,0,0,0,0,0,0,0,0,0,0,0,0,0,0,0
kofamscan/ko_tables/taurine/MMETSP1107_clean.csv,1,0,0,1,0,0,0,0,0,0,0,0,0,0,0,1
kofamscan/ko_tables/taurine/MMETSP0766_clean.csv,0,0,0,0,0,0,0,0,0,0,0,0,0,1,0,0
kofamscan/ko_tables/taurine/MMETSP1435_clean.csv,0,0,0,0,0,0,0,0,0,0,0,0,0,0,0,0
kofamscan/ko_tables/taurine/MMETSP1416_clean.csv,0,0,0,0,0,0,0,0,0,0,0,0,0,0,0,0
kofamscan/ko_tables/taurine/MMETSP0469_clean.csv,1,0,0,1,0,0,1,0,0,0,0,0,0,1,0,0
kofamscan/ko_tables/taurine/MMETSP1038_clean.csv,0,0,0,1,0,0,0,0,0,0,1,0,0,0,0,1
kofamscan/ko_tables/taurine/MMETSP0998_clean.csv,0,0,0,0,0,0,0,0,0,0,0,0,0,0,1,0
kofamscan/ko_tables/taurine/MMETSP0988_clean.csv,1,0,0,0,0,0,0,0,0,0,0,0,0,0,0,0
kofamscan/ko_tables/taurine/MMETSP1445_clean.csv,0,0,0,0,0,0,0,0,0,0,0,0,0,0,0,0
kofamscan/ko_tables/taurine/MMETSP0562_clean.csv,0,0,0,0,0,0,0,0,0,0,0,0,0,0,0,0
kofamscan/ko_tables/taurine/MMETSP1443_clean.csv,0,0,0,0,0,0,0,0,0,0,0,0,0,0,0,0
kofamscan/ko_tables/taurine/MMETSP0983_clean.csv,0,0,0,0,0,0,0,0,0,0,0,0,0,0,0,0
kofamscan/ko_tables/taurine/MMETSP0817_clean.csv,1,0,0,0,0,0,0,0,0,0,0,0,0,1,0,0
kofamscan/ko_tables/taurine/MMETSP0733_clean.csv,0,0,0,0,0,0,0,0,0,0,0,0,0,0,0,0
kofamscan/ko_tables/taurine/MMETSP1177_clean.csv,1,0,0,0,0,0,0,0,0,0,0,0,0,0,0,0
kofamscan/ko_tables/taurine/MMETSP0698_clean.csv,0,0,0,0,0,0,0,0,0,0,0,0,0,0,0,1
kofamscan/ko_tables/taurine/MMETSP0110_clean.csv,0,0,0,1,0,0,0,0,0,0,0,0,0,0,0,1
kofamscan/ko_tables/taurine/MMETSP0753_clean.csv,0,0,0,0,0,0,0,0,0,0,0,0,0,0,0,0
kofamscan/ko_tables/taurine/MMETSP1016_clean.csv,0,0,0,1,0,0,0,0,0,0,0,0,0,1,0,0
kofamscan/ko_tables/taurine/MMETSP0449_clean.csv,0,0,0,0,0,0,0,0,0,0,0,0,0,0,0,0
kofamscan/ko_tables/taurine/MMETSP1105_clean.csv,1,0,0,0,0,0,0,0,0,0,0,0,0,0,0,0
kofamscan/ko_tables/taurine/MMETSP1463_clean.csv,0,0,0,0,0,0,0,0,0,0,0,0,0,0,0,0
kofamscan/ko_tables/taurine/MMETSP0962_clean.csv,0,0,0,0,0,0,0,0,0,0,0,0,0,0,0,0
kofamscan/ko_tables/taurine/MMETSP1098_clean.csv,1,0,0,0,0,0,0,0,0,0,0,0,0,0,0,0
kofamscan/ko_tables/taurine/MMETSP1441_clean.csv,0,0,0,1,0,0,0,0,0,0,0,0,0,1,0,0
kofamscan/ko_tables/taurine/MMETSP1074_clean.csv,1,0,0,0,0,0,0,0,0,0,0,0,0,0,0,1
kofamscan/ko_tables/taurine/MMETSP0908_clean.csv,0,0,0,0,0,0,0,0,0,0,0,0,0,0,0,0
kofamscan/ko_tables/taurine/MMETSP0484_clean.csv,0,0,0,0,0,0,0,0,0,0,0,0,0,1,0,1
kofamscan/ko_tables/taurine/MMETSP0044_clean.csv,0,0,0,0,0,0,0,0,0,0,0,0,0,0,0,0
kofamscan/ko_tables/taurine/MMETSP0795_clean.csv,0,0,0,0,0,0,0,0,0,0,0,0,0,0,0,0
kofamscan/ko_tables/taurine/MMETSP1362_clean.csv,0,0,0,0,0,0,0,0,0,0,0,0,0,0,0,0
kofamscan/ko_tables/taurine/MMETSP1041_clean.csv,1,0,0,0,0,0,0,0,0,0,0,0,0,0,0,0
kofamscan/ko_tables/taurine/MMETSP0403_clean.csv,0,0,0,0,0,0,0,0,0,0,0,0,0,0,0,1
kofamscan/ko_tables/taurine/MMETSP0949_clean.csv,0,0,0,0,0,0,0,0,0,0,0,0,0,0,0,1
kofamscan/ko_tables/taurine/MMETSP1010_clean.csv,0,0,0,0,0,0,0,0,0,0,0,0,0,0,1,0
kofamscan/ko_tables/taurine/MMETSP1353_clean.csv,0,0,0,0,0,0,0,0,0,0,0,0,0,0,0,0
kofamscan/ko_tables/taurine/MMETSP0150_clean.csv,0,0,0,0,0,0,0,0,0,0,0,0,0,0,0,0
kofamscan/ko_tables/taurine/MMETSP0893_clean.csv,0,0,0,0,0,0,0,0,0,0,0,0,0,0,0,0
kofamscan/ko_tables/taurine/MMETSP0294_clean.csv,0,0,0,0,0,0,0,0,0,0,0,0,0,0,0,0
kofamscan/ko_tables/taurine/MMETSP0145_clean.csv,0,0,0,0,0,0,0,0,0,0,0,0,0,0,0,0
kofamscan/ko_tables/taurine/MMETSP1405_clean.csv,0,0,0,0,0,0,0,0,0,0,0,0,0,0,0,0
kofamscan/ko_tables/taurine/MMETSP0046_clean.csv,0,0,0,0,0,0,0,0,0,0,0,0,0,1,0,0
kofamscan/ko_tables/taurine/MMETSP1083_clean.csv,0,0,0,0,0,0,0,0,0,0,0,0,0,0,0,0
kofamscan/ko_tables/taurine/MMETSP0724_clean.csv,0,0,0,0,0,0,0,0,0,0,0,0,0,0,0,1
kofamscan/ko_tables/taurine/MMETSP0472_clean.csv,0,0,1,0,0,0,0,0,0,0,0,0,0,1,0,1
kofamscan/ko_tables/taurine/MMETSP1352_clean.csv,0,0,0,0,0,0,0,0,0,0,0,0,0,0,0,0
kofamscan/ko_tables/taurine/MMETSP1364_clean.csv,0,0,0,0,0,0,1,0,0,0,0,0,0,0,0,1
kofamscan/ko_tables/taurine/MMETSP0174_clean.csv,0,0,0,0,0,0,0,0,0,0,0,0,0,1,0,0
kofamscan/ko_tables/taurine/MMETSP1365_clean.csv,0,0,0,0,0,0,0,0,0,0,0,0,0,0,0,1
kofamscan/ko_tables/taurine/MMETSP0971_clean.csv,0,0,0,0,0,0,0,0,0,0,0,0,0,0,0,1
kofamscan/ko_tables/taurine/MMETSP0896_clean.csv,0,0,0,0,0,0,0,0,0,0,0,0,0,0,0,0
kofamscan/ko_tables/taurine/MMETSP0879_clean.csv,0,0,0,0,0,0,0,0,0,0,0,0,0,0,0,0
kofamscan/ko_tables/taurine/MMETSP1359_clean.csv,0,0,0,0,0,0,1,0,0,0,0,0,0,0,0,0
kofamscan/ko_tables/taurine/MMETSP0972_clean.csv,0,0,0,0,0,0,0,0,0,0,0,0,0,0,0,0
kofamscan/ko_tables/taurine/MMETSP1323_clean.csv,0,0,0,0,0,0,0,0,0,0,0,0,0,0,0,0
kofamscan/ko_tables/taurine/MMETSP0156_clean.csv,0,0,0,0,0,0,0,0,0,0,0,0,0,0,0,1
kofamscan/ko_tables/taurine/MMETSP0142_clean.csv,0,0,0,0,0,0,0,0,0,0,0,0,0,0,0,1
kofamscan/ko_tables/taurine/MMETSP0123_clean.csv,0,0,0,0,0,0,0,0,0,0,0,0,0,0,0,0
kofamscan/ko_tables/taurine/MMETSP0107_clean.csv,0,0,0,0,0,0,0,0,0,0,0,0,0,0,0,1
kofamscan/ko_tables/taurine/MMETSP1367_clean.csv,0,0,0,1,0,0,0,0,0,0,0,0,0,0,0,0
kofamscan/ko_tables/taurine/MMETSP0029_clean.csv,0,0,0,1,0,0,0,0,0,0,0,0,0,0,0,0
kofamscan/ko_tables/taurine/MMETSP1324_clean.csv,0,0,0,0,0,0,0,0,0,0,0,0,0,0,0,0
kofamscan/ko_tables/taurine/MMETSP0916_clean.csv,0,0,0,1,0,0,0,0,0,0,0,0,0,0,0,0
kofamscan/ko_tables/taurine/MMETSP0108_clean.csv,1,0,0,0,0,0,0,0,0,0,0,0,0,0,0,1
kofamscan/ko_tables/taurine/MMETSP0027_clean.csv,1,0,0,1,0,0,0,0,0,0,0,0,0,0,0,0
kofamscan/ko_tables/taurine/MMETSP0251_clean.csv,0,0,0,0,0,0,0,0,0,0,0,0,0,0,0,0
kofamscan/ko_tables/taurine/MMETSP1018_clean.csv,0,0,0,0,0,0,0,0,0,0,0,0,0,0,0,0
kofamscan/ko_tables/taurine/MMETSP1089_clean.csv,0,0,0,0,0,0,0,0,0,0,0,0,0,1,0,0
kofamscan/ko_tables/taurine/MMETSP1369_clean.csv,0,0,0,0,0,0,0,0,0,0,0,0,0,0,0,0
kofamscan/ko_tables/taurine/MMETSP1144_clean.csv,1,0,0,0,0,0,0,0,0,0,0,0,0,0,0,0
kofamscan/ko_tables/taurine/MMETSP1143_clean.csv,1,0,0,0,0,0,0,0,0,0,0,0,0,0,0,0
kofamscan/ko_tables/taurine/MMETSP0944_clean.csv,0,0,0,0,0,0,0,0,0,0,0,0,0,0,0,0
kofamscan/ko_tables/taurine/MMETSP1310_clean.csv,0,0,0,1,0,0,0,0,0,0,0,0,0,1,0,1
kofamscan/ko_tables/taurine/MMETSP0382_clean.csv,1,0,0,0,0,0,0,0,0,0,1,0,0,0,0,1
kofamscan/ko_tables/taurine/MMETSP1402_clean.csv,0,0,0,0,0,0,0,0,0,0,0,0,0,1,0,1
kofamscan/ko_tables/taurine/MMETSP1315_clean.csv,0,0,0,0,0,0,0,0,0,0,0,0,0,1,0,0
kofamscan/ko_tables/taurine/MMETSP0956_clean.csv,0,0,0,0,0,0,0,0,0,0,0,0,0,0,0,1
kofamscan/ko_tables/taurine/MMETSP0166_clean.csv,0,0,0,0,0,0,0,0,0,0,0,0,0,1,0,1
kofamscan/ko_tables/taurine/MMETSP0939_clean.csv,0,0,0,0,0,0,0,0,0,0,0,0,0,1,0,0
kofamscan/ko_tables/taurine/MMETSP1140_clean.csv,0,0,0,0,0,0,0,0,0,0,0,0,0,0,0,0
kofamscan/ko_tables/taurine/MMETSP1377_clean.csv,0,0,0,0,0,0,0,0,0,0,0,0,0,0,0,0
kofamscan/ko_tables/taurine/MMETSP1434_clean.csv,0,0,0,0,0,0,0,0,0,0,0,0,0,0,0,0
kofamscan/ko_tables/taurine/MMETSP0121_clean.csv,0,0,0,0,0,0,0,0,0,0,1,0,0,1,0,0
kofamscan/ko_tables/taurine/MMETSP1390_clean.csv,0,0,1,0,0,0,0,0,0,0,0,0,0,1,0,1
kofamscan/ko_tables/taurine/MMETSP0994_clean.csv,0,0,0,0,0,0,0,0,0,0,0,0,0,0,0,0
kofamscan/ko_tables/taurine/MMETSP1012_clean.csv,0,0,0,0,0,0,0,0,0,0,0,0,0,0,1,0
kofamscan/ko_tables/taurine/MMETSP0047_clean.csv,1,0,0,0,0,0,0,0,0,0,0,0,0,0,0,0
kofamscan/ko_tables/taurine/MMETSP0410_clean.csv,0,0,0,0,0,0,0,0,0,0,0,0,0,0,0,0
kofamscan/ko_tables/taurine/MMETSP0295_clean.csv,0,0,0,0,0,0,0,0,0,0,0,0,0,0,0,0
kofamscan/ko_tables/taurine/MMETSP0803_clean.csv,0,0,0,0,0,0,1,0,0,0,0,0,0,1,0,0
kofamscan/ko_tables/taurine/MMETSP1066_clean.csv,0,0,0,0,0,0,0,0,0,0,0,0,0,0,0,0
kofamscan/ko_tables/taurine/MMETSP0814_clean.csv,0,0,0,0,0,0,0,0,0,0,0,0,0,0,0,0
kofamscan/ko_tables/taurine/MMETSP0697_clean.csv,0,0,0,0,0,0,0,0,0,0,0,0,0,0,0,1
kofamscan/ko_tables/taurine/MMETSP0228_clean.csv,1,0,0,1,0,0,0,0,0,0,0,0,0,1,0,0
kofamscan/ko_tables/taurine/MMETSP0725_clean.csv,0,0,0,0,0,0,0,0,0,0,0,0,0,0,0,1
kofamscan/ko_tables/taurine/MMETSP0492_clean.csv,0,0,0,0,0,0,0,0,0,0,0,0,0,0,0,0
kofamscan/ko_tables/taurine/MMETSP1065_clean.csv,0,0,0,0,0,0,0,0,0,0,0,0,0,0,0,0
kofamscan/ko_tables/taurine/MMETSP1006_clean.csv,0,0,0,0,0,0,0,0,0,0,0,0,0,0,0,0
kofamscan/ko_tables/taurine/MMETSP0143_clean.csv,0,0,0,0,0,0,0,0,0,0,0,0,0,0,0,0
kofamscan/ko_tables/taurine/MMETSP1033_clean.csv,0,0,0,1,0,0,0,0,0,0,1,0,0,0,0,1
kofamscan/ko_tables/taurine/MMETSP0974_clean.csv,0,0,0,0,0,0,0,0,0,0,0,0,0,0,0,1
kofamscan/ko_tables/taurine/MMETSP1147_clean.csv,0,0,0,0,0,0,0,0,0,0,0,0,0,0,0,0
kofamscan/ko_tables/taurine/MMETSP1404_clean.csv,0,0,0,0,0,0,0,0,0,0,0,0,0,1,0,0
kofamscan/ko_tables/taurine/MMETSP1048_clean.csv,0,0,0,0,0,0,0,0,0,0,0,0,0,1,0,0
kofamscan/ko_tables/taurine/MMETSP0970_clean.csv,0,0,0,0,0,0,0,0,0,0,0,0,0,0,0,0
kofamscan/ko_tables/taurine/MMETSP0747_clean.csv,0,0,0,0,0,0,0,0,0,0,0,0,0,0,0,0
kofamscan/ko_tables/taurine/MMETSP0020_clean.csv,1,0,1,0,0,0,0,0,0,0,0,0,0,0,0,1
kofamscan/ko_tables/taurine/MMETSP0019_clean.csv,1,0,1,0,0,0,0,0,0,0,0,0,0,0,0,1
kofamscan/ko_tables/taurine/MMETSP0216_clean.csv,0,0,0,0,0,0,0,0,0,0,0,0,0,1,0,0
kofamscan/ko_tables/taurine/MMETSP1170_clean.csv,0,0,0,0,0,0,0,0,0,0,0,0,0,0,0,0
kofamscan/ko_tables/taurine/MMETSP0031_clean.csv,0,0,0,1,0,0,0,0,0,0,0,0,0,0,0,0
kofamscan/ko_tables/taurine/MMETSP1328_clean.csv,0,0,0,0,0,0,0,0,0,0,0,0,0,0,0,0
kofamscan/ko_tables/taurine/MMETSP1175_clean.csv,0,0,0,0,0,0,0,0,0,0,0,0,0,0,0,0
kofamscan/ko_tables/taurine/MMETSP0985_clean.csv,0,0,0,0,0,0,0,0,0,0,0,0,0,0,0,0
kofamscan/ko_tables/taurine/MMETSP0936_clean.csv,0,0,0,0,0,0,0,0,0,0,0,0,0,1,0,0
kofamscan/ko_tables/taurine/MMETSP1129_clean.csv,0,0,0,0,0,0,0,0,0,0,0,0,0,0,0,0
kofamscan/ko_tables/taurine/MMETSP1102_clean.csv,1,0,0,0,0,0,0,0,0,0,0,0,0,0,1,0
kofamscan/ko_tables/taurine/MMETSP0232_clean.csv,0,0,0,0,0,0,0,0,0,0,0,0,0,0,0,0
kofamscan/ko_tables/taurine/MMETSP0127_clean.csv,0,0,0,1,0,0,0,0,0,0,0,0,0,0,0,0
kofamscan/ko_tables/taurine/MMETSP0491_clean.csv,0,0,0,0,0,0,0,0,0,0,0,0,0,1,0,0
kofamscan/ko_tables/taurine/MMETSP0167_clean.csv,0,0,0,0,0,0,0,0,0,0,0,0,0,0,0,0
kofamscan/ko_tables/taurine/MMETSP1335_clean.csv,0,0,0,0,0,0,0,0,0,0,0,0,0,0,0,0
kofamscan/ko_tables/taurine/MMETSP0897_clean.csv,0,0,0,0,0,0,0,0,0,0,0,0,0,0,0,0
kofamscan/ko_tables/taurine/MMETSP0708_clean.csv,0,0,0,0,1,0,0,0,0,0,0,0,0,0,0,0
kofamscan/ko_tables/taurine/MMETSP0528_clean.csv,1,0,0,1,0,0,0,0,0,0,0,0,0,0,0,0
kofamscan/ko_tables/taurine/MMETSP0101_clean.csv,0,0,0,0,0,0,0,0,0,0,0,0,0,0,0,1
kofamscan/ko_tables/taurine/MMETSP0235_clean.csv,0,0,0,0,0,0,0,0,0,0,0,0,0,1,0,0
kofamscan/ko_tables/taurine/MMETSP0196_clean.csv,0,0,0,0,0,0,0,0,0,0,0,0,0,0,0,0
kofamscan/ko_tables/taurine/MMETSP0752_clean.csv,0,0,0,0,0,0,0,0,0,0,0,0,0,0,0,0
kofamscan/ko_tables/taurine/MMETSP0948_clean.csv,0,0,0,0,0,0,0,0,0,0,0,0,0,0,0,1
kofamscan/ko_tables/taurine/MMETSP0648_clean.csv,1,0,0,1,0,0,0,0,0,0,0,0,0,0,0,0
kofamscan/ko_tables/taurine/MMETSP0905_clean.csv,0,0,0,0,0,0,0,0,0,0,0,0,0,0,0,1
kofamscan/ko_tables/taurine/MMETSP1164_clean.csv,0,0,0,0,0,0,0,0,0,0,0,0,0,0,0,1
kofamscan/ko_tables/taurine/MMETSP0190_clean.csv,0,0,0,0,0,0,0,0,0,0,0,0,0,0,0,0
kofamscan/ko_tables/taurine/MMETSP0161_clean.csv,0,0,0,1,0,0,0,0,0,0,0,0,0,0,0,1
kofamscan/ko_tables/taurine/MMETSP0090_clean.csv,0,0,0,0,0,0,0,0,0,0,0,0,0,0,0,0
kofamscan/ko_tables/taurine/MMETSP0895_clean.csv,0,0,0,0,0,0,0,0,0,0,0,0,0,0,0,0
kofamscan/ko_tables/taurine/MMETSP0946_clean.csv,0,0,0,0,0,0,0,0,0,0,0,0,0,0,0,0
kofamscan/ko_tables/taurine/MMETSP0943_clean.csv,0,0,0,0,0,0,0,0,0,0,0,0,0,0,0,0
kofamscan/ko_tables/taurine/MMETSP0439_clean.csv,0,0,0,1,0,0,0,0,0,0,0,0,0,0,0,1
kofamscan/ko_tables/taurine/MMETSP0053_clean.csv,1,0,0,1,0,0,0,0,0,0,0,0,0,0,0,0
kofamscan/ko_tables/taurine/MMETSP0030_clean.csv,1,0,0,1,0,0,0,0,0,0,0,0,0,0,0,0
kofamscan/ko_tables/taurine/MMETSP0886_clean.csv,0,0,0,0,0,0,0,0,0,0,0,0,0,0,0,0
kofamscan/ko_tables/taurine/MMETSP0735_clean.csv,0,0,0,0,0,0,0,0,0,0,0,0,0,0,0,0
kofamscan/ko_tables/taurine/MMETSP1423_clean.csv,0,0,0,0,0,0,0,0,0,0,0,0,0,0,0,1
kofamscan/ko_tables/taurine/MMETSP1356_clean.csv,1,0,0,0,0,0,0,0,0,0,0,0,0,0,0,0
kofamscan/ko_tables/taurine/MMETSP1451_clean.csv,0,0,0,0,0,0,0,0,0,0,0,0,0,1,0,1
kofamscan/ko_tables/taurine/MMETSP1334_clean.csv,1,0,0,1,0,0,1,0,0,0,0,0,0,0,0,0
kofamscan/ko_tables/taurine/MMETSP1327_clean.csv,0,0,0,0,0,0,0,0,0,0,0,0,0,1,0,1
kofamscan/ko_tables/taurine/MMETSP1116_clean.csv,1,0,0,0,0,0,0,0,0,0,0,0,0,0,0,0
kofamscan/ko_tables/taurine/MMETSP0313_clean.csv,0,0,0,0,0,0,0,0,0,0,0,0,0,1,0,0
kofamscan/ko_tables/taurine/MMETSP0580_clean.csv,0,0,0,0,0,0,0,0,0,0,0,0,0,0,0,0
kofamscan/ko_tables/taurine/MMETSP0315_clean.csv,0,0,0,0,0,0,0,0,0,0,0,0,0,0,0,0
kofamscan/ko_tables/taurine/MMETSP0958_clean.csv,0,0,0,0,0,0,0,0,0,0,0,0,0,1,0,0
kofamscan/ko_tables/taurine/MMETSP0915_clean.csv,0,0,0,1,0,0,0,0,0,0,0,0,0,0,0,0
kofamscan/ko_tables/taurine/MMETSP1167_clean.csv,1,0,0,0,0,0,0,0,0,0,0,0,0,0,0,0
kofamscan/ko_tables/taurine/MMETSP1468_clean.csv,0,0,0,0,0,0,0,0,0,0,0,0,0,1,0,0
kofamscan/ko_tables/taurine/MMETSP0806_clean.csv,0,0,0,0,0,0,0,0,0,0,0,0,0,1,0,0
kofamscan/ko_tables/taurine/MMETSP0903_clean.csv,0,0,0,0,0,0,0,0,0,0,0,0,0,0,0,1
kofamscan/ko_tables/taurine/MMETSP1391_clean.csv,0,0,0,0,0,0,0,0,0,0,0,0,0,0,0,0
kofamscan/ko_tables/taurine/MMETSP1142_clean.csv,1,0,0,0,0,0,0,0,0,0,0,0,0,0,0,0
kofamscan/ko_tables/taurine/MMETSP0369_clean.csv,1,0,0,0,0,0,0,0,0,0,0,0,0,1,0,1
kofamscan/ko_tables/taurine/MMETSP0414_clean.csv,0,0,0,0,0,0,0,0,0,0,0,0,0,0,0,1
kofamscan/ko_tables/taurine/MMETSP1138_clean.csv,0,0,0,0,0,0,0,0,0,0,0,0,0,1,0,0
kofamscan/ko_tables/taurine/MMETSP0707_clean.csv,0,0,0,0,0,0,0,0,0,0,0,0,0,0,0,0
kofamscan/ko_tables/taurine/MMETSP0314_clean.csv,0,0,0,0,0,0,0,0,0,0,0,0,0,0,0,0
kofamscan/ko_tables/taurine/MMETSP1410_clean.csv,0,0,0,0,0,0,0,0,0,0,0,0,0,0,0,0
kofamscan/ko_tables/taurine/MMETSP0152_clean.csv,1,0,0,0,0,0,0,0,0,0,0,0,0,0,0,0
kofamscan/ko_tables/taurine/MMETSP0321_clean.csv,0,0,0,0,0,0,0,0,0,0,0,0,0,0,0,0
kofamscan/ko_tables/taurine/MMETSP0201_clean.csv,1,0,0,1,0,0,0,0,0,0,0,0,0,0,0,0
kofamscan/ko_tables/taurine/MMETSP0882_clean.csv,0,0,0,0,0,0,0,0,0,0,0,0,0,0,0,0
kofamscan/ko_tables/taurine/MMETSP1456_clean.csv,0,0,0,0,0,0,0,0,0,0,0,0,0,1,0,0
kofamscan/ko_tables/taurine/MMETSP0503_clean.csv,0,0,0,0,0,0,0,0,0,0,1,0,0,0,0,0
kofamscan/ko_tables/taurine/MMETSP0158_clean.csv,0,0,0,0,0,0,0,0,0,0,0,0,0,0,0,1
kofamscan/ko_tables/taurine/MMETSP0463_clean.csv,0,0,0,0,0,0,0,0,0,0,0,0,0,0,0,0
kofamscan/ko_tables/taurine/MMETSP0804_clean.csv,0,0,0,0,0,0,0,0,0,0,0,0,0,1,0,0
kofamscan/ko_tables/taurine/MMETSP1424_clean.csv,1,0,0,1,0,0,1,0,0,0,0,0,0,1,0,0
kofamscan/ko_tables/taurine/MMETSP0325_clean.csv,1,0,0,1,0,0,0,0,0,0,1,0,0,1,0,1
kofamscan/ko_tables/taurine/MMETSP1009_clean.csv,0,0,0,0,0,0,0,0,0,0,0,0,0,0,0,0
kofamscan/ko_tables/taurine/MMETSP1094_clean.csv,0,0,0,0,0,0,1,0,0,0,0,0,0,0,0,0
kofamscan/ko_tables/taurine/MMETSP0370_clean.csv,0,0,0,0,0,0,0,0,0,0,0,0,0,1,0,1
kofamscan/ko_tables/taurine/MMETSP0405_clean.csv,0,0,0,0,0,0,0,0,0,0,0,0,0,0,0,0
kofamscan/ko_tables/taurine/MMETSP0009_clean.csv,0,0,0,0,0,0,0,0,0,0,0,0,0,0,0,0
kofamscan/ko_tables/taurine/MMETSP1034_clean.csv,0,0,0,0,0,0,0,0,0,0,1,0,0,0,0,0
kofamscan/ko_tables/taurine/MMETSP0448_clean.csv,0,0,0,1,0,0,0,0,0,0,0,0,0,1,0,0
kofamscan/ko_tables/taurine/MMETSP0982_clean.csv,0,0,0,0,0,0,0,0,0,0,0,0,0,0,0,0
kofamscan/ko_tables/taurine/MMETSP0758_clean.csv,0,0,1,0,0,0,0,0,0,0,0,0,0,0,0,1
kofamscan/ko_tables/taurine/MMETSP1084_clean.csv,0,0,0,0,0,0,0,0,0,0,0,0,0,1,0,0
kofamscan/ko_tables/taurine/MMETSP1339_clean.csv,0,0,0,0,0,0,0,0,0,0,0,0,0,0,0,0
kofamscan/ko_tables/taurine/MMETSP0164_clean.csv,0,0,0,1,0,0,0,0,0,0,0,0,0,0,0,1
kofamscan/ko_tables/taurine/MMETSP0740_clean.csv,0,0,0,0,1,0,1,0,0,0,0,0,0,0,0,0
kofamscan/ko_tables/taurine/MMETSP0268_clean.csv,1,0,0,0,0,0,0,0,0,0,0,0,0,0,0,0
kofamscan/ko_tables/taurine/MMETSP1309_clean.csv,0,0,0,0,0,0,0,0,0,0,0,0,0,0,0,1
kofamscan/ko_tables/taurine/MMETSP0287_clean.csv,0,0,0,1,0,0,0,0,0,0,0,0,0,0,0,0
kofamscan/ko_tables/taurine/MMETSP0884_clean.csv,0,0,0,0,0,0,0,0,0,0,0,0,0,0,0,0
kofamscan/ko_tables/taurine/MMETSP1163_clean.csv,0,0,0,1,0,0,0,0,0,0,0,0,0,0,0,0
kofamscan/ko_tables/taurine/MMETSP0997_clean.csv,0,0,0,0,0,0,0,0,0,0,0,0,0,0,0,0
kofamscan/ko_tables/taurine/MMETSP1136_clean.csv,0,0,0,0,0,0,0,0,0,0,0,0,0,0,0,0
kofamscan/ko_tables/taurine/MMETSP0384_clean.csv,1,0,0,0,0,0,0,0,0,0,1,0,0,0,0,1
kofamscan/ko_tables/taurine/MMETSP0989_clean.csv,1,0,0,0,0,0,0,0,0,0,0,0,0,0,0,0
kofamscan/ko_tables/taurine/MMETSP0191_clean.csv,0,0,0,0,0,0,0,0,0,0,0,0,0,0,0,0
kofamscan/ko_tables/taurine/MMETSP0043_clean.csv,1,0,0,0,0,0,0,0,0,0,0,0,0,0,0,0
kofamscan/ko_tables/taurine/MMETSP1124_clean.csv,0,0,0,0,0,0,0,0,0,0,0,0,0,0,0,0
kofamscan/ko_tables/taurine/MMETSP1311_clean.csv,0,0,0,0,0,0,0,0,0,0,0,0,0,1,0,0
kofamscan/ko_tables/taurine/MMETSP0319_clean.csv,0,0,0,0,0,0,0,0,0,0,0,0,0,0,0,0
kofamscan/ko_tables/taurine/MMETSP0045_clean.csv,0,0,0,0,0,0,1,0,0,0,0,0,0,0,0,1
kofamscan/ko_tables/taurine/MMETSP1166_clean.csv,0,0,0,0,0,0,0,0,0,0,0,0,0,0,0,0
kofamscan/ko_tables/taurine/MMETSP1440_clean.csv,0,0,0,1,0,0,0,0,0,0,0,0,0,0,0,0
kofamscan/ko_tables/taurine/MMETSP1071_clean.csv,0,0,0,0,0,0,0,0,0,0,0,0,0,0,0,0
kofamscan/ko_tables/taurine/MMETSP0850_clean.csv,0,0,0,0,0,0,0,0,0,0,0,0,0,0,0,1
kofamscan/ko_tables/taurine/MMETSP0113_clean.csv,0,0,0,1,0,0,1,0,0,0,0,0,0,0,0,0
kofamscan/ko_tables/taurine/MMETSP1180_clean.csv,0,0,0,0,0,0,0,0,0,0,0,0,0,0,0,0
kofamscan/ko_tables/taurine/MMETSP0103_clean.csv,0,0,0,1,0,0,0,0,0,0,0,0,0,0,0,0
kofamscan/ko_tables/taurine/MMETSP0126_clean.csv,0,0,0,0,0,0,0,0,0,0,0,0,0,0,0,0
kofamscan/ko_tables/taurine/MMETSP1354_clean.csv,0,0,0,0,0,0,0,0,0,0,0,0,0,0,0,0
kofamscan/ko_tables/taurine/MMETSP0468_clean.csv,1,0,0,1,0,0,1,0,0,0,0,0,0,1,0,0
kofamscan/ko_tables/taurine/MMETSP0954_clean.csv,0,0,0,0,0,0,1,0,0,0,0,0,0,0,0,1
kofamscan/ko_tables/taurine/MMETSP1054_clean.csv,0,0,0,0,0,0,1,0,0,0,0,0,0,0,0,1
kofamscan/ko_tables/taurine/MMETSP0397_clean.csv,0,0,0,0,0,0,0,0,0,0,0,0,0,0,0,1
kofamscan/ko_tables/taurine/MMETSP1122_clean.csv,1,0,0,1,0,0,0,0,0,0,0,0,0,0,0,0
kofamscan/ko_tables/taurine/MMETSP1320_clean.csv,0,0,0,0,0,0,0,0,0,0,0,0,0,0,0,0
kofamscan/ko_tables/taurine/MMETSP1081_clean.csv,0,0,0,0,0,0,0,0,0,0,0,0,0,0,0,1
kofamscan/ko_tables/taurine/MMETSP0206_clean.csv,0,0,0,0,0,0,0,0,0,0,0,0,0,0,0,1
kofamscan/ko_tables/taurine/MMETSP0039_clean.csv,0,0,0,1,0,0,0,0,0,0,0,0,0,1,0,0
kofamscan/ko_tables/taurine/MMETSP0815_clean.csv,1,0,0,0,0,0,0,0,0,0,0,0,0,0,0,0
kofamscan/ko_tables/taurine/MMETSP0040_clean.csv,0,0,0,0,0,0,1,0,0,0,0,0,0,0,0,0
kofamscan/ko_tables/taurine/MMETSP0359_clean.csv,1,0,0,0,0,0,0,0,0,0,1,0,0,1,0,1
kofamscan/ko_tables/taurine/MMETSP0784_clean.csv,1,0,0,0,0,0,0,0,0,0,1,0,0,1,0,1
kofamscan/ko_tables/taurine/MMETSP0223_clean.csv,0,0,0,0,0,0,0,0,0,0,0,0,0,0,0,0
kofamscan/ko_tables/taurine/MMETSP1386_clean.csv,0,0,0,0,0,0,0,0,0,0,0,0,0,1,0,0
kofamscan/ko_tables/taurine/MMETSP0785_clean.csv,0,0,0,0,0,0,0,0,0,0,0,0,0,0,0,0
kofamscan/ko_tables/taurine/MMETSP0892_clean.csv,0,0,0,0,0,0,0,0,0,0,0,0,0,0,0,0
kofamscan/ko_tables/taurine/MMETSP1393_clean.csv,0,0,0,0,0,0,0,0,0,0,0,0,0,1,0,1
kofamscan/ko_tables/taurine/MMETSP0945_clean.csv,0,0,0,0,0,0,0,0,0,0,0,0,0,0,0,0
kofamscan/ko_tables/taurine/MMETSP1075_clean.csv,1,0,0,0,0,0,0,0,0,0,0,0,0,0,0,0
kofamscan/ko_tables/taurine/MMETSP1131_clean.csv,0,0,0,0,0,0,0,0,0,0,0,0,0,0,0,0
kofamscan/ko_tables/taurine/MMETSP0327_clean.csv,0,0,0,0,0,0,0,0,0,0,0,0,0,0,0,0
kofamscan/ko_tables/taurine/MMETSP1325_clean.csv,0,0,0,0,0,0,0,0,0,0,0,0,0,0,0,0
kofamscan/ko_tables/taurine/MMETSP1428_clean.csv,0,0,0,0,0,0,0,0,0,0,0,0,0,0,0,0
kofamscan/ko_tables/taurine/MMETSP0225_clean.csv,0,0,0,0,0,0,0,0,0,0,0,0,0,0,0,0
kofamscan/ko_tables/taurine/MMETSP0329_clean.csv,0,0,0,0,0,0,0,0,0,0,0,0,0,0,0,0
kofamscan/ko_tables/taurine/MMETSP1162_clean.csv,0,0,0,0,0,0,0,0,0,0,0,0,0,0,0,0
kofamscan/ko_tables/taurine/MMETSP0739_clean.csv,0,0,0,0,1,0,0,0,0,0,0,0,0,0,0,0
kofamscan/ko_tables/taurine/MMETSP0416_clean.csv,0,0,0,0,0,0,0,0,0,0,0,0,0,0,0,0
kofamscan/ko_tables/taurine/MMETSP1347_clean.csv,0,0,0,0,0,0,0,0,0,0,0,0,0,0,0,0
kofamscan/ko_tables/taurine/MMETSP0205_clean.csv,0,0,0,0,0,0,0,0,0,0,0,0,0,0,0,0
kofamscan/ko_tables/taurine/MMETSP1414_clean.csv,0,0,0,0,0,0,0,0,0,0,0,0,0,0,0,0
kofamscan/ko_tables/taurine/MMETSP0888_clean.csv,0,0,0,0,0,0,0,0,0,0,0,0,0,0,0,0
kofamscan/ko_tables/taurine/MMETSP0052_clean.csv,0,0,0,0,0,0,0,0,0,0,0,0,0,0,0,0
kofamscan/ko_tables/taurine/MMETSP0018_clean.csv,0,0,0,0,0,0,0,0,0,0,0,0,0,0,0,0
kofamscan/ko_tables/taurine/MMETSP0008_clean.csv,0,0,0,1,0,0,0,0,0,0,0,0,0,0,0,1
kofamscan/ko_tables/taurine/MMETSP1346_clean.csv,0,0,0,0,0,0,0,0,0,0,0,0,0,0,0,0
kofamscan/ko_tables/taurine/MMETSP0233_clean.csv,0,0,0,0,0,0,0,0,0,0,0,0,0,0,0,0
kofamscan/ko_tables/taurine/MMETSP0118_clean.csv,0,0,0,0,0,0,0,0,0,0,1,0,0,1,0,1
kofamscan/ko_tables/taurine/MMETSP1141_clean.csv,1,0,0,0,0,0,0,0,0,0,0,0,0,0,0,0
kofamscan/ko_tables/taurine/MMETSP0208_clean.csv,0,0,0,0,0,0,0,0,0,0,0,0,0,0,0,0
kofamscan/ko_tables/taurine/MMETSP0883_clean.csv,0,0,0,0,0,0,0,0,0,0,0,0,0,1,0,0
kofamscan/ko_tables/taurine/MMETSP0918_clean.csv,0,0,0,0,0,0,0,0,0,0,0,0,0,0,0,0
kofamscan/ko_tables/taurine/MMETSP1015_clean.csv,1,0,0,1,0,0,0,0,0,0,0,0,0,1,0,0
kofamscan/ko_tables/taurine/MMETSP0147_clean.csv,0,0,0,0,0,0,0,0,0,0,0,0,0,0,0,0
kofamscan/ko_tables/taurine/MMETSP0959_clean.csv,0,0,0,0,0,0,0,0,0,0,0,0,0,1,0,1
kofamscan/ko_tables/taurine/MMETSP1067_clean.csv,0,0,0,0,0,0,0,0,0,0,0,0,0,0,0,0
kofamscan/ko_tables/taurine/MMETSP1091_clean.csv,0,0,0,0,0,0,0,0,0,0,0,0,0,0,0,1
kofamscan/ko_tables/taurine/MMETSP0013_clean.csv,0,0,0,0,0,0,0,0,0,0,0,0,0,0,0,1
kofamscan/ko_tables/taurine/MMETSP1385_clean.csv,0,0,0,1,0,0,0,0,0,0,0,0,0,0,0,0
kofamscan/ko_tables/taurine/MMETSP0253_clean.csv,1,0,0,1,0,0,0,0,0,0,0,0,0,0,0,1
kofamscan/ko_tables/taurine/MMETSP1139_clean.csv,0,0,0,0,0,0,0,0,0,0,0,0,0,0,0,0
kofamscan/ko_tables/taurine/MMETSP1348_clean.csv,0,0,0,0,0,0,0,0,0,0,0,0,0,0,0,0
kofamscan/ko_tables/taurine/MMETSP0995_clean.csv,0,0,0,0,0,0,0,0,0,0,0,0,0,0,0,0
kofamscan/ko_tables/taurine/MMETSP0420_clean.csv,0,0,1,1,0,0,0,0,0,0,0,0,0,0,0,1
kofamscan/ko_tables/taurine/MMETSP0324_clean.csv,1,0,0,1,0,0,0,0,0,0,1,0,0,1,0,1
kofamscan/ko_tables/taurine/MMETSP1318_clean.csv,0,0,0,0,0,0,1,0,0,0,0,0,0,0,0,0
kofamscan/ko_tables/taurine/MMETSP1453_clean.csv,0,0,0,0,0,0,0,0,0,0,0,0,0,1,0,0
kofamscan/ko_tables/taurine/MMETSP1037_clean.csv,0,0,0,1,0,0,0,0,0,0,1,0,0,0,0,0
kofamscan/ko_tables/taurine/MMETSP1085_clean.csv,0,0,0,0,0,0,0,0,0,0,0,0,0,1,0,0
kofamscan/ko_tables/taurine/MMETSP0119_clean.csv,0,0,0,0,0,0,1,0,0,0,0,0,0,0,0,0
kofamscan/ko_tables/taurine/MMETSP1060_clean.csv,0,0,0,0,0,0,0,0,0,0,0,0,0,0,0,1
kofamscan/ko_tables/taurine/MMETSP0447_clean.csv,0,0,1,1,0,0,0,0,0,0,0,0,0,1,0,1
kofamscan/ko_tables/taurine/MMETSP0906_clean.csv,0,0,0,0,0,0,0,0,0,0,0,0,0,0,0,0
kofamscan/ko_tables/taurine/MMETSP0937_clean.csv,0,0,0,0,0,0,0,0,0,0,0,0,0,1,0,0
kofamscan/ko_tables/taurine/MMETSP0146_clean.csv,0,0,0,1,0,0,0,0,0,0,0,0,0,0,0,0
kofamscan/ko_tables/taurine/MMETSP0367_clean.csv,1,0,0,0,0,0,0,0,0,0,1,0,0,1,0,1
kofamscan/ko_tables/taurine/MMETSP0885_clean.csv,0,0,0,0,0,0,0,0,0,0,0,0,0,0,0,0
kofamscan/ko_tables/taurine/MMETSP1358_clean.csv,0,0,0,0,0,0,1,0,0,0,0,0,0,0,0,1
kofamscan/ko_tables/taurine/MMETSP0745_clean.csv,0,0,0,0,0,0,0,0,0,0,0,0,0,0,0,0
kofamscan/ko_tables/taurine/MMETSP0975_clean.csv,0,0,0,0,0,0,0,0,0,0,0,0,0,0,0,1
kofamscan/ko_tables/taurine/MMETSP0754_clean.csv,0,0,0,0,0,0,0,0,0,0,0,0,0,0,0,0
kofamscan/ko_tables/taurine/MMETSP0224_clean.csv,0,0,0,1,0,0,0,0,0,0,0,0,0,0,0,0
kofamscan/ko_tables/taurine/MMETSP0965_clean.csv,0,0,0,0,0,0,0,0,0,0,0,0,0,0,0,0
kofamscan/ko_tables/taurine/MMETSP0186_clean.csv,0,0,0,0,0,0,0,0,0,0,0,0,0,0,0,0
kofamscan/ko_tables/taurine/MMETSP1470_clean.csv,0,0,0,0,0,0,0,0,0,0,0,0,0,1,0,1
kofamscan/ko_tables/taurine/MMETSP0913_clean.csv,0,0,0,0,0,0,0,0,0,0,0,0,0,0,0,0
kofamscan/ko_tables/taurine/MMETSP0437_clean.csv,0,0,0,0,0,0,0,0,0,0,0,0,0,0,0,0
kofamscan/ko_tables/taurine/MMETSP0102_clean.csv,0,0,0,0,0,0,0,0,0,0,0,0,0,0,0,0
kofamscan/ko_tables/taurine/MMETSP1103_clean.csv,1,0,0,1,0,0,0,0,0,0,0,0,0,0,0,1
kofamscan/ko_tables/taurine/MMETSP0689_clean.csv,1,0,0,0,0,0,0,0,0,0,0,0,0,1,0,1
kofamscan/ko_tables/taurine/MMETSP0436_clean.csv,0,0,0,0,0,0,0,0,0,0,0,0,0,0,0,0
kofamscan/ko_tables/taurine/MMETSP0055_clean.csv,1,0,0,0,0,0,0,0,0,0,0,0,0,0,0,0
kofamscan/ko_tables/taurine/MMETSP1126_clean.csv,0,0,0,0,0,0,0,0,0,0,0,0,0,0,0,0
kofamscan/ko_tables/taurine/MMETSP0992_clean.csv,0,0,0,0,0,0,0,0,0,0,0,0,0,0,0,0
kofamscan/ko_tables/taurine/MMETSP0451_clean.csv,0,0,0,0,0,0,0,0,0,0,0,0,0,0,0,0
kofamscan/ko_tables/taurine/MMETSP0996_clean.csv,0,0,0,0,0,0,0,0,0,0,0,0,0,0,0,0
kofamscan/ko_tables/taurine/MMETSP1460_clean.csv,0,0,0,0,0,0,0,0,0,0,0,0,0,1,0,0
kofamscan/ko_tables/taurine/MMETSP0853_clean.csv,0,0,0,0,0,0,0,0,0,0,0,0,0,0,0,1
kofamscan/ko_tables/taurine/MMETSP0296_clean.csv,0,0,0,0,0,0,0,0,0,0,0,0,0,0,0,0
kofamscan/ko_tables/taurine/MMETSP0977_clean.csv,0,0,0,0,0,0,0,0,0,0,0,0,0,0,0,0
kofamscan/ko_tables/taurine/MMETSP0809_clean.csv,0,0,0,1,0,0,0,0,0,0,0,0,0,1,0,0
kofamscan/ko_tables/taurine/MMETSP0851_clean.csv,0,0,0,0,0,0,0,0,0,0,0,0,0,0,0,1
kofamscan/ko_tables/taurine/MMETSP1317_clean.csv,0,0,0,0,0,0,0,0,0,0,0,0,0,0,0,0
kofamscan/ko_tables/taurine/MMETSP0034_clean.csv,0,0,0,0,0,0,0,0,0,0,0,0,0,0,0,0
kofamscan/ko_tables/taurine/MMETSP1001_clean.csv,0,0,0,0,0,0,0,0,0,0,0,0,0,0,1,0
kofamscan/ko_tables/taurine/MMETSP0649_clean.csv,1,0,0,1,0,0,0,0,0,0,0,0,0,0,0,0
kofamscan/ko_tables/taurine/MMETSP0269_clean.csv,1,0,0,0,0,0,0,0,0,0,0,0,0,0,0,0
kofamscan/ko_tables/taurine/MMETSP0168_clean.csv,0,0,0,1,0,0,0,0,0,0,0,0,0,0,0,1
kofamscan/ko_tables/taurine/MMETSP1392_clean.csv,0,0,0,0,0,0,0,0,0,0,0,0,0,0,0,0
kofamscan/ko_tables/taurine/MMETSP0361_clean.csv,1,0,0,0,0,0,0,0,0,0,1,0,0,1,0,1
kofamscan/ko_tables/taurine/MMETSP1008_clean.csv,0,0,0,0,0,0,0,0,0,0,0,0,0,0,0,0
kofamscan/ko_tables/taurine/MMETSP0494_clean.csv,0,0,0,0,0,0,0,0,0,0,0,0,0,0,0,0
kofamscan/ko_tables/taurine/MMETSP0563_clean.csv,0,0,0,0,0,0,0,0,0,0,0,0,0,0,0,0
kofamscan/ko_tables/taurine/MMETSP1344_clean.csv,0,0,0,0,0,0,0,0,0,0,0,0,0,0,0,0
kofamscan/ko_tables/taurine/MMETSP0917_clean.csv,0,0,0,1,0,0,0,0,0,0,0,0,0,0,0,0
kofamscan/ko_tables/taurine/MMETSP1017_clean.csv,0,0,0,1,0,0,0,0,0,0,0,0,0,1,0,0
kofamscan/ko_tables/taurine/MMETSP0902_clean.csv,0,0,0,0,0,0,0,0,0,0,0,0,0,0,0,1
kofamscan/ko_tables/taurine/MMETSP0933_clean.csv,0,0,0,0,0,0,0,0,0,0,0,0,0,1,0,0
kofamscan/ko_tables/taurine/MMETSP0290_clean.csv,0,0,0,0,0,0,0,0,0,0,0,0,0,0,0,0
kofamscan/ko_tables/taurine/MMETSP1475_clean.csv,0,0,0,0,0,0,0,0,0,0,0,0,0,0,0,0
kofamscan/ko_tables/taurine/MMETSP0042_clean.csv,0,0,0,0,0,0,1,0,0,0,0,0,0,0,0,1
kofamscan/ko_tables/taurine/MMETSP0604_clean.csv,0,0,0,0,0,0,0,0,0,0,0,0,0,0,0,0
kofamscan/ko_tables/taurine/MMETSP0292_clean.csv,0,0,0,0,0,0,0,0,0,0,0,0,0,0,0,0
kofamscan/ko_tables/taurine/MMETSP0017_clean.csv,0,0,0,0,0,0,0,0,0,0,0,0,0,0,0,0
kofamscan/ko_tables/taurine/MMETSP0961_clean.csv,0,0,0,0,0,0,0,0,0,0,0,0,0,1,0,1
kofamscan/ko_tables/taurine/MMETSP0213_clean.csv,0,0,0,0,0,0,0,0,0,0,0,0,0,0,0,0
kofamscan/ko_tables/taurine/MMETSP0005_clean.csv,1,0,0,0,0,0,0,0,0,0,0,0,0,0,0,0
kofamscan/ko_tables/taurine/MMETSP1082_clean.csv,0,0,0,0,0,0,0,0,0,0,0,0,0,1,0,1
kofamscan/ko_tables/taurine/MMETSP1110_clean.csv,1,0,0,1,0,0,0,0,0,0,0,0,0,0,0,0
kofamscan/ko_tables/taurine/MMETSP0154_clean.csv,1,0,0,0,0,0,0,0,0,0,0,0,0,0,0,0
kofamscan/ko_tables/taurine/MMETSP0713_clean.csv,0,0,0,0,0,0,0,0,0,0,0,0,0,0,0,0
kofamscan/ko_tables/taurine/MMETSP1036_clean.csv,0,0,0,1,0,0,0,0,0,0,1,0,0,0,0,0
kofamscan/ko_tables/taurine/MMETSP1062_clean.csv,0,0,0,0,0,0,0,0,0,0,0,0,0,0,1,0
kofamscan/ko_tables/taurine/MMETSP1467_clean.csv,0,0,0,0,0,0,0,0,0,0,0,0,0,0,0,0
kofamscan/ko_tables/taurine/MMETSP1068_clean.csv,0,0,0,0,0,0,0,0,0,0,0,0,0,0,0,1
kofamscan/ko_tables/taurine/MMETSP0890_clean.csv,0,0,0,0,0,0,0,0,0,0,0,0,0,0,0,0
kofamscan/ko_tables/taurine/MMETSP1387_clean.csv,0,0,1,0,0,0,0,0,0,0,0,0,0,1,0,1
kofamscan/ko_tables/taurine/MMETSP1355_clean.csv,1,0,0,0,0,0,0,0,0,0,0,0,0,0,0,0
kofamscan/ko_tables/taurine/MMETSP1059_clean.csv,0,0,0,0,0,0,0,0,0,0,0,0,0,0,0,1
kofamscan/ko_tables/taurine/MMETSP1438_clean.csv,0,0,0,0,0,0,0,0,0,0,0,0,0,0,0,0
kofamscan/ko_tables/taurine/MMETSP1409_clean.csv,0,0,0,0,0,0,0,0,0,0,0,0,0,0,0,0
kofamscan/ko_tables/taurine/MMETSP0786_clean.csv,0,0,0,0,0,0,0,0,0,0,0,0,0,0,0,1
kofamscan/ko_tables/taurine/MMETSP0744_clean.csv,0,0,0,0,0,0,0,0,0,0,0,0,0,0,0,0
kofamscan/ko_tables/taurine/MMETSP1132_clean.csv,0,0,0,0,0,0,0,0,0,0,0,0,0,0,0,0
kofamscan/ko_tables/taurine/MMETSP1471_clean.csv,0,0,0,0,0,0,0,0,0,0,0,0,0,1,0,0
kofamscan/ko_tables/taurine/MMETSP0493_clean.csv,0,0,0,0,0,0,0,0,0,0,0,0,0,0,0,0
kofamscan/ko_tables/taurine/MMETSP0038_clean.csv,0,0,0,0,0,0,0,0,0,0,0,0,0,1,0,0
kofamscan/ko_tables/taurine/MMETSP1086_clean.csv,0,0,0,0,0,0,0,0,0,0,0,0,0,0,0,0
kofamscan/ko_tables/taurine/MMETSP1338_clean.csv,1,0,0,0,0,0,0,0,0,0,0,0,0,1,0,0
kofamscan/ko_tables/taurine/MMETSP0819_clean.csv,0,0,0,0,0,0,0,0,0,0,0,0,0,0,0,0
kofamscan/ko_tables/taurine/MMETSP1446_clean.csv,0,0,0,0,0,0,0,0,0,0,0,0,0,0,0,1
kofamscan/ko_tables/taurine/MMETSP0947_clean.csv,0,0,0,0,0,0,0,0,0,0,0,0,0,0,0,1
kofamscan/ko_tables/taurine/MMETSP0097_clean.csv,1,0,0,0,0,0,0,0,0,0,1,0,0,0,0,1
kofamscan/ko_tables/taurine/MMETSP1444_clean.csv,1,0,0,0,0,0,0,0,0,0,0,0,0,0,0,0
kofamscan/ko_tables/taurine/MMETSP1160_clean.csv,0,0,0,0,0,0,0,0,0,0,0,0,0,0,0,1
kofamscan/ko_tables/taurine/MMETSP0929_clean.csv,0,0,0,0,0,0,0,0,0,0,0,0,0,1,0,0
kofamscan/ko_tables/taurine/MMETSP0270_clean.csv,1,0,0,0,0,0,0,0,0,0,0,0,0,1,0,0
kofamscan/ko_tables/taurine/MMETSP0964_clean.csv,0,0,0,0,0,0,0,0,0,0,0,0,0,1,0,0
kofamscan/ko_tables/taurine/MMETSP1449_clean.csv,0,0,0,0,0,0,0,0,0,0,0,0,0,0,0,1
kofamscan/ko_tables/taurine/MMETSP1039_clean.csv,0,0,0,0,0,0,0,0,0,0,0,0,0,0,0,0
kofamscan/ko_tables/taurine/MMETSP0799_clean.csv,0,0,0,0,0,0,0,0,0,0,0,0,0,0,1,0
kofamscan/ko_tables/taurine/MMETSP1322_clean.csv,0,0,0,0,0,0,0,0,0,0,0,0,0,0,0,0
kofamscan/ko_tables/taurine/MMETSP0176_clean.csv,0,0,0,0,0,0,0,0,0,0,0,0,0,1,0,0
kofamscan/ko_tables/taurine/MMETSP0800_clean.csv,0,0,0,0,0,0,0,0,0,0,0,0,0,0,0,1
kofamscan/ko_tables/taurine/MMETSP0986_clean.csv,1,0,0,0,0,0,0,0,0,0,0,0,0,0,0,0
kofamscan/ko_tables/taurine/MMETSP0470_clean.csv,1,0,0,1,0,0,1,0,0,0,0,0,0,1,0,0
kofamscan/ko_tables/taurine/MMETSP0984_clean.csv,0,0,0,0,0,0,0,0,0,0,0,0,0,0,0,0
kofamscan/ko_tables/taurine/MMETSP0880_clean.csv,0,0,0,0,0,0,0,0,0,0,0,0,0,0,0,0
kofamscan/ko_tables/taurine/MMETSP0932_clean.csv,0,0,0,0,0,0,0,0,0,0,0,0,0,1,0,0
kofamscan/ko_tables/taurine/MMETSP0794_clean.csv,0,0,0,1,0,0,0,0,0,0,0,0,0,0,0,0
kofamscan/ko_tables/taurine/MMETSP0059_clean.csv,0,0,0,0,0,0,0,0,0,0,0,0,0,0,0,0
kofamscan/ko_tables/taurine/MMETSP1114_clean.csv,0,0,0,0,0,0,0,0,0,0,0,0,0,0,0,0
kofamscan/ko_tables/taurine/MMETSP1472_clean.csv,0,0,0,0,0,0,0,0,0,0,0,0,0,0,0,0
kofamscan/ko_tables/taurine/MMETSP1154_clean.csv,0,0,0,0,0,0,1,0,0,0,0,0,0,0,0,1
kofamscan/ko_tables/taurine/MMETSP1159_clean.csv,0,0,0,0,0,0,0,0,0,0,0,0,0,1,0,0
kofamscan/ko_tables/taurine/MMETSP1005_clean.csv,0,0,0,0,0,0,0,0,0,0,0,0,0,0,1,0
kofamscan/ko_tables/taurine/MMETSP1336_clean.csv,0,0,0,0,0,0,0,0,0,0,0,0,0,0,0,0
kofamscan/ko_tables/taurine/MMETSP0104_clean.csv,1,0,0,1,0,0,0,0,0,0,0,0,0,0,0,1
kofamscan/ko_tables/taurine/MMETSP1436_clean.csv,1,0,0,0,0,0,0,0,0,0,0,0,0,0,0,0
kofamscan/ko_tables/taurine/MMETSP1090_clean.csv,0,0,0,0,0,0,1,0,0,0,0,0,0,0,0,0
kofamscan/ko_tables/taurine/MMETSP0198_clean.csv,0,0,0,0,0,0,0,0,0,0,0,0,0,0,0,1
kofamscan/ko_tables/taurine/MMETSP0210_clean.csv,0,0,0,0,0,0,0,0,0,0,0,0,0,0,0,0
kofamscan/ko_tables/taurine/MMETSP1150_clean.csv,0,0,0,0,0,0,0,0,0,0,0,0,0,0,0,1
kofamscan/ko_tables/taurine/MMETSP1312_clean.csv,0,0,0,0,0,0,0,0,0,0,0,0,0,1,0,0
kofamscan/ko_tables/taurine/MMETSP0112_clean.csv,0,0,0,0,0,0,1,0,0,0,0,0,0,0,0,1
kofamscan/ko_tables/taurine/MMETSP0360_clean.csv,1,0,0,0,0,0,0,0,0,0,1,0,0,1,0,1
kofamscan/ko_tables/taurine/MMETSP0419_clean.csv,0,0,0,0,0,0,0,0,0,0,0,0,0,0,0,0
kofamscan/ko_tables/taurine/MMETSP0099_clean.csv,0,0,0,0,0,0,0,0,0,0,0,0,0,1,0,0
kofamscan/ko_tables/taurine/MMETSP0960_clean.csv,0,0,0,0,0,0,0,0,0,0,0,0,0,1,0,1
kofamscan/ko_tables/taurine/MMETSP1442_clean.csv,0,0,0,0,0,0,0,0,0,0,0,0,0,0,0,0
kofamscan/ko_tables/taurine/MMETSP0173_clean.csv,0,0,1,1,0,0,0,0,0,0,0,0,0,1,0,0
kofamscan/ko_tables/taurine/MMETSP1450_clean.csv,0,0,0,0,0,0,0,0,0,0,0,0,0,0,0,0
kofamscan/ko_tables/taurine/MMETSP0322_clean.csv,0,0,0,0,0,0,0,0,0,0,0,0,0,0,0,1
kofamscan/ko_tables/taurine/MMETSP0578_clean.csv,0,0,0,0,0,0,0,0,0,0,0,0,0,0,0,0
kofamscan/ko_tables/taurine/MMETSP0810_clean.csv,0,0,0,1,0,0,0,0,0,0,0,0,0,1,0,0
kofamscan/ko_tables/taurine/MMETSP0372_clean.csv,0,0,0,0,0,0,0,0,0,0,0,0,0,0,0,0
kofamscan/ko_tables/taurine/MMETSP1061_clean.csv,0,0,0,0,0,0,0,0,0,0,0,0,0,0,0,1
kofamscan/ko_tables/taurine/MMETSP1130_clean.csv,0,0,0,0,0,0,0,0,0,0,0,0,0,0,0,0
kofamscan/ko_tables/taurine/MMETSP0063_clean.csv,0,0,0,0,0,0,0,0,0,0,0,0,0,0,0,0
kofamscan/ko_tables/taurine/MMETSP1466_clean.csv,0,0,0,0,0,0,0,0,0,0,0,0,0,0,0,0
kofamscan/ko_tables/taurine/MMETSP0323_clean.csv,0,0,0,0,0,0,0,0,0,0,0,0,0,0,0,0
kofamscan/ko_tables/taurine/MMETSP1050_clean.csv,0,0,0,0,0,0,0,0,0,0,0,0,0,0,0,0
kofamscan/ko_tables/taurine/MMETSP1101_clean.csv,0,0,0,0,0,0,0,0,0,0,0,0,0,1,0,0
kofamscan/ko_tables/taurine/MMETSP0312_clean.csv,0,0,0,0,0,0,0,0,0,0,0,0,0,0,0,1
kofamscan/ko_tables/taurine/MMETSP0889_clean.csv,0,0,0,0,0,0,0,0,0,0,0,0,0,0,0,0
kofamscan/ko_tables/taurine/MMETSP0007_clean.csv,0,0,0,0,0,0,0,0,0,0,0,0,0,0,0,0
kofamscan/ko_tables/taurine/MMETSP0271_clean.csv,1,0,0,0,0,0,0,0,0,0,0,0,0,1,0,0
kofamscan/ko_tables/taurine/MMETSP1052_clean.csv,0,0,0,0,0,0,1,0,0,0,0,0,0,0,0,1
kofamscan/ko_tables/taurine/MMETSP0737_clean.csv,0,0,0,0,0,0,0,0,0,0,0,0,0,0,0,0
kofamscan/ko_tables/taurine/MMETSP0286_clean.csv,0,0,0,0,0,0,0,0,0,0,0,0,0,0,0,0
kofamscan/ko_tables/taurine/MMETSP1125_clean.csv,1,0,0,1,0,0,0,0,0,0,0,0,0,0,0,0
kofamscan/ko_tables/taurine/MMETSP0894_clean.csv,0,0,0,0,0,0,0,0,0,0,0,0,0,0,0,0
kofamscan/ko_tables/taurine/MMETSP0699_clean.csv,0,0,0,0,0,0,0,0,0,0,0,0,0,0,0,1
kofamscan/ko_tables/taurine/MMETSP0058_clean.csv,0,0,0,0,0,0,0,0,0,0,0,0,0,0,0,0
kofamscan/ko_tables/taurine/MMETSP0696_clean.csv,0,0,0,0,0,0,0,0,0,0,0,0,0,0,0,1
kofamscan/ko_tables/taurine/MMETSP1019_clean.csv,0,0,0,0,0,0,0,0,0,0,0,0,0,0,0,0
kofamscan/ko_tables/taurine/MMETSP0093_clean.csv,1,0,0,0,0,0,0,0,0,0,1,0,0,0,0,1
kofamscan/ko_tables/taurine/MMETSP1433_clean.csv,0,0,0,0,0,0,0,0,0,0,0,0,0,1,0,0
kofamscan/ko_tables/taurine/MMETSP0736_clean.csv,0,0,0,0,0,0,0,0,0,0,0,0,0,0,0,0
kofamscan/ko_tables/taurine/MMETSP0418_clean.csv,0,0,0,0,0,0,0,0,0,0,0,0,0,0,0,0
