,K22934,K00697,K05342,K02777,K06044,K13057,K05343,K16055,K02819,K01214,K01236,K01087,K01194
kofamscan/ko_tables/trehalose/MMETSP1380_clean.csv,0,0,0,0,0,0,0,0,0,0,0,0,0
kofamscan/ko_tables/trehalose/MMETSP0409_clean.csv,0,0,0,0,0,0,0,0,0,0,0,1,0
kofamscan/ko_tables/trehalose/MMETSP0320_clean.csv,0,0,0,0,0,0,0,1,0,0,0,0,0
kofamscan/ko_tables/trehalose/MMETSP1374_clean.csv,0,0,0,0,0,0,0,0,0,0,0,0,0
kofamscan/ko_tables/trehalose/MMETSP0907_clean.csv,0,0,0,0,0,0,0,1,0,0,0,0,0
kofamscan/ko_tables/trehalose/MMETSP1407_clean.csv,0,0,0,0,0,0,0,1,0,0,0,0,0
kofamscan/ko_tables/trehalose/MMETSP0816_clean.csv,0,0,0,0,0,0,0,0,0,0,0,0,0
kofamscan/ko_tables/trehalose/MMETSP0661_clean.csv,0,0,0,0,0,0,0,1,0,0,0,0,0
kofamscan/ko_tables/trehalose/MMETSP1165_clean.csv,0,0,0,0,0,0,0,0,0,0,0,0,1
kofamscan/ko_tables/trehalose/MMETSP1411_clean.csv,0,0,0,0,0,0,0,1,0,0,0,0,0
kofamscan/ko_tables/trehalose/MMETSP0759_clean.csv,0,1,0,0,0,0,0,1,0,0,0,0,0
kofamscan/ko_tables/trehalose/MMETSP1319_clean.csv,0,0,0,0,0,0,0,0,0,0,0,0,0
kofamscan/ko_tables/trehalose/MMETSP0117_clean.csv,0,0,0,0,0,0,0,0,0,0,0,0,1
kofamscan/ko_tables/trehalose/MMETSP0887_clean.csv,0,1,0,0,0,0,0,1,0,0,0,1,1
kofamscan/ko_tables/trehalose/MMETSP1174_clean.csv,0,1,0,0,0,0,0,1,0,0,0,1,1
kofamscan/ko_tables/trehalose/MMETSP0898_clean.csv,0,0,0,0,0,0,0,1,0,0,0,0,0
kofamscan/ko_tables/trehalose/MMETSP0088_clean.csv,0,0,0,0,0,0,0,0,0,0,0,0,0
kofamscan/ko_tables/trehalose/MMETSP1395_clean.csv,0,0,0,0,0,0,0,0,0,0,0,0,0
kofamscan/ko_tables/trehalose/MMETSP0398_clean.csv,0,0,0,0,0,0,0,0,0,0,0,0,0
kofamscan/ko_tables/trehalose/MMETSP0922_clean.csv,0,0,0,0,0,0,0,0,0,0,0,0,0
kofamscan/ko_tables/trehalose/MMETSP0780_clean.csv,0,1,0,0,0,0,0,1,0,0,0,1,1
kofamscan/ko_tables/trehalose/MMETSP0227_clean.csv,0,1,0,0,0,0,0,1,0,0,0,0,1
kofamscan/ko_tables/trehalose/MMETSP0141_clean.csv,0,0,0,0,0,0,0,1,0,0,0,0,0
kofamscan/ko_tables/trehalose/MMETSP1007_clean.csv,0,0,0,0,0,0,0,0,0,0,0,1,1
kofamscan/ko_tables/trehalose/MMETSP0852_clean.csv,0,0,0,0,0,0,0,0,0,0,0,0,0
kofamscan/ko_tables/trehalose/MMETSP0812_clean.csv,0,0,0,0,0,0,0,0,0,0,0,0,0
kofamscan/ko_tables/trehalose/MMETSP0105_clean.csv,0,0,0,0,0,0,0,0,0,0,0,0,0
kofamscan/ko_tables/trehalose/MMETSP1384_clean.csv,0,0,0,0,0,0,0,0,0,0,0,1,1
kofamscan/ko_tables/trehalose/MMETSP1063_clean.csv,0,0,0,0,0,0,0,1,0,0,0,0,0
kofamscan/ko_tables/trehalose/MMETSP0467_clean.csv,0,0,0,0,0,0,0,0,0,0,0,0,0
kofamscan/ko_tables/trehalose/MMETSP0086_clean.csv,0,0,0,0,0,0,0,0,0,0,0,0,0
kofamscan/ko_tables/trehalose/MMETSP1366_clean.csv,0,0,0,0,0,0,0,1,0,0,0,1,1
kofamscan/ko_tables/trehalose/MMETSP1439_clean.csv,0,0,0,0,0,0,0,0,0,0,0,0,0
kofamscan/ko_tables/trehalose/MMETSP0693_clean.csv,0,0,0,0,0,0,0,0,0,0,0,0,0
kofamscan/ko_tables/trehalose/MMETSP1032_clean.csv,0,0,0,0,0,0,0,1,0,0,0,0,0
kofamscan/ko_tables/trehalose/MMETSP1399_clean.csv,0,1,0,0,0,0,0,1,0,0,0,1,1
kofamscan/ko_tables/trehalose/MMETSP0100_clean.csv,0,0,0,0,0,0,0,0,0,0,0,0,0
kofamscan/ko_tables/trehalose/MMETSP0328_clean.csv,0,0,0,0,0,0,0,0,0,0,0,0,0
kofamscan/ko_tables/trehalose/MMETSP1042_clean.csv,0,0,0,0,0,0,0,0,0,0,0,0,0
kofamscan/ko_tables/trehalose/MMETSP1171_clean.csv,0,0,0,0,0,0,0,0,0,0,0,0,0
kofamscan/ko_tables/trehalose/MMETSP0209_clean.csv,0,0,0,0,0,0,0,0,0,0,0,0,0
kofamscan/ko_tables/trehalose/MMETSP0252_clean.csv,0,0,0,0,0,0,0,0,0,0,0,0,0
kofamscan/ko_tables/trehalose/MMETSP0471_clean.csv,0,0,0,0,0,0,0,0,0,0,0,0,1
kofamscan/ko_tables/trehalose/MMETSP0955_clean.csv,0,0,0,0,0,0,0,0,0,0,0,1,0
kofamscan/ko_tables/trehalose/MMETSP0199_clean.csv,0,0,0,0,0,0,0,0,0,0,0,0,0
kofamscan/ko_tables/trehalose/MMETSP1057_clean.csv,0,0,0,0,0,0,0,1,0,0,0,0,0
kofamscan/ko_tables/trehalose/MMETSP0434_clean.csv,0,0,0,0,0,0,0,0,0,0,0,0,0
kofamscan/ko_tables/trehalose/MMETSP1097_clean.csv,0,0,0,0,0,0,0,0,0,0,0,0,0
kofamscan/ko_tables/trehalose/MMETSP0115_clean.csv,0,0,0,0,0,0,0,0,0,0,0,1,0
kofamscan/ko_tables/trehalose/MMETSP0593_clean.csv,0,0,0,0,0,0,0,0,0,0,0,0,0
kofamscan/ko_tables/trehalose/MMETSP0798_clean.csv,0,0,0,0,0,0,0,0,0,0,0,0,0
kofamscan/ko_tables/trehalose/MMETSP0318_clean.csv,0,0,0,0,0,0,0,1,0,0,0,0,0
kofamscan/ko_tables/trehalose/MMETSP0527_clean.csv,0,0,0,0,0,0,0,1,0,0,0,0,1
kofamscan/ko_tables/trehalose/MMETSP1357_clean.csv,0,0,0,0,0,0,0,0,0,0,0,0,0
kofamscan/ko_tables/trehalose/MMETSP1058_clean.csv,0,0,0,0,0,0,0,1,0,0,0,0,0
kofamscan/ko_tables/trehalose/MMETSP0095_clean.csv,0,0,0,0,0,0,0,1,0,0,0,0,1
kofamscan/ko_tables/trehalose/MMETSP0950_clean.csv,0,0,0,0,0,0,0,1,0,0,0,1,1
kofamscan/ko_tables/trehalose/MMETSP1321_clean.csv,0,0,0,0,0,0,0,1,0,0,0,0,0
kofamscan/ko_tables/trehalose/MMETSP0211_clean.csv,0,0,0,0,0,0,0,0,0,0,0,0,0
kofamscan/ko_tables/trehalose/MMETSP1326_clean.csv,0,1,0,0,0,0,0,1,0,0,0,1,1
kofamscan/ko_tables/trehalose/MMETSP1002_clean.csv,0,0,0,0,0,0,0,0,0,0,0,0,0
kofamscan/ko_tables/trehalose/MMETSP0818_clean.csv,0,1,0,0,0,0,0,1,0,0,0,1,1
kofamscan/ko_tables/trehalose/MMETSP0718_clean.csv,0,0,0,0,0,0,0,0,0,0,0,0,0
kofamscan/ko_tables/trehalose/MMETSP0415_clean.csv,0,0,0,0,0,0,0,0,0,0,0,1,0
kofamscan/ko_tables/trehalose/MMETSP0976_clean.csv,0,1,0,0,0,0,0,1,0,0,0,1,1
kofamscan/ko_tables/trehalose/MMETSP0751_clean.csv,0,0,0,0,0,0,0,1,0,0,0,0,0
kofamscan/ko_tables/trehalose/MMETSP1371_clean.csv,0,0,0,0,0,0,0,0,0,0,0,0,1
kofamscan/ko_tables/trehalose/MMETSP1422_clean.csv,0,0,0,0,0,0,0,1,0,0,0,0,0
kofamscan/ko_tables/trehalose/MMETSP1419_clean.csv,0,0,0,0,0,0,0,1,0,0,0,0,0
kofamscan/ko_tables/trehalose/MMETSP1421_clean.csv,0,0,0,0,0,0,0,1,0,0,0,0,0
kofamscan/ko_tables/trehalose/MMETSP1396_clean.csv,0,0,0,0,0,0,0,0,0,0,0,0,0
kofamscan/ko_tables/trehalose/MMETSP0404_clean.csv,0,0,0,0,0,0,0,1,0,0,0,0,0
kofamscan/ko_tables/trehalose/MMETSP0041_clean.csv,0,0,0,0,0,0,0,1,0,0,0,1,1
kofamscan/ko_tables/trehalose/MMETSP1425_clean.csv,0,0,0,0,0,0,0,0,0,0,0,0,1
kofamscan/ko_tables/trehalose/MMETSP0308_clean.csv,0,0,0,0,0,0,0,1,0,0,1,0,0
kofamscan/ko_tables/trehalose/MMETSP0910_clean.csv,0,0,0,0,0,0,0,1,0,0,0,0,0
kofamscan/ko_tables/trehalose/MMETSP1432_clean.csv,0,0,0,0,0,0,0,0,0,0,0,0,0
kofamscan/ko_tables/trehalose/MMETSP0259_clean.csv,0,0,0,0,0,0,0,1,0,0,0,0,1
kofamscan/ko_tables/trehalose/MMETSP1176_clean.csv,0,0,0,0,0,0,0,1,0,0,0,0,0
kofamscan/ko_tables/trehalose/MMETSP1465_clean.csv,0,0,0,0,0,0,0,0,0,0,0,0,0
kofamscan/ko_tables/trehalose/MMETSP1104_clean.csv,0,1,0,0,0,0,0,1,0,0,0,1,1
kofamscan/ko_tables/trehalose/MMETSP0004_clean.csv,0,0,0,0,0,0,0,0,0,0,0,0,1
kofamscan/ko_tables/trehalose/MMETSP1172_clean.csv,0,0,0,0,0,0,0,1,0,0,0,1,1
kofamscan/ko_tables/trehalose/MMETSP1055_clean.csv,0,0,0,0,0,0,0,0,0,0,0,1,1
kofamscan/ko_tables/trehalose/MMETSP1403_clean.csv,0,1,0,0,0,0,0,1,0,0,0,1,1
kofamscan/ko_tables/trehalose/MMETSP0574_clean.csv,0,0,0,0,0,0,0,1,0,0,0,0,1
kofamscan/ko_tables/trehalose/MMETSP0202_clean.csv,0,0,0,0,0,0,0,0,0,0,0,0,1
kofamscan/ko_tables/trehalose/MMETSP0796_clean.csv,0,0,0,0,0,0,0,1,0,0,0,0,1
kofamscan/ko_tables/trehalose/MMETSP0797_clean.csv,0,0,0,0,0,0,0,1,0,0,0,0,0
kofamscan/ko_tables/trehalose/MMETSP1127_clean.csv,0,1,0,0,0,0,0,1,0,0,0,1,1
kofamscan/ko_tables/trehalose/MMETSP1413_clean.csv,0,0,0,0,0,0,0,1,0,0,0,0,0
kofamscan/ko_tables/trehalose/MMETSP0991_clean.csv,0,0,0,0,0,0,0,0,0,0,0,0,1
kofamscan/ko_tables/trehalose/MMETSP1474_clean.csv,0,0,0,0,0,0,0,1,0,0,0,1,1
kofamscan/ko_tables/trehalose/MMETSP1406_clean.csv,0,0,0,0,0,0,0,1,0,0,0,0,0
kofamscan/ko_tables/trehalose/MMETSP1123_clean.csv,0,0,0,0,0,0,0,0,0,0,0,0,0
kofamscan/ko_tables/trehalose/MMETSP0930_clean.csv,0,1,0,0,0,0,0,1,0,0,0,0,1
kofamscan/ko_tables/trehalose/MMETSP0573_clean.csv,0,0,0,0,0,1,0,1,0,0,0,0,1
kofamscan/ko_tables/trehalose/MMETSP1013_clean.csv,0,0,0,0,0,0,0,0,0,0,0,0,0
kofamscan/ko_tables/trehalose/MMETSP1080_clean.csv,0,1,0,0,0,0,0,1,0,0,0,1,0
kofamscan/ko_tables/trehalose/MMETSP1464_clean.csv,0,1,0,0,0,0,0,1,0,0,0,1,1
kofamscan/ko_tables/trehalose/MMETSP0891_clean.csv,0,0,0,0,0,0,0,1,0,0,0,1,1
kofamscan/ko_tables/trehalose/MMETSP1169_clean.csv,0,1,0,0,0,0,0,1,0,0,0,1,1
kofamscan/ko_tables/trehalose/MMETSP1128_clean.csv,0,1,0,0,0,0,0,1,0,0,0,1,0
kofamscan/ko_tables/trehalose/MMETSP1155_clean.csv,0,1,0,0,0,0,0,1,0,0,0,1,1
kofamscan/ko_tables/trehalose/MMETSP0149_clean.csv,0,0,0,0,0,0,0,1,0,0,0,0,0
kofamscan/ko_tables/trehalose/MMETSP1100_clean.csv,0,1,0,0,0,0,0,1,0,0,0,1,0
kofamscan/ko_tables/trehalose/MMETSP0942_clean.csv,0,0,0,0,0,0,0,0,0,0,0,0,1
kofamscan/ko_tables/trehalose/MMETSP1137_clean.csv,0,0,0,0,0,0,0,0,0,0,0,1,0
kofamscan/ko_tables/trehalose/MMETSP0973_clean.csv,0,0,0,0,0,0,0,0,0,0,0,0,0
kofamscan/ko_tables/trehalose/MMETSP0413_clean.csv,0,0,0,0,0,0,0,1,0,0,0,0,0
kofamscan/ko_tables/trehalose/MMETSP0200_clean.csv,0,0,0,0,0,0,0,1,0,0,0,0,0
kofamscan/ko_tables/trehalose/MMETSP1047_clean.csv,0,0,0,0,0,0,0,0,0,0,0,0,1
kofamscan/ko_tables/trehalose/MMETSP0347_clean.csv,0,0,0,0,0,0,0,0,0,0,0,0,0
kofamscan/ko_tables/trehalose/MMETSP1394_clean.csv,0,0,0,0,0,0,0,1,0,0,0,0,0
kofamscan/ko_tables/trehalose/MMETSP0096_clean.csv,0,0,0,0,0,0,0,1,0,0,0,0,0
kofamscan/ko_tables/trehalose/MMETSP0811_clean.csv,0,1,1,0,0,0,0,1,0,0,0,0,0
kofamscan/ko_tables/trehalose/MMETSP0417_clean.csv,0,1,0,0,0,0,0,1,0,0,0,0,1
kofamscan/ko_tables/trehalose/MMETSP0087_clean.csv,0,0,0,0,0,0,0,1,0,0,0,1,1
kofamscan/ko_tables/trehalose/MMETSP1117_clean.csv,0,0,0,0,0,0,0,0,0,0,0,0,0
kofamscan/ko_tables/trehalose/MMETSP0603_clean.csv,0,0,0,0,0,0,0,1,0,0,0,0,0
kofamscan/ko_tables/trehalose/MMETSP0734_clean.csv,0,0,0,0,0,0,0,1,0,0,0,0,0
kofamscan/ko_tables/trehalose/MMETSP0011_clean.csv,0,0,0,0,0,0,0,1,0,0,0,0,0
kofamscan/ko_tables/trehalose/MMETSP1401_clean.csv,0,1,0,0,0,0,0,1,0,0,0,0,0
kofamscan/ko_tables/trehalose/MMETSP1412_clean.csv,0,0,0,0,0,0,0,1,0,0,0,0,0
kofamscan/ko_tables/trehalose/MMETSP1469_clean.csv,0,1,0,0,0,0,0,1,0,0,0,1,0
kofamscan/ko_tables/trehalose/MMETSP1035_clean.csv,0,0,0,0,0,0,0,1,0,0,0,0,0
kofamscan/ko_tables/trehalose/MMETSP0938_clean.csv,0,1,0,0,0,0,0,1,0,0,0,0,1
kofamscan/ko_tables/trehalose/MMETSP0092_clean.csv,0,0,0,0,0,0,0,0,0,0,0,0,0
kofamscan/ko_tables/trehalose/MMETSP0820_clean.csv,0,1,0,0,0,0,0,1,0,0,0,1,1
kofamscan/ko_tables/trehalose/MMETSP0993_clean.csv,0,0,0,0,0,0,0,0,0,0,0,0,1
kofamscan/ko_tables/trehalose/MMETSP0909_clean.csv,0,0,0,0,0,0,0,0,0,0,0,0,0
kofamscan/ko_tables/trehalose/MMETSP0160_clean.csv,0,0,0,0,0,0,0,0,0,0,0,0,0
kofamscan/ko_tables/trehalose/MMETSP1049_clean.csv,0,0,0,0,0,0,0,0,0,0,0,0,0
kofamscan/ko_tables/trehalose/MMETSP1459_clean.csv,0,0,0,0,0,0,0,1,0,0,0,1,1
kofamscan/ko_tables/trehalose/MMETSP1388_clean.csv,0,0,0,0,0,0,0,1,0,0,0,1,1
kofamscan/ko_tables/trehalose/MMETSP0920_clean.csv,0,0,0,0,0,0,0,0,0,0,0,0,0
kofamscan/ko_tables/trehalose/MMETSP1095_clean.csv,0,0,0,0,0,0,0,0,0,0,0,0,0
kofamscan/ko_tables/trehalose/MMETSP0120_clean.csv,0,0,0,0,0,0,0,1,0,0,0,0,1
kofamscan/ko_tables/trehalose/MMETSP1151_clean.csv,0,0,0,0,0,0,0,1,0,0,0,1,1
kofamscan/ko_tables/trehalose/MMETSP0006_clean.csv,0,1,0,0,0,0,0,1,0,0,0,1,1
kofamscan/ko_tables/trehalose/MMETSP1473_clean.csv,0,1,0,0,0,0,0,1,0,0,0,1,1
kofamscan/ko_tables/trehalose/MMETSP0272_clean.csv,0,0,0,0,0,0,0,1,0,0,0,0,0
kofamscan/ko_tables/trehalose/MMETSP0899_clean.csv,0,0,0,0,0,0,0,1,0,0,0,0,0
kofamscan/ko_tables/trehalose/MMETSP0151_clean.csv,0,0,0,0,0,0,0,0,0,0,0,0,0
kofamscan/ko_tables/trehalose/MMETSP1381_clean.csv,0,0,0,0,0,0,0,0,0,0,0,1,0
kofamscan/ko_tables/trehalose/MMETSP0326_clean.csv,0,0,0,0,0,0,0,0,0,0,0,0,1
kofamscan/ko_tables/trehalose/MMETSP0912_clean.csv,0,0,0,0,0,0,0,0,0,0,0,0,0
kofamscan/ko_tables/trehalose/MMETSP1070_clean.csv,0,0,0,0,0,0,0,1,0,0,0,0,0
kofamscan/ko_tables/trehalose/MMETSP0900_clean.csv,0,0,0,0,0,0,0,1,0,0,0,0,0
kofamscan/ko_tables/trehalose/MMETSP0014_clean.csv,0,0,0,0,0,0,0,1,0,0,0,0,0
kofamscan/ko_tables/trehalose/MMETSP1400_clean.csv,0,1,0,0,0,0,0,1,0,0,0,0,1
kofamscan/ko_tables/trehalose/MMETSP1437_clean.csv,0,0,0,0,0,0,0,1,0,0,0,0,0
kofamscan/ko_tables/trehalose/MMETSP1447_clean.csv,0,0,0,0,0,0,0,0,0,0,0,0,0
kofamscan/ko_tables/trehalose/MMETSP0140_clean.csv,0,0,0,0,0,0,0,1,0,0,0,0,0
kofamscan/ko_tables/trehalose/MMETSP1161_clean.csv,0,1,0,0,0,0,0,1,0,0,0,1,0
kofamscan/ko_tables/trehalose/MMETSP1043_clean.csv,0,0,0,0,0,0,0,0,0,0,0,0,0
kofamscan/ko_tables/trehalose/MMETSP1316_clean.csv,0,0,0,0,0,0,0,1,0,0,0,1,0
kofamscan/ko_tables/trehalose/MMETSP1157_clean.csv,0,1,0,0,0,0,0,1,0,0,0,1,1
kofamscan/ko_tables/trehalose/MMETSP0790_clean.csv,0,0,0,0,0,0,0,1,0,0,0,0,1
kofamscan/ko_tables/trehalose/MMETSP1360_clean.csv,0,0,0,0,0,0,0,1,0,0,0,0,1
kofamscan/ko_tables/trehalose/MMETSP0258_clean.csv,0,0,0,0,0,0,0,1,0,0,0,0,1
kofamscan/ko_tables/trehalose/MMETSP0746_clean.csv,0,0,0,0,0,0,0,0,0,0,0,0,0
kofamscan/ko_tables/trehalose/MMETSP1420_clean.csv,0,0,0,0,0,0,0,1,0,0,0,0,0
kofamscan/ko_tables/trehalose/MMETSP1397_clean.csv,0,0,0,0,0,0,0,0,0,0,0,0,0
kofamscan/ko_tables/trehalose/MMETSP1452_clean.csv,0,0,0,0,0,0,0,0,0,0,0,1,0
kofamscan/ko_tables/trehalose/MMETSP1178_clean.csv,0,0,0,0,0,0,0,0,0,0,0,0,0
kofamscan/ko_tables/trehalose/MMETSP1115_clean.csv,0,0,0,0,0,0,0,1,0,0,0,0,0
kofamscan/ko_tables/trehalose/MMETSP1361_clean.csv,0,0,0,0,0,0,0,1,0,0,0,0,0
kofamscan/ko_tables/trehalose/MMETSP0941_clean.csv,0,1,0,0,0,0,0,1,0,0,0,1,0
kofamscan/ko_tables/trehalose/MMETSP0098_clean.csv,0,0,0,0,0,0,0,0,0,0,0,0,0
kofamscan/ko_tables/trehalose/MMETSP0924_clean.csv,0,0,0,0,0,0,0,0,0,0,0,0,0
kofamscan/ko_tables/trehalose/MMETSP0234_clean.csv,0,1,0,0,0,0,0,1,0,0,0,0,1
kofamscan/ko_tables/trehalose/MMETSP1106_clean.csv,0,1,0,0,0,0,0,1,0,0,0,1,0
kofamscan/ko_tables/trehalose/MMETSP0267_clean.csv,0,0,0,0,0,0,0,1,0,0,0,0,0
kofamscan/ko_tables/trehalose/MMETSP0091_clean.csv,0,0,0,0,0,0,0,0,0,0,0,0,0
kofamscan/ko_tables/trehalose/MMETSP0132_clean.csv,0,0,0,0,0,0,0,0,0,0,0,0,0
kofamscan/ko_tables/trehalose/MMETSP1417_clean.csv,0,0,0,0,0,0,0,1,0,0,0,0,0
kofamscan/ko_tables/trehalose/MMETSP1363_clean.csv,0,0,0,0,0,0,0,1,0,0,0,1,1
kofamscan/ko_tables/trehalose/MMETSP0316_clean.csv,0,0,0,0,0,0,0,1,0,0,0,0,0
kofamscan/ko_tables/trehalose/MMETSP0229_clean.csv,0,0,0,0,0,0,0,0,0,0,0,0,0
kofamscan/ko_tables/trehalose/MMETSP1408_clean.csv,0,0,0,0,0,0,0,1,0,0,0,0,0
kofamscan/ko_tables/trehalose/MMETSP0987_clean.csv,0,0,0,0,0,0,0,0,0,0,0,0,0
kofamscan/ko_tables/trehalose/MMETSP1333_clean.csv,0,1,0,0,0,0,0,1,0,0,0,1,0
kofamscan/ko_tables/trehalose/MMETSP1345_clean.csv,0,0,0,0,0,0,0,1,0,0,0,0,0
kofamscan/ko_tables/trehalose/MMETSP0878_clean.csv,0,0,0,0,0,0,0,1,0,0,0,0,0
kofamscan/ko_tables/trehalose/MMETSP1153_clean.csv,0,0,0,0,0,0,0,1,0,0,0,1,1
kofamscan/ko_tables/trehalose/MMETSP0288_clean.csv,0,0,0,0,0,0,0,0,0,0,0,0,1
kofamscan/ko_tables/trehalose/MMETSP1462_clean.csv,0,0,0,0,0,0,0,1,0,0,0,0,0
kofamscan/ko_tables/trehalose/MMETSP0139_clean.csv,0,0,0,0,0,0,0,1,0,0,0,0,0
kofamscan/ko_tables/trehalose/MMETSP1096_clean.csv,0,0,0,0,0,0,0,1,0,0,0,1,0
kofamscan/ko_tables/trehalose/MMETSP1418_clean.csv,0,0,0,0,0,0,0,1,0,0,0,0,0
kofamscan/ko_tables/trehalose/MMETSP0963_clean.csv,0,0,0,0,0,0,0,0,0,0,0,0,0
kofamscan/ko_tables/trehalose/MMETSP0171_clean.csv,0,0,0,0,0,0,0,1,0,0,0,0,0
kofamscan/ko_tables/trehalose/MMETSP0904_clean.csv,0,0,0,0,0,0,0,0,0,0,0,0,0
kofamscan/ko_tables/trehalose/MMETSP1040_clean.csv,0,0,0,0,0,0,0,1,0,0,0,0,0
kofamscan/ko_tables/trehalose/MMETSP1389_clean.csv,0,0,0,0,0,0,0,0,0,0,0,0,0
kofamscan/ko_tables/trehalose/MMETSP1415_clean.csv,0,0,0,0,0,0,0,1,0,0,0,0,0
kofamscan/ko_tables/trehalose/MMETSP0789_clean.csv,0,0,0,0,0,0,0,1,0,0,0,0,0
kofamscan/ko_tables/trehalose/MMETSP0169_clean.csv,0,0,0,0,0,0,0,1,0,0,0,0,0
kofamscan/ko_tables/trehalose/MMETSP1064_clean.csv,0,0,0,0,0,0,0,1,0,0,0,0,0
kofamscan/ko_tables/trehalose/MMETSP0015_clean.csv,0,0,0,0,0,0,0,1,0,0,0,0,0
kofamscan/ko_tables/trehalose/MMETSP1152_clean.csv,0,0,0,0,0,0,0,1,0,0,0,1,1
kofamscan/ko_tables/trehalose/MMETSP0106_clean.csv,0,0,0,0,0,0,0,0,0,0,0,0,0
kofamscan/ko_tables/trehalose/MMETSP1349_clean.csv,0,0,0,0,0,0,0,0,0,0,0,1,1
kofamscan/ko_tables/trehalose/MMETSP0727_clean.csv,0,0,0,0,0,0,0,1,0,0,0,0,0
kofamscan/ko_tables/trehalose/MMETSP1429_clean.csv,0,0,0,0,0,0,0,0,0,0,0,0,0
kofamscan/ko_tables/trehalose/MMETSP0911_clean.csv,0,0,0,0,0,0,0,0,0,0,0,0,0
kofamscan/ko_tables/trehalose/MMETSP0717_clean.csv,0,0,0,0,0,0,0,0,0,0,0,0,0
kofamscan/ko_tables/trehalose/MMETSP0901_clean.csv,0,0,0,0,0,0,0,1,0,0,0,0,0
kofamscan/ko_tables/trehalose/MMETSP0111_clean.csv,0,0,0,0,0,0,0,1,0,0,0,1,0
kofamscan/ko_tables/trehalose/MMETSP0411_clean.csv,0,0,0,0,0,0,0,0,0,0,0,1,0
kofamscan/ko_tables/trehalose/MMETSP0317_clean.csv,0,0,0,0,0,0,0,1,0,0,0,0,0
kofamscan/ko_tables/trehalose/MMETSP1148_clean.csv,0,0,0,0,0,0,0,0,0,0,0,0,0
kofamscan/ko_tables/trehalose/MMETSP0957_clean.csv,0,0,0,0,0,0,0,0,0,0,0,1,0
kofamscan/ko_tables/trehalose/MMETSP0914_clean.csv,0,0,0,0,0,0,0,0,0,0,0,1,1
kofamscan/ko_tables/trehalose/MMETSP0738_clean.csv,0,0,0,0,0,0,0,0,0,1,0,0,0
kofamscan/ko_tables/trehalose/MMETSP0010_clean.csv,0,0,0,0,0,0,0,1,0,0,0,0,0
kofamscan/ko_tables/trehalose/MMETSP0056_clean.csv,0,0,0,0,0,0,0,0,0,0,0,0,0
kofamscan/ko_tables/trehalose/MMETSP0595_clean.csv,0,1,0,0,0,0,0,1,0,0,0,1,1
kofamscan/ko_tables/trehalose/MMETSP0116_clean.csv,0,0,0,0,0,0,0,1,0,0,0,0,0
kofamscan/ko_tables/trehalose/MMETSP0368_clean.csv,0,0,0,0,0,0,0,1,0,0,0,0,1
kofamscan/ko_tables/trehalose/MMETSP1156_clean.csv,0,1,0,0,0,0,0,1,0,0,0,1,1
kofamscan/ko_tables/trehalose/MMETSP0881_clean.csv,0,0,0,0,0,0,0,1,0,0,0,0,0
kofamscan/ko_tables/trehalose/MMETSP0114_clean.csv,0,0,0,0,0,0,1,1,0,0,0,0,1
kofamscan/ko_tables/trehalose/MMETSP0706_clean.csv,0,0,0,0,0,0,0,0,0,0,0,0,0
kofamscan/ko_tables/trehalose/MMETSP0802_clean.csv,0,0,0,0,0,0,0,1,0,0,0,1,1
kofamscan/ko_tables/trehalose/MMETSP0371_clean.csv,0,0,0,0,0,0,0,1,0,0,0,0,1
kofamscan/ko_tables/trehalose/MMETSP1426_clean.csv,0,0,0,0,0,0,0,0,0,0,0,0,1
kofamscan/ko_tables/trehalose/MMETSP1173_clean.csv,0,1,0,0,0,0,0,1,0,0,0,1,1
kofamscan/ko_tables/trehalose/MMETSP0726_clean.csv,0,0,0,0,0,0,0,0,0,0,0,0,0
kofamscan/ko_tables/trehalose/MMETSP1330_clean.csv,0,0,0,0,0,0,0,1,0,0,0,1,1
kofamscan/ko_tables/trehalose/MMETSP0807_clean.csv,0,0,0,0,0,0,0,1,0,0,0,1,1
kofamscan/ko_tables/trehalose/MMETSP0125_clean.csv,0,0,0,0,0,0,0,0,0,0,0,0,0
kofamscan/ko_tables/trehalose/MMETSP1370_clean.csv,0,0,0,0,0,0,0,0,0,0,0,0,1
kofamscan/ko_tables/trehalose/MMETSP0033_clean.csv,0,1,0,0,0,0,0,1,0,0,0,1,1
kofamscan/ko_tables/trehalose/MMETSP0109_clean.csv,0,0,0,0,0,0,0,1,0,0,0,1,1
kofamscan/ko_tables/trehalose/MMETSP1329_clean.csv,0,0,0,0,0,0,0,0,0,0,0,1,1
kofamscan/ko_tables/trehalose/MMETSP0057_clean.csv,0,0,0,0,0,0,0,0,0,0,0,0,0
kofamscan/ko_tables/trehalose/MMETSP0990_clean.csv,0,0,0,0,0,0,0,0,0,0,0,0,0
kofamscan/ko_tables/trehalose/MMETSP1107_clean.csv,0,0,0,0,0,0,0,0,0,0,0,0,0
kofamscan/ko_tables/trehalose/MMETSP0766_clean.csv,0,0,0,0,0,0,0,1,0,0,0,0,1
kofamscan/ko_tables/trehalose/MMETSP1435_clean.csv,0,0,0,0,0,0,0,0,0,0,0,0,0
kofamscan/ko_tables/trehalose/MMETSP1416_clean.csv,0,0,0,0,0,0,0,1,0,0,0,0,0
kofamscan/ko_tables/trehalose/MMETSP0469_clean.csv,0,0,0,0,0,0,0,0,0,0,0,0,1
kofamscan/ko_tables/trehalose/MMETSP1038_clean.csv,0,0,0,0,0,0,0,1,0,0,0,0,1
kofamscan/ko_tables/trehalose/MMETSP0998_clean.csv,0,0,0,0,0,0,0,1,0,0,0,0,0
kofamscan/ko_tables/trehalose/MMETSP0988_clean.csv,0,0,0,0,0,0,0,0,0,0,0,0,0
kofamscan/ko_tables/trehalose/MMETSP1445_clean.csv,0,0,0,0,0,0,0,1,0,0,0,1,0
kofamscan/ko_tables/trehalose/MMETSP0562_clean.csv,0,0,0,0,0,0,0,0,0,0,0,0,0
kofamscan/ko_tables/trehalose/MMETSP1443_clean.csv,0,0,0,0,0,0,0,0,0,0,0,0,0
kofamscan/ko_tables/trehalose/MMETSP0983_clean.csv,0,0,0,0,0,0,0,1,0,0,0,0,0
kofamscan/ko_tables/trehalose/MMETSP0817_clean.csv,0,1,0,0,0,0,0,1,0,0,0,1,0
kofamscan/ko_tables/trehalose/MMETSP0733_clean.csv,0,0,0,0,0,0,0,1,0,0,0,0,0
kofamscan/ko_tables/trehalose/MMETSP1177_clean.csv,0,0,0,0,0,0,0,0,0,0,0,0,0
kofamscan/ko_tables/trehalose/MMETSP0698_clean.csv,0,0,0,0,0,0,0,1,0,0,0,0,0
kofamscan/ko_tables/trehalose/MMETSP0110_clean.csv,0,1,0,0,0,0,0,1,0,0,0,1,1
kofamscan/ko_tables/trehalose/MMETSP0753_clean.csv,0,0,0,0,0,0,0,1,0,0,0,0,0
kofamscan/ko_tables/trehalose/MMETSP1016_clean.csv,0,0,0,0,0,0,0,0,0,0,0,0,1
kofamscan/ko_tables/trehalose/MMETSP0449_clean.csv,0,0,0,0,0,0,0,0,0,0,0,0,0
kofamscan/ko_tables/trehalose/MMETSP1105_clean.csv,0,0,0,0,0,0,0,1,0,0,0,0,0
kofamscan/ko_tables/trehalose/MMETSP1463_clean.csv,0,0,0,0,0,0,0,0,0,0,0,0,0
kofamscan/ko_tables/trehalose/MMETSP0962_clean.csv,0,0,0,0,0,0,0,0,0,0,0,0,0
kofamscan/ko_tables/trehalose/MMETSP1098_clean.csv,0,0,0,0,0,0,0,0,0,0,0,0,0
kofamscan/ko_tables/trehalose/MMETSP1441_clean.csv,0,0,0,0,0,0,0,0,0,0,0,0,0
kofamscan/ko_tables/trehalose/MMETSP1074_clean.csv,0,0,0,0,0,0,0,1,0,0,0,0,1
kofamscan/ko_tables/trehalose/MMETSP0908_clean.csv,0,0,0,0,0,0,0,1,0,0,0,0,0
kofamscan/ko_tables/trehalose/MMETSP0484_clean.csv,0,0,0,0,0,0,0,0,0,0,0,0,1
kofamscan/ko_tables/trehalose/MMETSP0044_clean.csv,0,0,0,0,0,0,0,0,0,0,0,0,0
kofamscan/ko_tables/trehalose/MMETSP0795_clean.csv,0,0,0,0,0,0,0,0,0,0,0,0,0
kofamscan/ko_tables/trehalose/MMETSP1362_clean.csv,0,0,0,0,0,0,0,1,0,0,0,0,0
kofamscan/ko_tables/trehalose/MMETSP1041_clean.csv,0,0,0,0,0,0,0,0,0,0,0,0,0
kofamscan/ko_tables/trehalose/MMETSP0403_clean.csv,0,0,0,0,0,0,0,1,0,0,0,0,0
kofamscan/ko_tables/trehalose/MMETSP0949_clean.csv,0,0,0,0,0,0,0,1,0,0,0,1,1
kofamscan/ko_tables/trehalose/MMETSP1010_clean.csv,0,0,0,0,0,0,0,1,0,0,0,0,0
kofamscan/ko_tables/trehalose/MMETSP1353_clean.csv,0,0,0,0,0,0,0,1,0,0,0,1,0
kofamscan/ko_tables/trehalose/MMETSP0150_clean.csv,0,0,0,0,0,0,0,1,0,0,0,0,0
kofamscan/ko_tables/trehalose/MMETSP0893_clean.csv,0,0,0,0,0,0,0,1,0,0,0,1,1
kofamscan/ko_tables/trehalose/MMETSP0294_clean.csv,0,0,0,0,0,0,0,1,0,0,0,1,1
kofamscan/ko_tables/trehalose/MMETSP0145_clean.csv,0,0,0,0,0,0,0,1,0,0,0,1,0
kofamscan/ko_tables/trehalose/MMETSP1405_clean.csv,0,0,0,0,0,0,0,1,0,0,0,0,0
kofamscan/ko_tables/trehalose/MMETSP0046_clean.csv,0,0,0,0,0,0,0,0,0,0,0,0,0
kofamscan/ko_tables/trehalose/MMETSP1083_clean.csv,0,1,0,0,0,0,0,1,0,0,0,1,1
kofamscan/ko_tables/trehalose/MMETSP0724_clean.csv,0,0,0,0,0,0,0,1,0,0,0,0,0
kofamscan/ko_tables/trehalose/MMETSP0472_clean.csv,0,0,0,0,0,0,0,1,0,0,0,0,0
kofamscan/ko_tables/trehalose/MMETSP1352_clean.csv,0,0,0,0,0,0,0,1,0,0,0,0,0
kofamscan/ko_tables/trehalose/MMETSP1364_clean.csv,0,0,0,0,0,0,0,1,0,0,0,1,1
kofamscan/ko_tables/trehalose/MMETSP0174_clean.csv,0,0,0,0,0,0,0,0,0,0,0,0,0
kofamscan/ko_tables/trehalose/MMETSP1365_clean.csv,0,0,0,0,0,0,0,1,0,0,0,1,1
kofamscan/ko_tables/trehalose/MMETSP0971_clean.csv,0,0,0,0,0,0,0,0,0,0,0,0,0
kofamscan/ko_tables/trehalose/MMETSP0896_clean.csv,0,1,0,0,0,0,0,1,0,0,0,1,1
kofamscan/ko_tables/trehalose/MMETSP0879_clean.csv,0,0,0,0,0,0,0,1,0,0,0,0,0
kofamscan/ko_tables/trehalose/MMETSP1359_clean.csv,0,0,0,0,0,0,0,0,0,0,0,1,1
kofamscan/ko_tables/trehalose/MMETSP0972_clean.csv,0,0,0,0,0,0,0,0,0,0,0,0,0
kofamscan/ko_tables/trehalose/MMETSP1323_clean.csv,0,0,0,0,0,0,0,0,0,0,0,0,0
kofamscan/ko_tables/trehalose/MMETSP0156_clean.csv,0,0,0,0,0,0,0,1,0,0,0,0,0
kofamscan/ko_tables/trehalose/MMETSP0142_clean.csv,0,0,0,0,0,0,0,1,0,0,0,0,0
kofamscan/ko_tables/trehalose/MMETSP0123_clean.csv,0,0,0,0,0,0,0,0,0,0,0,0,0
kofamscan/ko_tables/trehalose/MMETSP0107_clean.csv,0,0,0,0,0,0,0,0,0,0,0,1,0
kofamscan/ko_tables/trehalose/MMETSP1367_clean.csv,0,0,0,0,0,0,0,1,0,0,0,0,1
kofamscan/ko_tables/trehalose/MMETSP0029_clean.csv,0,0,0,0,0,0,0,0,0,0,0,0,1
kofamscan/ko_tables/trehalose/MMETSP1324_clean.csv,0,0,0,0,0,0,0,1,0,0,0,0,0
kofamscan/ko_tables/trehalose/MMETSP0916_clean.csv,0,1,0,0,0,0,0,1,0,0,0,1,0
kofamscan/ko_tables/trehalose/MMETSP0108_clean.csv,0,0,0,0,0,0,0,0,0,0,0,1,0
kofamscan/ko_tables/trehalose/MMETSP0027_clean.csv,0,0,0,0,0,1,0,0,0,0,0,0,1
kofamscan/ko_tables/trehalose/MMETSP0251_clean.csv,0,0,0,0,0,0,0,0,0,0,0,0,0
kofamscan/ko_tables/trehalose/MMETSP1018_clean.csv,0,0,0,0,0,0,0,0,0,0,0,0,0
kofamscan/ko_tables/trehalose/MMETSP1089_clean.csv,0,0,0,0,0,0,0,1,0,0,1,0,0
kofamscan/ko_tables/trehalose/MMETSP1369_clean.csv,0,0,0,0,0,0,0,1,0,0,0,0,1
kofamscan/ko_tables/trehalose/MMETSP1144_clean.csv,0,0,0,0,0,0,0,0,0,0,0,0,0
kofamscan/ko_tables/trehalose/MMETSP1143_clean.csv,0,0,0,0,0,0,0,0,0,0,0,0,0
kofamscan/ko_tables/trehalose/MMETSP0944_clean.csv,0,0,0,0,0,0,0,1,0,0,0,1,1
kofamscan/ko_tables/trehalose/MMETSP1310_clean.csv,0,1,0,0,0,0,0,1,0,0,0,0,1
kofamscan/ko_tables/trehalose/MMETSP0382_clean.csv,0,0,0,0,0,0,0,1,0,0,0,0,1
kofamscan/ko_tables/trehalose/MMETSP1402_clean.csv,0,1,0,0,0,0,0,1,0,0,0,1,0
kofamscan/ko_tables/trehalose/MMETSP1315_clean.csv,0,1,0,0,0,0,0,1,0,0,0,1,0
kofamscan/ko_tables/trehalose/MMETSP0956_clean.csv,0,1,0,0,0,0,0,1,0,0,0,1,0
kofamscan/ko_tables/trehalose/MMETSP0166_clean.csv,0,0,0,0,0,0,0,0,0,0,0,0,1
kofamscan/ko_tables/trehalose/MMETSP0939_clean.csv,0,1,0,0,0,0,0,1,0,0,0,1,1
kofamscan/ko_tables/trehalose/MMETSP1140_clean.csv,0,0,0,0,0,0,0,1,0,0,0,1,1
kofamscan/ko_tables/trehalose/MMETSP1377_clean.csv,0,0,0,0,0,0,0,0,0,0,0,0,0
kofamscan/ko_tables/trehalose/MMETSP1434_clean.csv,0,0,0,0,0,0,0,0,0,0,0,0,0
kofamscan/ko_tables/trehalose/MMETSP0121_clean.csv,0,0,0,0,0,0,0,1,0,0,0,0,1
kofamscan/ko_tables/trehalose/MMETSP1390_clean.csv,0,0,0,0,0,0,0,1,0,0,0,0,1
kofamscan/ko_tables/trehalose/MMETSP0994_clean.csv,0,0,0,0,0,0,0,1,0,0,0,1,1
kofamscan/ko_tables/trehalose/MMETSP1012_clean.csv,0,0,0,0,0,0,0,1,0,0,0,0,0
kofamscan/ko_tables/trehalose/MMETSP0047_clean.csv,0,0,0,0,0,0,0,0,0,0,0,0,0
kofamscan/ko_tables/trehalose/MMETSP0410_clean.csv,0,0,0,0,0,0,0,0,0,0,0,1,0
kofamscan/ko_tables/trehalose/MMETSP0295_clean.csv,0,1,0,0,0,0,0,1,0,0,0,1,1
kofamscan/ko_tables/trehalose/MMETSP0803_clean.csv,0,0,0,0,0,0,0,1,0,0,0,1,0
kofamscan/ko_tables/trehalose/MMETSP1066_clean.csv,0,0,0,0,0,0,0,1,0,0,0,0,0
kofamscan/ko_tables/trehalose/MMETSP0814_clean.csv,0,1,0,0,0,0,0,1,0,0,0,1,0
kofamscan/ko_tables/trehalose/MMETSP0697_clean.csv,0,0,0,0,0,0,0,1,0,0,0,0,0
kofamscan/ko_tables/trehalose/MMETSP0228_clean.csv,0,0,0,0,0,0,0,1,0,0,0,0,1
kofamscan/ko_tables/trehalose/MMETSP0725_clean.csv,0,0,0,0,0,0,0,1,0,0,0,0,0
kofamscan/ko_tables/trehalose/MMETSP0492_clean.csv,0,0,0,0,0,0,0,0,0,0,0,0,0
kofamscan/ko_tables/trehalose/MMETSP1065_clean.csv,0,0,0,0,0,0,0,1,0,0,0,0,0
kofamscan/ko_tables/trehalose/MMETSP1006_clean.csv,0,0,0,0,0,0,0,0,0,0,0,0,1
kofamscan/ko_tables/trehalose/MMETSP0143_clean.csv,0,1,0,0,0,0,0,1,0,0,0,1,0
kofamscan/ko_tables/trehalose/MMETSP1033_clean.csv,0,0,0,0,0,0,0,1,0,0,0,0,0
kofamscan/ko_tables/trehalose/MMETSP0974_clean.csv,0,1,0,0,0,0,0,1,0,0,0,1,1
kofamscan/ko_tables/trehalose/MMETSP1147_clean.csv,0,0,0,0,0,0,0,0,0,0,0,0,0
kofamscan/ko_tables/trehalose/MMETSP1404_clean.csv,0,1,0,0,0,0,0,1,0,0,0,1,1
kofamscan/ko_tables/trehalose/MMETSP1048_clean.csv,0,0,0,0,0,0,0,0,0,0,0,0,0
kofamscan/ko_tables/trehalose/MMETSP0970_clean.csv,0,0,0,0,0,0,0,0,0,0,0,0,0
kofamscan/ko_tables/trehalose/MMETSP0747_clean.csv,0,0,0,0,0,0,0,1,0,0,0,0,0
kofamscan/ko_tables/trehalose/MMETSP0020_clean.csv,0,0,0,0,0,0,0,0,0,0,0,0,0
kofamscan/ko_tables/trehalose/MMETSP0019_clean.csv,0,0,0,0,0,0,0,0,0,0,0,0,0
kofamscan/ko_tables/trehalose/MMETSP0216_clean.csv,0,0,0,0,0,0,0,1,0,0,0,1,0
kofamscan/ko_tables/trehalose/MMETSP1170_clean.csv,0,0,0,0,0,0,0,0,0,0,0,0,1
kofamscan/ko_tables/trehalose/MMETSP0031_clean.csv,0,0,0,0,0,0,0,0,0,0,0,0,1
kofamscan/ko_tables/trehalose/MMETSP1328_clean.csv,0,0,0,0,0,0,0,1,0,0,0,1,0
kofamscan/ko_tables/trehalose/MMETSP1175_clean.csv,0,0,0,0,0,0,0,1,0,0,0,0,0
kofamscan/ko_tables/trehalose/MMETSP0985_clean.csv,0,0,0,0,0,0,0,1,0,0,0,0,0
kofamscan/ko_tables/trehalose/MMETSP0936_clean.csv,0,1,0,0,0,0,0,1,0,0,0,0,1
kofamscan/ko_tables/trehalose/MMETSP1129_clean.csv,0,1,0,0,0,0,0,1,0,0,0,1,1
kofamscan/ko_tables/trehalose/MMETSP1102_clean.csv,0,0,0,0,0,0,0,0,0,0,0,0,0
kofamscan/ko_tables/trehalose/MMETSP0232_clean.csv,0,1,0,0,0,0,0,1,0,0,0,0,1
kofamscan/ko_tables/trehalose/MMETSP0127_clean.csv,0,0,0,0,0,0,0,0,0,0,0,0,0
kofamscan/ko_tables/trehalose/MMETSP0491_clean.csv,0,1,0,0,0,0,0,1,0,0,0,1,1
kofamscan/ko_tables/trehalose/MMETSP0167_clean.csv,0,0,0,0,0,0,0,1,0,0,0,0,0
kofamscan/ko_tables/trehalose/MMETSP1335_clean.csv,0,0,0,0,0,0,0,0,0,0,0,1,0
kofamscan/ko_tables/trehalose/MMETSP0897_clean.csv,0,0,0,0,0,0,0,0,0,0,0,1,0
kofamscan/ko_tables/trehalose/MMETSP0708_clean.csv,0,0,0,0,0,0,0,0,0,0,0,0,0
kofamscan/ko_tables/trehalose/MMETSP0528_clean.csv,0,0,0,0,0,0,0,1,0,0,0,0,1
kofamscan/ko_tables/trehalose/MMETSP0101_clean.csv,0,1,0,0,0,0,0,1,0,0,0,1,1
kofamscan/ko_tables/trehalose/MMETSP0235_clean.csv,0,1,0,0,0,0,0,1,0,0,0,0,0
kofamscan/ko_tables/trehalose/MMETSP0196_clean.csv,0,0,0,0,0,0,0,0,0,0,0,0,0
kofamscan/ko_tables/trehalose/MMETSP0752_clean.csv,0,0,0,0,0,0,0,1,0,0,0,0,0
kofamscan/ko_tables/trehalose/MMETSP0948_clean.csv,0,0,0,0,0,0,0,1,0,0,0,1,1
kofamscan/ko_tables/trehalose/MMETSP0648_clean.csv,0,0,0,0,0,1,0,0,0,0,0,0,1
kofamscan/ko_tables/trehalose/MMETSP0905_clean.csv,0,0,0,0,0,0,0,1,0,0,0,0,0
kofamscan/ko_tables/trehalose/MMETSP1164_clean.csv,0,0,0,0,0,0,0,0,0,0,0,1,1
kofamscan/ko_tables/trehalose/MMETSP0190_clean.csv,0,0,0,0,0,0,0,0,0,0,0,0,0
kofamscan/ko_tables/trehalose/MMETSP0161_clean.csv,0,0,0,0,0,0,0,0,0,0,0,0,1
kofamscan/ko_tables/trehalose/MMETSP0090_clean.csv,0,0,0,0,0,0,0,1,0,0,0,0,0
kofamscan/ko_tables/trehalose/MMETSP0895_clean.csv,0,0,0,0,0,0,0,1,0,0,0,1,1
kofamscan/ko_tables/trehalose/MMETSP0946_clean.csv,0,0,0,0,0,0,0,1,0,0,0,1,1
kofamscan/ko_tables/trehalose/MMETSP0943_clean.csv,0,0,0,0,0,0,0,1,0,0,0,1,1
kofamscan/ko_tables/trehalose/MMETSP0439_clean.csv,0,0,0,0,0,0,0,1,0,0,0,0,1
kofamscan/ko_tables/trehalose/MMETSP0053_clean.csv,0,0,0,0,0,0,0,1,0,0,0,0,0
kofamscan/ko_tables/trehalose/MMETSP0030_clean.csv,0,0,0,0,0,1,0,0,0,0,0,0,1
kofamscan/ko_tables/trehalose/MMETSP0886_clean.csv,0,1,0,0,0,0,0,1,0,0,0,1,1
kofamscan/ko_tables/trehalose/MMETSP0735_clean.csv,0,0,0,0,0,0,0,1,0,0,0,0,0
kofamscan/ko_tables/trehalose/MMETSP1423_clean.csv,0,0,0,0,0,0,0,1,0,0,0,0,0
kofamscan/ko_tables/trehalose/MMETSP1356_clean.csv,0,0,0,0,0,0,0,0,0,0,0,0,0
kofamscan/ko_tables/trehalose/MMETSP1451_clean.csv,0,0,0,0,0,0,0,1,0,0,0,0,1
kofamscan/ko_tables/trehalose/MMETSP1334_clean.csv,0,1,0,0,0,0,0,1,0,0,0,1,1
kofamscan/ko_tables/trehalose/MMETSP1327_clean.csv,0,0,0,0,0,0,0,1,0,0,0,0,1
kofamscan/ko_tables/trehalose/MMETSP1116_clean.csv,0,0,0,0,0,0,0,0,0,0,0,0,0
kofamscan/ko_tables/trehalose/MMETSP0313_clean.csv,0,1,0,0,0,0,0,1,0,0,0,1,1
kofamscan/ko_tables/trehalose/MMETSP0580_clean.csv,0,0,0,0,0,0,0,1,0,0,0,0,0
kofamscan/ko_tables/trehalose/MMETSP0315_clean.csv,0,0,0,0,0,0,0,1,0,0,0,0,0
kofamscan/ko_tables/trehalose/MMETSP0958_clean.csv,0,0,0,0,0,0,0,0,0,0,0,0,0
kofamscan/ko_tables/trehalose/MMETSP0915_clean.csv,0,0,0,0,0,0,0,1,0,0,0,1,1
kofamscan/ko_tables/trehalose/MMETSP1167_clean.csv,0,0,0,0,0,0,0,0,0,0,0,0,0
kofamscan/ko_tables/trehalose/MMETSP1468_clean.csv,0,0,0,0,0,0,0,0,0,0,0,1,0
kofamscan/ko_tables/trehalose/MMETSP0806_clean.csv,0,1,0,0,0,0,0,1,0,0,0,1,1
kofamscan/ko_tables/trehalose/MMETSP0903_clean.csv,0,0,0,0,0,0,0,1,0,0,0,0,0
kofamscan/ko_tables/trehalose/MMETSP1391_clean.csv,0,0,0,0,0,0,0,1,0,0,0,1,0
kofamscan/ko_tables/trehalose/MMETSP1142_clean.csv,0,0,0,0,0,0,0,0,0,0,0,0,0
kofamscan/ko_tables/trehalose/MMETSP0369_clean.csv,0,0,0,0,0,0,0,1,0,0,0,0,1
kofamscan/ko_tables/trehalose/MMETSP0414_clean.csv,0,0,0,0,0,0,0,0,0,0,0,1,0
kofamscan/ko_tables/trehalose/MMETSP1138_clean.csv,0,0,0,0,0,0,0,0,0,0,0,1,0
kofamscan/ko_tables/trehalose/MMETSP0707_clean.csv,0,0,0,0,0,0,0,1,0,0,0,0,0
kofamscan/ko_tables/trehalose/MMETSP0314_clean.csv,0,0,0,0,0,0,0,1,0,0,0,0,0
kofamscan/ko_tables/trehalose/MMETSP1410_clean.csv,0,0,0,0,0,0,0,1,0,0,0,0,0
kofamscan/ko_tables/trehalose/MMETSP0152_clean.csv,0,0,0,0,0,0,0,1,0,0,0,0,0
kofamscan/ko_tables/trehalose/MMETSP0321_clean.csv,0,0,0,0,0,0,0,1,0,0,0,0,0
kofamscan/ko_tables/trehalose/MMETSP0201_clean.csv,0,0,0,0,0,0,0,1,0,0,0,0,1
kofamscan/ko_tables/trehalose/MMETSP0882_clean.csv,0,0,0,0,0,0,0,1,0,0,0,1,1
kofamscan/ko_tables/trehalose/MMETSP1456_clean.csv,0,1,0,0,0,0,0,1,0,0,0,1,0
kofamscan/ko_tables/trehalose/MMETSP0503_clean.csv,0,0,0,0,0,0,0,0,0,0,0,0,0
kofamscan/ko_tables/trehalose/MMETSP0158_clean.csv,0,0,0,0,0,0,0,1,0,0,0,0,0
kofamscan/ko_tables/trehalose/MMETSP0463_clean.csv,0,0,0,0,0,0,0,0,0,0,0,0,0
kofamscan/ko_tables/trehalose/MMETSP0804_clean.csv,0,1,0,0,0,0,0,1,0,0,0,1,1
kofamscan/ko_tables/trehalose/MMETSP1424_clean.csv,0,0,0,0,0,0,0,0,0,0,0,0,1
kofamscan/ko_tables/trehalose/MMETSP0325_clean.csv,0,1,0,0,0,0,0,1,0,0,0,0,1
kofamscan/ko_tables/trehalose/MMETSP1009_clean.csv,0,0,0,0,0,0,0,0,0,0,0,0,1
kofamscan/ko_tables/trehalose/MMETSP1094_clean.csv,0,0,0,0,0,0,0,0,0,0,0,1,1
kofamscan/ko_tables/trehalose/MMETSP0370_clean.csv,0,0,0,0,0,0,0,1,0,0,0,0,0
kofamscan/ko_tables/trehalose/MMETSP0405_clean.csv,0,0,0,0,0,0,0,0,0,0,0,0,1
kofamscan/ko_tables/trehalose/MMETSP0009_clean.csv,0,0,0,0,0,0,0,1,0,0,0,0,0
kofamscan/ko_tables/trehalose/MMETSP1034_clean.csv,0,0,0,0,0,0,0,1,0,0,0,0,0
kofamscan/ko_tables/trehalose/MMETSP0448_clean.csv,0,0,0,0,0,0,0,1,0,0,0,0,0
kofamscan/ko_tables/trehalose/MMETSP0982_clean.csv,0,0,0,0,0,0,0,1,0,0,0,0,0
kofamscan/ko_tables/trehalose/MMETSP0758_clean.csv,0,0,0,0,0,0,1,0,0,0,0,0,0
kofamscan/ko_tables/trehalose/MMETSP1084_clean.csv,0,1,0,0,0,0,0,1,0,0,0,0,1
kofamscan/ko_tables/trehalose/MMETSP1339_clean.csv,0,0,0,0,0,0,0,0,0,0,0,0,0
kofamscan/ko_tables/trehalose/MMETSP0164_clean.csv,0,0,0,0,0,0,0,0,0,0,0,1,0
kofamscan/ko_tables/trehalose/MMETSP0740_clean.csv,0,0,0,0,0,0,0,0,0,0,0,0,0
kofamscan/ko_tables/trehalose/MMETSP0268_clean.csv,0,0,0,0,0,0,0,1,0,0,0,0,0
kofamscan/ko_tables/trehalose/MMETSP1309_clean.csv,0,0,0,0,0,0,0,1,0,0,0,1,0
kofamscan/ko_tables/trehalose/MMETSP0287_clean.csv,0,1,0,0,0,0,0,1,0,0,0,1,1
kofamscan/ko_tables/trehalose/MMETSP0884_clean.csv,0,1,0,0,0,0,0,1,0,0,0,1,1
kofamscan/ko_tables/trehalose/MMETSP1163_clean.csv,0,1,0,0,0,0,0,1,0,0,0,0,1
kofamscan/ko_tables/trehalose/MMETSP0997_clean.csv,0,0,0,0,0,0,0,0,0,0,0,1,1
kofamscan/ko_tables/trehalose/MMETSP1136_clean.csv,0,1,0,0,0,0,0,1,0,0,0,1,0
kofamscan/ko_tables/trehalose/MMETSP0384_clean.csv,0,0,0,0,0,0,0,1,0,0,0,0,1
kofamscan/ko_tables/trehalose/MMETSP0989_clean.csv,0,0,0,0,0,0,0,0,0,0,0,0,0
kofamscan/ko_tables/trehalose/MMETSP0191_clean.csv,0,0,0,0,0,0,0,0,0,0,0,0,0
kofamscan/ko_tables/trehalose/MMETSP0043_clean.csv,0,0,0,0,0,0,0,0,0,0,0,0,0
kofamscan/ko_tables/trehalose/MMETSP1124_clean.csv,0,0,0,0,0,0,0,0,0,0,0,0,0
kofamscan/ko_tables/trehalose/MMETSP1311_clean.csv,0,0,0,0,0,0,0,0,0,0,0,0,0
kofamscan/ko_tables/trehalose/MMETSP0319_clean.csv,0,0,0,0,0,0,0,1,0,0,0,0,0
kofamscan/ko_tables/trehalose/MMETSP0045_clean.csv,0,0,0,0,0,0,0,0,0,0,0,1,1
kofamscan/ko_tables/trehalose/MMETSP1166_clean.csv,0,0,0,0,0,0,0,0,0,0,0,0,1
kofamscan/ko_tables/trehalose/MMETSP1440_clean.csv,0,1,0,0,0,0,0,1,0,0,0,0,0
kofamscan/ko_tables/trehalose/MMETSP1071_clean.csv,0,0,0,0,0,0,0,1,0,0,0,0,0
kofamscan/ko_tables/trehalose/MMETSP0850_clean.csv,0,0,0,0,0,0,0,0,0,0,0,0,0
kofamscan/ko_tables/trehalose/MMETSP0113_clean.csv,0,0,0,0,0,0,0,1,0,0,0,1,0
kofamscan/ko_tables/trehalose/MMETSP1180_clean.csv,0,0,0,0,0,0,0,1,0,0,0,1,0
kofamscan/ko_tables/trehalose/MMETSP0103_clean.csv,0,0,0,0,0,0,0,0,0,0,0,0,0
kofamscan/ko_tables/trehalose/MMETSP0126_clean.csv,0,0,0,0,0,0,0,0,0,0,0,0,0
kofamscan/ko_tables/trehalose/MMETSP1354_clean.csv,0,1,0,0,0,0,0,1,0,0,0,1,1
kofamscan/ko_tables/trehalose/MMETSP0468_clean.csv,0,0,0,0,0,0,0,0,0,0,0,0,1
kofamscan/ko_tables/trehalose/MMETSP0954_clean.csv,0,1,0,0,0,0,0,1,0,0,0,1,0
kofamscan/ko_tables/trehalose/MMETSP1054_clean.csv,0,0,0,0,0,0,0,1,0,0,0,1,1
kofamscan/ko_tables/trehalose/MMETSP0397_clean.csv,0,0,0,0,0,0,0,0,0,0,0,0,0
kofamscan/ko_tables/trehalose/MMETSP1122_clean.csv,0,0,0,0,0,0,0,1,0,0,0,0,0
kofamscan/ko_tables/trehalose/MMETSP1320_clean.csv,0,0,0,0,0,0,0,0,0,0,0,0,0
kofamscan/ko_tables/trehalose/MMETSP1081_clean.csv,0,0,0,0,0,0,0,0,0,0,0,1,0
kofamscan/ko_tables/trehalose/MMETSP0206_clean.csv,0,0,0,0,0,0,0,0,0,0,0,0,0
kofamscan/ko_tables/trehalose/MMETSP0039_clean.csv,0,1,1,0,0,0,0,1,0,0,0,0,0
kofamscan/ko_tables/trehalose/MMETSP0815_clean.csv,0,1,0,0,0,0,0,1,0,0,0,1,1
kofamscan/ko_tables/trehalose/MMETSP0040_clean.csv,0,0,0,0,0,0,0,0,0,0,0,1,0
kofamscan/ko_tables/trehalose/MMETSP0359_clean.csv,0,0,0,0,0,0,0,1,0,0,0,0,1
kofamscan/ko_tables/trehalose/MMETSP0784_clean.csv,0,1,0,0,0,0,0,1,0,0,0,0,1
kofamscan/ko_tables/trehalose/MMETSP0223_clean.csv,0,0,0,0,0,0,0,0,0,0,0,0,0
kofamscan/ko_tables/trehalose/MMETSP1386_clean.csv,0,1,0,0,0,0,0,1,0,0,0,0,1
kofamscan/ko_tables/trehalose/MMETSP0785_clean.csv,0,0,0,0,0,0,0,0,0,0,0,0,0
kofamscan/ko_tables/trehalose/MMETSP0892_clean.csv,0,0,0,0,0,0,0,1,0,0,0,1,1
kofamscan/ko_tables/trehalose/MMETSP1393_clean.csv,0,1,0,0,0,0,0,1,0,0,0,0,0
kofamscan/ko_tables/trehalose/MMETSP0945_clean.csv,0,0,0,0,0,0,0,1,0,0,0,1,1
kofamscan/ko_tables/trehalose/MMETSP1075_clean.csv,0,0,0,0,0,0,0,1,0,0,0,0,1
kofamscan/ko_tables/trehalose/MMETSP1131_clean.csv,0,0,0,0,0,0,0,0,0,0,0,0,0
kofamscan/ko_tables/trehalose/MMETSP0327_clean.csv,0,0,0,0,0,0,0,1,0,0,0,0,0
kofamscan/ko_tables/trehalose/MMETSP1325_clean.csv,0,0,0,0,0,0,0,0,0,0,0,0,0
kofamscan/ko_tables/trehalose/MMETSP1428_clean.csv,0,0,0,0,0,0,0,1,0,0,0,0,0
kofamscan/ko_tables/trehalose/MMETSP0225_clean.csv,0,0,0,0,0,0,0,0,0,0,0,0,0
kofamscan/ko_tables/trehalose/MMETSP0329_clean.csv,0,0,0,0,0,0,0,1,0,0,0,0,0
kofamscan/ko_tables/trehalose/MMETSP1162_clean.csv,0,1,0,0,0,0,0,1,0,0,0,1,0
kofamscan/ko_tables/trehalose/MMETSP0739_clean.csv,0,0,0,0,0,0,0,1,0,0,0,0,0
kofamscan/ko_tables/trehalose/MMETSP0416_clean.csv,0,0,0,0,0,0,0,0,0,0,0,1,1
kofamscan/ko_tables/trehalose/MMETSP1347_clean.csv,0,0,0,0,0,0,0,0,0,0,0,1,1
kofamscan/ko_tables/trehalose/MMETSP0205_clean.csv,0,0,0,0,0,0,0,0,0,0,0,0,0
kofamscan/ko_tables/trehalose/MMETSP1414_clean.csv,0,0,0,0,0,0,0,1,0,0,0,0,0
kofamscan/ko_tables/trehalose/MMETSP0888_clean.csv,0,1,0,0,0,0,0,1,0,0,0,1,1
kofamscan/ko_tables/trehalose/MMETSP0052_clean.csv,0,0,0,0,0,0,0,1,0,0,0,1,1
kofamscan/ko_tables/trehalose/MMETSP0018_clean.csv,0,0,0,0,0,0,0,0,0,0,0,0,0
kofamscan/ko_tables/trehalose/MMETSP0008_clean.csv,0,1,0,0,0,0,0,1,0,0,0,1,1
kofamscan/ko_tables/trehalose/MMETSP1346_clean.csv,0,1,0,0,0,0,0,1,0,0,0,1,1
kofamscan/ko_tables/trehalose/MMETSP0233_clean.csv,0,1,0,0,0,0,0,1,0,0,0,0,0
kofamscan/ko_tables/trehalose/MMETSP0118_clean.csv,0,0,0,0,0,0,0,1,0,0,0,0,1
kofamscan/ko_tables/trehalose/MMETSP1141_clean.csv,0,0,0,0,0,0,0,0,0,0,0,0,0
kofamscan/ko_tables/trehalose/MMETSP0208_clean.csv,0,0,0,0,0,0,0,0,0,0,0,0,0
kofamscan/ko_tables/trehalose/MMETSP0883_clean.csv,0,0,0,0,0,0,0,1,0,0,0,1,1
kofamscan/ko_tables/trehalose/MMETSP0918_clean.csv,0,0,0,0,0,0,0,0,0,0,0,0,0
kofamscan/ko_tables/trehalose/MMETSP1015_clean.csv,0,1,0,0,0,0,0,1,0,0,0,0,1
kofamscan/ko_tables/trehalose/MMETSP0147_clean.csv,0,0,0,0,0,0,0,1,0,0,0,1,0
kofamscan/ko_tables/trehalose/MMETSP0959_clean.csv,0,0,0,0,0,0,0,0,0,0,0,0,0
kofamscan/ko_tables/trehalose/MMETSP1067_clean.csv,0,0,0,0,0,0,0,1,0,0,0,0,0
kofamscan/ko_tables/trehalose/MMETSP1091_clean.csv,0,0,0,0,0,0,0,0,0,0,0,0,0
kofamscan/ko_tables/trehalose/MMETSP0013_clean.csv,0,0,0,0,0,0,0,1,0,0,0,0,0
kofamscan/ko_tables/trehalose/MMETSP1385_clean.csv,0,0,0,0,0,1,0,0,0,0,0,0,1
kofamscan/ko_tables/trehalose/MMETSP0253_clean.csv,0,0,0,0,0,0,0,1,0,0,0,0,1
kofamscan/ko_tables/trehalose/MMETSP1139_clean.csv,0,0,0,0,0,0,0,1,0,0,0,1,1
kofamscan/ko_tables/trehalose/MMETSP1348_clean.csv,0,0,0,0,0,0,0,1,0,0,0,1,1
kofamscan/ko_tables/trehalose/MMETSP0995_clean.csv,0,0,0,0,0,0,0,1,0,0,0,1,1
kofamscan/ko_tables/trehalose/MMETSP0420_clean.csv,0,0,0,0,0,0,1,0,0,0,0,0,0
kofamscan/ko_tables/trehalose/MMETSP0324_clean.csv,0,1,0,0,0,0,0,1,0,0,0,0,1
kofamscan/ko_tables/trehalose/MMETSP1318_clean.csv,0,0,0,0,0,0,0,0,0,0,0,1,0
kofamscan/ko_tables/trehalose/MMETSP1453_clean.csv,0,0,0,0,0,0,0,0,0,0,0,0,0
kofamscan/ko_tables/trehalose/MMETSP1037_clean.csv,0,0,0,0,0,0,0,1,0,0,0,0,0
kofamscan/ko_tables/trehalose/MMETSP1085_clean.csv,0,1,0,0,0,0,0,1,0,0,0,1,1
kofamscan/ko_tables/trehalose/MMETSP0119_clean.csv,0,0,0,0,0,0,0,0,0,0,0,0,1
kofamscan/ko_tables/trehalose/MMETSP1060_clean.csv,0,0,0,0,0,0,0,1,0,0,0,0,0
kofamscan/ko_tables/trehalose/MMETSP0447_clean.csv,0,1,0,0,0,0,0,1,0,0,0,0,1
kofamscan/ko_tables/trehalose/MMETSP0906_clean.csv,0,0,0,0,0,0,0,0,0,0,0,0,0
kofamscan/ko_tables/trehalose/MMETSP0937_clean.csv,0,1,0,0,0,0,0,1,0,0,0,0,1
kofamscan/ko_tables/trehalose/MMETSP0146_clean.csv,0,0,0,0,0,0,0,1,0,0,0,1,0
kofamscan/ko_tables/trehalose/MMETSP0367_clean.csv,0,0,0,0,0,0,0,1,0,0,0,0,1
kofamscan/ko_tables/trehalose/MMETSP0885_clean.csv,0,0,0,0,0,0,0,1,0,0,0,1,1
kofamscan/ko_tables/trehalose/MMETSP1358_clean.csv,0,0,0,0,0,0,0,0,0,0,0,1,1
kofamscan/ko_tables/trehalose/MMETSP0745_clean.csv,0,0,0,0,0,0,0,0,0,0,0,0,0
kofamscan/ko_tables/trehalose/MMETSP0975_clean.csv,0,1,0,0,0,0,0,1,0,0,0,1,1
kofamscan/ko_tables/trehalose/MMETSP0754_clean.csv,0,0,0,0,0,0,0,1,0,0,0,0,0
kofamscan/ko_tables/trehalose/MMETSP0224_clean.csv,0,0,0,0,0,0,0,1,0,0,0,0,1
kofamscan/ko_tables/trehalose/MMETSP0965_clean.csv,0,0,0,0,0,0,0,0,0,0,0,0,0
kofamscan/ko_tables/trehalose/MMETSP0186_clean.csv,0,0,0,0,0,0,0,0,0,0,0,0,0
kofamscan/ko_tables/trehalose/MMETSP1470_clean.csv,0,0,0,0,0,0,0,1,0,0,0,1,0
kofamscan/ko_tables/trehalose/MMETSP0913_clean.csv,0,0,0,0,0,0,0,0,0,0,0,0,0
kofamscan/ko_tables/trehalose/MMETSP0437_clean.csv,0,0,0,0,0,0,0,0,0,0,0,0,1
kofamscan/ko_tables/trehalose/MMETSP0102_clean.csv,0,0,0,0,0,0,0,0,0,0,0,0,1
kofamscan/ko_tables/trehalose/MMETSP1103_clean.csv,0,0,0,0,0,0,0,0,0,0,0,0,1
kofamscan/ko_tables/trehalose/MMETSP0689_clean.csv,0,0,0,0,0,0,0,1,0,0,0,0,0
kofamscan/ko_tables/trehalose/MMETSP0436_clean.csv,0,0,0,0,0,0,0,0,0,0,0,0,0
kofamscan/ko_tables/trehalose/MMETSP0055_clean.csv,0,0,0,0,0,0,0,0,0,0,0,0,0
kofamscan/ko_tables/trehalose/MMETSP1126_clean.csv,0,1,0,0,0,0,0,1,0,0,0,1,0
kofamscan/ko_tables/trehalose/MMETSP0992_clean.csv,0,0,0,0,0,0,0,0,0,0,0,0,1
kofamscan/ko_tables/trehalose/MMETSP0451_clean.csv,0,0,0,0,0,0,0,0,0,0,0,0,0
kofamscan/ko_tables/trehalose/MMETSP0996_clean.csv,0,0,0,0,0,0,0,1,0,0,0,1,1
kofamscan/ko_tables/trehalose/MMETSP1460_clean.csv,0,1,0,0,0,0,0,1,0,0,0,0,1
kofamscan/ko_tables/trehalose/MMETSP0853_clean.csv,0,0,0,0,0,0,0,0,0,0,0,0,0
kofamscan/ko_tables/trehalose/MMETSP0296_clean.csv,0,0,0,0,0,0,0,0,0,0,0,1,1
kofamscan/ko_tables/trehalose/MMETSP0977_clean.csv,0,1,0,0,0,0,0,1,0,0,0,1,1
kofamscan/ko_tables/trehalose/MMETSP0809_clean.csv,0,1,1,0,0,0,0,1,0,0,0,0,0
kofamscan/ko_tables/trehalose/MMETSP0851_clean.csv,0,0,0,0,0,0,0,1,0,0,0,0,0
kofamscan/ko_tables/trehalose/MMETSP1317_clean.csv,0,0,0,0,0,0,0,0,0,0,0,0,0
kofamscan/ko_tables/trehalose/MMETSP0034_clean.csv,0,1,0,0,0,0,0,1,0,0,0,1,1
kofamscan/ko_tables/trehalose/MMETSP1001_clean.csv,0,0,0,0,0,0,0,0,0,0,0,0,0
kofamscan/ko_tables/trehalose/MMETSP0649_clean.csv,0,0,0,0,0,0,0,0,0,0,0,0,1
kofamscan/ko_tables/trehalose/MMETSP0269_clean.csv,0,0,0,0,0,0,0,0,0,0,0,0,0
kofamscan/ko_tables/trehalose/MMETSP0168_clean.csv,0,0,0,0,0,0,0,0,0,0,0,0,1
kofamscan/ko_tables/trehalose/MMETSP1392_clean.csv,0,0,0,0,0,0,0,1,0,0,0,1,1
kofamscan/ko_tables/trehalose/MMETSP0361_clean.csv,0,0,0,0,0,0,0,1,0,0,0,0,1
kofamscan/ko_tables/trehalose/MMETSP1008_clean.csv,0,0,0,0,0,0,0,0,0,0,0,1,1
kofamscan/ko_tables/trehalose/MMETSP0494_clean.csv,0,0,0,0,0,0,0,1,0,0,0,0,0
kofamscan/ko_tables/trehalose/MMETSP0563_clean.csv,0,0,0,0,0,0,0,0,0,0,0,0,0
kofamscan/ko_tables/trehalose/MMETSP1344_clean.csv,0,0,0,0,0,0,0,1,0,0,0,1,0
kofamscan/ko_tables/trehalose/MMETSP0917_clean.csv,0,0,0,0,0,0,0,0,0,0,0,1,0
kofamscan/ko_tables/trehalose/MMETSP1017_clean.csv,0,0,0,0,0,0,0,1,0,0,0,0,1
kofamscan/ko_tables/trehalose/MMETSP0902_clean.csv,0,0,0,0,0,0,0,1,0,0,0,0,0
kofamscan/ko_tables/trehalose/MMETSP0933_clean.csv,0,1,0,0,0,0,0,1,0,0,0,1,1
kofamscan/ko_tables/trehalose/MMETSP0290_clean.csv,0,0,0,0,0,0,0,1,0,0,0,0,0
kofamscan/ko_tables/trehalose/MMETSP1475_clean.csv,0,0,0,0,0,0,0,1,0,0,0,0,0
kofamscan/ko_tables/trehalose/MMETSP0042_clean.csv,0,1,0,0,0,0,0,1,0,0,0,1,1
kofamscan/ko_tables/trehalose/MMETSP0604_clean.csv,0,0,0,0,0,0,0,1,0,0,0,0,0
kofamscan/ko_tables/trehalose/MMETSP0292_clean.csv,0,1,0,0,0,0,0,1,0,0,0,1,1
kofamscan/ko_tables/trehalose/MMETSP0017_clean.csv,0,0,0,0,0,0,0,1,0,0,0,0,0
kofamscan/ko_tables/trehalose/MMETSP0961_clean.csv,0,0,0,0,0,0,0,0,0,0,0,0,0
kofamscan/ko_tables/trehalose/MMETSP0213_clean.csv,0,0,0,0,0,0,0,0,0,0,0,0,0
kofamscan/ko_tables/trehalose/MMETSP0005_clean.csv,0,0,0,0,0,0,0,0,0,0,0,0,1
kofamscan/ko_tables/trehalose/MMETSP1082_clean.csv,0,1,0,0,0,0,0,1,0,0,0,0,1
kofamscan/ko_tables/trehalose/MMETSP1110_clean.csv,0,0,0,0,0,0,0,1,0,0,0,0,1
kofamscan/ko_tables/trehalose/MMETSP0154_clean.csv,0,0,0,0,0,0,0,1,0,0,0,0,0
kofamscan/ko_tables/trehalose/MMETSP0713_clean.csv,0,0,0,0,0,0,0,1,0,0,0,0,0
kofamscan/ko_tables/trehalose/MMETSP1036_clean.csv,0,0,0,0,0,0,0,1,0,0,0,0,0
kofamscan/ko_tables/trehalose/MMETSP1062_clean.csv,0,0,0,0,0,0,0,1,0,0,0,0,0
kofamscan/ko_tables/trehalose/MMETSP1467_clean.csv,0,0,0,0,0,0,0,0,0,0,0,1,1
kofamscan/ko_tables/trehalose/MMETSP1068_clean.csv,0,0,0,0,0,0,0,0,0,0,0,1,0
kofamscan/ko_tables/trehalose/MMETSP0890_clean.csv,0,0,0,0,0,0,0,1,0,0,0,1,1
kofamscan/ko_tables/trehalose/MMETSP1387_clean.csv,0,1,0,0,0,0,0,1,0,0,0,1,1
kofamscan/ko_tables/trehalose/MMETSP1355_clean.csv,0,0,0,0,0,0,0,0,0,0,0,0,0
kofamscan/ko_tables/trehalose/MMETSP1059_clean.csv,0,0,0,0,0,0,0,1,0,0,0,0,0
kofamscan/ko_tables/trehalose/MMETSP1438_clean.csv,0,1,0,0,0,0,0,1,0,0,0,1,0
kofamscan/ko_tables/trehalose/MMETSP1409_clean.csv,0,0,0,0,0,0,0,1,0,0,0,0,0
kofamscan/ko_tables/trehalose/MMETSP0786_clean.csv,0,0,0,0,0,0,0,1,0,0,0,0,0
kofamscan/ko_tables/trehalose/MMETSP0744_clean.csv,0,0,0,0,0,0,0,0,0,0,0,0,0
kofamscan/ko_tables/trehalose/MMETSP1132_clean.csv,0,0,0,0,0,0,0,1,0,0,0,1,1
kofamscan/ko_tables/trehalose/MMETSP1471_clean.csv,0,0,0,0,0,0,0,1,0,0,0,1,0
kofamscan/ko_tables/trehalose/MMETSP0493_clean.csv,0,0,0,0,0,0,0,1,0,0,0,0,0
kofamscan/ko_tables/trehalose/MMETSP0038_clean.csv,0,0,0,0,0,0,0,0,0,0,0,0,0
kofamscan/ko_tables/trehalose/MMETSP1086_clean.csv,0,0,0,0,0,0,0,1,0,0,0,1,0
kofamscan/ko_tables/trehalose/MMETSP1338_clean.csv,0,0,0,0,0,0,0,1,0,0,0,0,0
kofamscan/ko_tables/trehalose/MMETSP0819_clean.csv,0,1,0,0,0,0,0,1,0,0,0,1,0
kofamscan/ko_tables/trehalose/MMETSP1446_clean.csv,0,0,0,0,0,0,0,1,0,0,0,1,1
kofamscan/ko_tables/trehalose/MMETSP0947_clean.csv,0,0,0,0,0,0,0,1,0,0,0,1,1
kofamscan/ko_tables/trehalose/MMETSP0097_clean.csv,0,0,0,0,0,0,0,1,0,0,0,0,1
kofamscan/ko_tables/trehalose/MMETSP1444_clean.csv,0,1,0,0,0,0,0,1,0,0,0,1,0
kofamscan/ko_tables/trehalose/MMETSP1160_clean.csv,0,1,0,0,0,0,0,1,0,0,0,0,1
kofamscan/ko_tables/trehalose/MMETSP0929_clean.csv,0,1,0,0,0,0,0,1,0,0,0,0,1
kofamscan/ko_tables/trehalose/MMETSP0270_clean.csv,0,0,0,0,0,0,0,1,0,0,0,0,0
kofamscan/ko_tables/trehalose/MMETSP0964_clean.csv,0,0,0,0,0,0,0,0,0,0,0,0,0
kofamscan/ko_tables/trehalose/MMETSP1449_clean.csv,0,0,0,0,0,0,0,1,0,0,0,0,0
kofamscan/ko_tables/trehalose/MMETSP1039_clean.csv,0,0,0,0,0,0,0,0,0,0,0,0,0
kofamscan/ko_tables/trehalose/MMETSP0799_clean.csv,0,0,0,0,0,0,0,0,0,0,0,0,0
kofamscan/ko_tables/trehalose/MMETSP1322_clean.csv,0,0,0,0,0,0,0,1,0,0,0,0,0
kofamscan/ko_tables/trehalose/MMETSP0176_clean.csv,0,0,0,0,0,0,0,0,0,0,0,0,0
kofamscan/ko_tables/trehalose/MMETSP0800_clean.csv,0,0,0,0,0,0,0,1,0,0,0,0,0
kofamscan/ko_tables/trehalose/MMETSP0986_clean.csv,0,0,0,0,0,0,0,0,0,0,0,0,0
kofamscan/ko_tables/trehalose/MMETSP0470_clean.csv,0,0,0,0,0,0,0,0,0,0,0,0,1
kofamscan/ko_tables/trehalose/MMETSP0984_clean.csv,0,0,0,0,0,0,0,1,0,0,0,0,0
kofamscan/ko_tables/trehalose/MMETSP0880_clean.csv,0,0,0,0,0,0,0,1,0,0,0,0,0
kofamscan/ko_tables/trehalose/MMETSP0932_clean.csv,0,1,0,0,0,0,0,1,0,0,0,0,1
kofamscan/ko_tables/trehalose/MMETSP0794_clean.csv,0,0,0,0,0,0,0,1,0,0,0,0,0
kofamscan/ko_tables/trehalose/MMETSP0059_clean.csv,0,0,0,0,0,0,0,1,0,1,0,1,0
kofamscan/ko_tables/trehalose/MMETSP1114_clean.csv,0,0,0,0,0,0,0,0,0,0,0,0,1
kofamscan/ko_tables/trehalose/MMETSP1472_clean.csv,0,0,0,0,0,0,0,0,0,0,0,1,0
kofamscan/ko_tables/trehalose/MMETSP1154_clean.csv,0,1,0,0,0,0,0,1,0,0,0,1,1
kofamscan/ko_tables/trehalose/MMETSP1159_clean.csv,0,0,0,0,0,0,0,1,0,0,0,1,0
kofamscan/ko_tables/trehalose/MMETSP1005_clean.csv,0,0,0,0,0,0,0,0,0,0,0,0,0
kofamscan/ko_tables/trehalose/MMETSP1336_clean.csv,0,0,0,0,0,0,0,1,0,0,0,0,1
kofamscan/ko_tables/trehalose/MMETSP0104_clean.csv,0,0,0,0,0,0,0,0,0,0,0,0,0
kofamscan/ko_tables/trehalose/MMETSP1436_clean.csv,0,0,0,0,0,0,0,0,0,0,0,0,0
kofamscan/ko_tables/trehalose/MMETSP1090_clean.csv,0,0,0,0,0,0,0,0,0,0,0,1,1
kofamscan/ko_tables/trehalose/MMETSP0198_clean.csv,0,0,0,0,0,0,0,0,0,0,0,0,0
kofamscan/ko_tables/trehalose/MMETSP0210_clean.csv,0,0,0,0,0,0,0,0,0,0,0,0,0
kofamscan/ko_tables/trehalose/MMETSP1150_clean.csv,0,0,0,0,0,0,0,1,0,0,0,1,1
kofamscan/ko_tables/trehalose/MMETSP1312_clean.csv,0,1,0,0,0,0,0,1,0,0,0,1,1
kofamscan/ko_tables/trehalose/MMETSP0112_clean.csv,0,0,0,0,0,0,0,1,0,0,0,1,0
kofamscan/ko_tables/trehalose/MMETSP0360_clean.csv,0,0,0,0,0,0,0,1,0,0,0,0,1
kofamscan/ko_tables/trehalose/MMETSP0419_clean.csv,0,1,0,0,0,0,0,1,0,0,0,1,1
kofamscan/ko_tables/trehalose/MMETSP0099_clean.csv,0,0,0,0,0,0,0,0,0,0,0,0,0
kofamscan/ko_tables/trehalose/MMETSP0960_clean.csv,0,0,0,0,0,0,0,0,0,0,0,0,0
kofamscan/ko_tables/trehalose/MMETSP1442_clean.csv,0,0,0,0,0,0,0,0,0,0,0,0,0
kofamscan/ko_tables/trehalose/MMETSP0173_clean.csv,0,1,0,0,0,0,0,1,0,0,0,0,1
kofamscan/ko_tables/trehalose/MMETSP1450_clean.csv,0,1,0,0,0,0,0,1,0,0,0,1,0
kofamscan/ko_tables/trehalose/MMETSP0322_clean.csv,0,0,0,0,0,0,0,1,0,0,0,0,0
kofamscan/ko_tables/trehalose/MMETSP0578_clean.csv,0,0,0,0,0,0,0,1,0,0,0,0,0
kofamscan/ko_tables/trehalose/MMETSP0810_clean.csv,0,1,1,0,0,0,0,1,0,0,0,0,0
kofamscan/ko_tables/trehalose/MMETSP0372_clean.csv,0,0,0,0,0,0,0,0,0,0,0,0,0
kofamscan/ko_tables/trehalose/MMETSP1061_clean.csv,0,0,0,0,0,0,0,1,0,0,0,0,0
kofamscan/ko_tables/trehalose/MMETSP1130_clean.csv,0,0,0,0,0,0,0,0,0,0,0,0,0
kofamscan/ko_tables/trehalose/MMETSP0063_clean.csv,0,1,0,0,0,0,0,1,0,0,0,1,0
kofamscan/ko_tables/trehalose/MMETSP1466_clean.csv,0,0,0,0,0,0,0,1,0,0,0,1,0
kofamscan/ko_tables/trehalose/MMETSP0323_clean.csv,0,0,0,0,0,0,0,0,0,0,0,0,1
kofamscan/ko_tables/trehalose/MMETSP1050_clean.csv,0,0,0,0,0,0,0,0,0,0,0,0,0
kofamscan/ko_tables/trehalose/MMETSP1101_clean.csv,0,0,0,0,0,0,0,0,0,0,0,0,1
kofamscan/ko_tables/trehalose/MMETSP0312_clean.csv,0,1,0,0,0,0,0,1,0,0,0,1,0
kofamscan/ko_tables/trehalose/MMETSP0889_clean.csv,0,1,0,0,0,0,0,1,0,0,0,1,1
kofamscan/ko_tables/trehalose/MMETSP0007_clean.csv,0,0,0,0,0,0,0,0,0,0,0,1,0
kofamscan/ko_tables/trehalose/MMETSP0271_clean.csv,0,0,0,0,0,0,0,1,0,0,0,0,0
kofamscan/ko_tables/trehalose/MMETSP1052_clean.csv,0,1,0,0,0,0,0,1,0,0,0,1,1
kofamscan/ko_tables/trehalose/MMETSP0737_clean.csv,0,0,0,0,0,0,0,1,0,0,0,0,0
kofamscan/ko_tables/trehalose/MMETSP0286_clean.csv,0,0,0,0,0,0,0,0,0,0,0,1,0
kofamscan/ko_tables/trehalose/MMETSP1125_clean.csv,0,0,0,0,0,0,0,1,0,0,0,0,0
kofamscan/ko_tables/trehalose/MMETSP0894_clean.csv,0,1,0,0,0,0,0,0,0,0,0,1,1
kofamscan/ko_tables/trehalose/MMETSP0699_clean.csv,0,0,0,0,0,0,0,1,0,0,0,0,0
kofamscan/ko_tables/trehalose/MMETSP0058_clean.csv,0,1,0,0,0,0,0,1,0,0,0,1,0
kofamscan/ko_tables/trehalose/MMETSP0696_clean.csv,0,0,0,0,0,0,0,1,0,0,0,0,0
kofamscan/ko_tables/trehalose/MMETSP1019_clean.csv,0,0,0,0,0,0,0,0,0,0,0,0,0
kofamscan/ko_tables/trehalose/MMETSP0093_clean.csv,0,0,0,0,0,0,0,1,0,0,0,0,0
kofamscan/ko_tables/trehalose/MMETSP1433_clean.csv,0,0,0,0,0,0,0,0,0,0,0,0,0
kofamscan/ko_tables/trehalose/MMETSP0736_clean.csv,0,0,0,0,0,0,0,1,0,0,0,0,0
kofamscan/ko_tables/trehalose/MMETSP0418_clean.csv,0,0,0,0,0,0,0,0,0,0,0,0,0
